[May 21 15:11:12] Asterisk 22.9.0 built by root @ buildkitsandbox on a x86_64 running Linux on 2026-05-06 10:04:55 UTC
[May 21 15:11:12] NOTICE[1] loader.c: 339 modules will be loaded.
[May 21 15:11:12] NOTICE[1] res_config_ldap.c: No directory user found, anonymous binding as default.
[May 21 15:11:12] ERROR[1] res_config_ldap.c: No directory URL or host found.
[May 21 15:11:12] ERROR[1] res_config_ldap.c: Cannot load LDAP RealTime driver.
[May 21 15:11:12] WARNING[1] res_config_pgsql.c: PostgreSQL RealTime: No database user found, using 'asterisk' as default.
[May 21 15:11:12] WARNING[1] res_config_pgsql.c: PostgreSQL RealTime: No database password found, using 'asterisk' as default.
[May 21 15:11:12] WARNING[1] res_config_pgsql.c: PostgreSQL RealTime: No database host found, using localhost via socket.
[May 21 15:11:12] WARNING[1] res_config_pgsql.c: PostgreSQL RealTime: No database name found, using 'asterisk' as default.
[May 21 15:11:12] WARNING[1] res_config_pgsql.c: PostgreSQL RealTime: No database port found, using 5432 as default.
[May 21 15:11:12] WARNING[1] res_config_pgsql.c: PostgreSQL RealTime: No database socket found, using '/tmp/.s.PGSQL.5432' as default.
[May 21 15:11:12] ERROR[1] res_config_pgsql.c: PostgreSQL RealTime: Failed to connect database asterisk on : 
[May 21 15:11:12] WARNING[1] res_config_pgsql.c: PostgreSQL RealTime: Couldn't establish connection. Check debug.
[May 21 15:11:13] NOTICE[1] cdr.c: CDR simple logging enabled.
[May 21 15:11:13] NOTICE[1] indications.c: Default country for indication tones: us
[May 21 15:11:13] NOTICE[1] indications.c: Setting default indication country to 'us'
[May 21 15:11:13] WARNING[1] res_musiconhold.c: No music on hold classes configured, disabling music on hold.
[May 21 15:11:13] NOTICE[1] res_smdi.c: No SMDI interfaces are available to listen on, not starting SMDI listener.
[May 21 15:11:13] WARNING[1] res_phoneprov.c: Unable to find a valid server address or name.
[May 21 15:11:14] NOTICE[1] confbridge/conf_config_parser.c: Adding default_menu menu to app_confbridge
[May 21 15:11:14] WARNING[1] cel_pgsql.c: CEL pgsql config file missing global section.
[May 21 15:11:14] NOTICE[1] cdr_pgsql.c: cdr_pgsql configuration contains no global section, skipping module load.
[May 21 15:11:14] NOTICE[1] cdrel_custom/config.c: cdr_custom.conf: Loaded 0 configs
[May 21 15:11:14] WARNING[1] config.c: parse error: No category context for line 64 of /etc/asterisk/cel_sqlite3_custom.conf
[May 21 15:11:14] ERROR[1] cdrel_custom/config.c: Unable to load cel_sqlite3_custom.conf. Not logging CELs to custom database
[May 21 15:11:14] NOTICE[1] cdrel_custom/config.c: cel_custom.conf: Loaded 0 configs
[May 21 15:11:14] NOTICE[1] cdrel_custom/config.c: cdr_sqlite3_custom.conf: Loaded 0 configs
[May 21 15:11:14] WARNING[1] ael/pval.c: Warning: file /etc/asterisk/extensions.ael, line 196-196: macro call to ael-dundi-e164 cannot be found in the AEL code!
[May 21 15:11:14] WARNING[1] ael/pval.c: Warning: file /etc/asterisk/extensions.ael, line 209-209: macro call to ael-dundi-e164 cannot be found in the AEL code!
[May 21 15:11:14] WARNING[1] ael/pval.c: Warning: file /etc/asterisk/extensions.ael, line 328-328: macro call to ael-std-exten-ael cannot be found in the AEL code!
[May 21 15:11:14] WARNING[1] loader.c: Some non-required modules failed to load.
[May 21 15:11:14] WARNING[1] loader.c: Module 'res_adsi' has been loaded but may be removed in a future release.
[May 21 15:11:14] WARNING[1] loader.c: Module 'app_getcpeid' has been loaded but may be removed in a future release.
[May 21 15:11:14] WARNING[1] loader.c: Module 'app_adsiprog' has been loaded but may be removed in a future release.
[May 21 15:11:14] ERROR[1] loader.c: Error loading module 'format_ogg_vorbis.so': libvorbisenc.so.2: cannot open shared object file: No such file or directory
[May 21 15:11:14] ERROR[1] loader.c: cdr_pgsql declined to load.
[May 21 15:11:14] ERROR[1] loader.c: cdr_custom declined to load.
[May 21 15:11:14] ERROR[1] loader.c: cel_sqlite3_custom declined to load.
[May 21 15:11:14] ERROR[1] loader.c: cel_custom declined to load.
[May 21 15:11:14] ERROR[1] loader.c: cdr_sqlite3_custom declined to load.
[May 21 15:11:14] WARNING[35] pbx_config.c: users.conf is deprecated and will be removed in a future version of Asterisk
[May 21 15:11:19] ERROR[56] res_pjsip.c: Endpoint '100': Could not create dialog to invalid URI '100'.  Is endpoint registered and reachable?
[May 21 15:11:19] ERROR[56] chan_pjsip.c: Failed to create outgoing session to endpoint '100'
[May 21 15:11:47] WARNING[144] res_http_websocket.c: Web socket closed abruptly
[May 21 15:11:47] WARNING[144] ari/ari_websockets.c: WebSocket read error: Success
[May 21 15:12:54] WARNING[187] res_http_websocket.c: Web socket closed abruptly
[May 21 15:12:54] WARNING[187] ari/ari_websockets.c: WebSocket read error: Success
[May 21 15:22:27] WARNING[966] stasis/app.c: Not creating context 'stasis-main-app' for Stasis application 'main-app' because it already exists
[May 21 15:23:09] WARNING[966] res_http_websocket.c: Web socket closed abruptly
[May 21 15:23:09] WARNING[966] ari/ari_websockets.c: WebSocket read error: Success
[May 21 15:26:57] ERROR[53] cdr_csv.c: Unable to open file /var/log/asterisk//cdr-csv//Master.csv : No such file or directory
[May 21 15:26:57] WARNING[53] cdr_csv.c: Unable to write CSV record to master '/var/log/asterisk//cdr-csv//Master.csv' : No such file or directory
[May 21 15:27:27] WARNING[1357] file.c: File hello-world does not exist in any format
[May 21 15:27:27] WARNING[1357] file.c: Unable to open hello-world (format (ulaw)): No such file or directory
[May 21 15:27:27] WARNING[1357] app_playback.c: Playback failed on PJSIP/100-00000002 for hello-world
[May 21 15:27:27] ERROR[53] cdr_csv.c: Unable to open file /var/log/asterisk//cdr-csv//Master.csv : No such file or directory
[May 21 15:27:27] WARNING[53] cdr_csv.c: Unable to write CSV record to master '/var/log/asterisk//cdr-csv//Master.csv' : No such file or directory
[May 21 15:34:27] WARNING[1916] file.c: File hello-world does not exist in any format
[May 21 15:34:27] WARNING[1916] file.c: Unable to open hello-world (format (ulaw)): No such file or directory
[May 21 15:34:27] WARNING[1916] app_playback.c: Playback failed on PJSIP/100-00000003 for hello-world
[May 21 15:34:27] ERROR[53] cdr_csv.c: Unable to open file /var/log/asterisk//cdr-csv//Master.csv : No such file or directory
[May 21 15:34:27] WARNING[53] cdr_csv.c: Unable to write CSV record to master '/var/log/asterisk//cdr-csv//Master.csv' : No such file or directory
[May 21 15:37:31] ERROR[53] cdr_csv.c: Unable to open file /var/log/asterisk//cdr-csv//Master.csv : No such file or directory
[May 21 15:37:31] WARNING[53] cdr_csv.c: Unable to write CSV record to master '/var/log/asterisk//cdr-csv//Master.csv' : No such file or directory
[May 21 15:38:03] ERROR[53] cdr_csv.c: Unable to open file /var/log/asterisk//cdr-csv//Master.csv : No such file or directory
[May 21 15:38:03] WARNING[53] cdr_csv.c: Unable to write CSV record to master '/var/log/asterisk//cdr-csv//Master.csv' : No such file or directory
[May 21 15:38:03] ERROR[53] cdr_csv.c: Unable to open file /var/log/asterisk//cdr-csv//Master.csv : No such file or directory
[May 21 15:38:03] WARNING[53] cdr_csv.c: Unable to write CSV record to master '/var/log/asterisk//cdr-csv//Master.csv' : No such file or directory
[May 21 15:38:41] Asterisk 22.9.0 built by root @ buildkitsandbox on a x86_64 running Linux on 2026-05-06 10:04:55 UTC
[May 21 15:38:41] NOTICE[1] loader.c: 339 modules will be loaded.
[May 21 15:38:43] NOTICE[1] res_config_ldap.c: No directory user found, anonymous binding as default.
[May 21 15:38:43] ERROR[1] res_config_ldap.c: No directory URL or host found.
[May 21 15:38:43] ERROR[1] res_config_ldap.c: Cannot load LDAP RealTime driver.
[May 21 15:38:43] WARNING[1] res_config_pgsql.c: PostgreSQL RealTime: No database user found, using 'asterisk' as default.
[May 21 15:38:43] WARNING[1] res_config_pgsql.c: PostgreSQL RealTime: No database password found, using 'asterisk' as default.
[May 21 15:38:43] WARNING[1] res_config_pgsql.c: PostgreSQL RealTime: No database host found, using localhost via socket.
[May 21 15:38:43] WARNING[1] res_config_pgsql.c: PostgreSQL RealTime: No database name found, using 'asterisk' as default.
[May 21 15:38:43] WARNING[1] res_config_pgsql.c: PostgreSQL RealTime: No database port found, using 5432 as default.
[May 21 15:38:43] WARNING[1] res_config_pgsql.c: PostgreSQL RealTime: No database socket found, using '/tmp/.s.PGSQL.5432' as default.
[May 21 15:38:43] ERROR[1] res_config_pgsql.c: PostgreSQL RealTime: Failed to connect database asterisk on : 
[May 21 15:38:43] WARNING[1] res_config_pgsql.c: PostgreSQL RealTime: Couldn't establish connection. Check debug.
[May 21 15:38:43] NOTICE[1] cdr.c: CDR simple logging enabled.
[May 21 15:38:43] NOTICE[1] indications.c: Default country for indication tones: us
[May 21 15:38:43] NOTICE[1] indications.c: Setting default indication country to 'us'
[May 21 15:38:43] WARNING[1] res_musiconhold.c: No music on hold classes configured, disabling music on hold.
[May 21 15:38:43] NOTICE[1] res_smdi.c: No SMDI interfaces are available to listen on, not starting SMDI listener.
[May 21 15:38:43] WARNING[1] res_phoneprov.c: Unable to find a valid server address or name.
[May 21 15:38:44] NOTICE[1] confbridge/conf_config_parser.c: Adding default_menu menu to app_confbridge
[May 21 15:38:44] WARNING[1] cel_pgsql.c: CEL pgsql config file missing global section.
[May 21 15:38:44] NOTICE[1] cdr_pgsql.c: cdr_pgsql configuration contains no global section, skipping module load.
[May 21 15:38:44] NOTICE[1] cdrel_custom/config.c: cdr_custom.conf: Loaded 0 configs
[May 21 15:38:44] WARNING[1] config.c: parse error: No category context for line 64 of /etc/asterisk/cel_sqlite3_custom.conf
[May 21 15:38:44] ERROR[1] cdrel_custom/config.c: Unable to load cel_sqlite3_custom.conf. Not logging CELs to custom database
[May 21 15:38:44] NOTICE[1] cdrel_custom/config.c: cel_custom.conf: Loaded 0 configs
[May 21 15:38:44] NOTICE[1] cdrel_custom/config.c: cdr_sqlite3_custom.conf: Loaded 0 configs
[May 21 15:38:44] WARNING[1] ael/pval.c: Warning: file /etc/asterisk/extensions.ael, line 196-196: macro call to ael-dundi-e164 cannot be found in the AEL code!
[May 21 15:38:44] WARNING[1] ael/pval.c: Warning: file /etc/asterisk/extensions.ael, line 209-209: macro call to ael-dundi-e164 cannot be found in the AEL code!
[May 21 15:38:44] WARNING[1] ael/pval.c: Warning: file /etc/asterisk/extensions.ael, line 328-328: macro call to ael-std-exten-ael cannot be found in the AEL code!
[May 21 15:38:44] WARNING[1] loader.c: Some non-required modules failed to load.
[May 21 15:38:44] WARNING[1] loader.c: Module 'res_adsi' has been loaded but may be removed in a future release.
[May 21 15:38:44] WARNING[1] loader.c: Module 'app_getcpeid' has been loaded but may be removed in a future release.
[May 21 15:38:44] WARNING[1] loader.c: Module 'app_adsiprog' has been loaded but may be removed in a future release.
[May 21 15:38:44] ERROR[1] loader.c: Error loading module 'format_ogg_vorbis.so': libvorbisenc.so.2: cannot open shared object file: No such file or directory
[May 21 15:38:44] ERROR[1] loader.c: cdr_pgsql declined to load.
[May 21 15:38:44] ERROR[1] loader.c: cdr_custom declined to load.
[May 21 15:38:44] ERROR[1] loader.c: cel_sqlite3_custom declined to load.
[May 21 15:38:44] ERROR[1] loader.c: cel_custom declined to load.
[May 21 15:38:44] ERROR[1] loader.c: cdr_sqlite3_custom declined to load.
[May 21 15:38:44] WARNING[24] pbx_config.c: users.conf is deprecated and will be removed in a future version of Asterisk
[May 21 15:43:23] WARNING[172] res_http_websocket.c: Web socket closed abruptly
[May 21 15:43:23] WARNING[172] ari/ari_websockets.c: WebSocket read error: Success
[May 21 15:43:36] WARNING[497] stasis/app.c: Not creating context 'stasis-main-app' for Stasis application 'main-app' because it already exists
[May 21 15:43:49] WARNING[497] res_http_websocket.c: Web socket closed abruptly
[May 21 15:43:49] WARNING[497] ari/ari_websockets.c: WebSocket read error: Success
[May 21 15:46:29] WARNING[541] res_http_websocket.c: Web socket closed abruptly
[May 21 15:46:29] WARNING[541] ari/ari_websockets.c: WebSocket read error: Success
[May 21 15:47:07] Asterisk 22.9.0 built by root @ buildkitsandbox on a x86_64 running Linux on 2026-05-06 10:04:55 UTC
[May 21 15:47:07] NOTICE[1] loader.c: 339 modules will be loaded.
[May 21 15:47:07] NOTICE[1] res_config_ldap.c: No directory user found, anonymous binding as default.
[May 21 15:47:07] ERROR[1] res_config_ldap.c: No directory URL or host found.
[May 21 15:47:07] ERROR[1] res_config_ldap.c: Cannot load LDAP RealTime driver.
[May 21 15:47:07] WARNING[1] res_config_pgsql.c: PostgreSQL RealTime: No database user found, using 'asterisk' as default.
[May 21 15:47:07] WARNING[1] res_config_pgsql.c: PostgreSQL RealTime: No database password found, using 'asterisk' as default.
[May 21 15:47:07] WARNING[1] res_config_pgsql.c: PostgreSQL RealTime: No database host found, using localhost via socket.
[May 21 15:47:07] WARNING[1] res_config_pgsql.c: PostgreSQL RealTime: No database name found, using 'asterisk' as default.
[May 21 15:47:07] WARNING[1] res_config_pgsql.c: PostgreSQL RealTime: No database port found, using 5432 as default.
[May 21 15:47:07] WARNING[1] res_config_pgsql.c: PostgreSQL RealTime: No database socket found, using '/tmp/.s.PGSQL.5432' as default.
[May 21 15:47:07] ERROR[1] res_config_pgsql.c: PostgreSQL RealTime: Failed to connect database asterisk on : 
[May 21 15:47:07] WARNING[1] res_config_pgsql.c: PostgreSQL RealTime: Couldn't establish connection. Check debug.
[May 21 15:47:07] NOTICE[1] cdr.c: CDR simple logging enabled.
[May 21 15:47:07] NOTICE[1] indications.c: Default country for indication tones: us
[May 21 15:47:07] NOTICE[1] indications.c: Setting default indication country to 'us'
[May 21 15:47:07] WARNING[1] res_musiconhold.c: No music on hold classes configured, disabling music on hold.
[May 21 15:47:08] NOTICE[1] res_smdi.c: No SMDI interfaces are available to listen on, not starting SMDI listener.
[May 21 15:47:08] WARNING[1] res_phoneprov.c: Unable to find a valid server address or name.
[May 21 15:47:08] NOTICE[1] confbridge/conf_config_parser.c: Adding default_menu menu to app_confbridge
[May 21 15:47:08] WARNING[1] cel_pgsql.c: CEL pgsql config file missing global section.
[May 21 15:47:08] NOTICE[1] cdr_pgsql.c: cdr_pgsql configuration contains no global section, skipping module load.
[May 21 15:47:08] NOTICE[1] cdrel_custom/config.c: cdr_custom.conf: Loaded 0 configs
[May 21 15:47:08] WARNING[1] config.c: parse error: No category context for line 64 of /etc/asterisk/cel_sqlite3_custom.conf
[May 21 15:47:08] ERROR[1] cdrel_custom/config.c: Unable to load cel_sqlite3_custom.conf. Not logging CELs to custom database
[May 21 15:47:08] NOTICE[1] cdrel_custom/config.c: cel_custom.conf: Loaded 0 configs
[May 21 15:47:08] NOTICE[1] cdrel_custom/config.c: cdr_sqlite3_custom.conf: Loaded 0 configs
[May 21 15:47:08] WARNING[1] ael/pval.c: Warning: file /etc/asterisk/extensions.ael, line 196-196: macro call to ael-dundi-e164 cannot be found in the AEL code!
[May 21 15:47:08] WARNING[1] ael/pval.c: Warning: file /etc/asterisk/extensions.ael, line 209-209: macro call to ael-dundi-e164 cannot be found in the AEL code!
[May 21 15:47:08] WARNING[1] ael/pval.c: Warning: file /etc/asterisk/extensions.ael, line 328-328: macro call to ael-std-exten-ael cannot be found in the AEL code!
[May 21 15:47:08] WARNING[1] loader.c: Some non-required modules failed to load.
[May 21 15:47:08] WARNING[1] loader.c: Module 'res_adsi' has been loaded but may be removed in a future release.
[May 21 15:47:08] WARNING[1] loader.c: Module 'app_getcpeid' has been loaded but may be removed in a future release.
[May 21 15:47:08] WARNING[1] loader.c: Module 'app_adsiprog' has been loaded but may be removed in a future release.
[May 21 15:47:08] ERROR[1] loader.c: Error loading module 'format_ogg_vorbis.so': libvorbisenc.so.2: cannot open shared object file: No such file or directory
[May 21 15:47:08] ERROR[1] loader.c: cdr_pgsql declined to load.
[May 21 15:47:08] ERROR[1] loader.c: cdr_custom declined to load.
[May 21 15:47:08] ERROR[1] loader.c: cel_sqlite3_custom declined to load.
[May 21 15:47:08] ERROR[1] loader.c: cel_custom declined to load.
[May 21 15:47:08] ERROR[1] loader.c: cdr_sqlite3_custom declined to load.
[May 21 15:47:08] WARNING[26] pbx_config.c: users.conf is deprecated and will be removed in a future version of Asterisk
[May 21 15:48:06] ERROR[47] res_pjsip.c: Endpoint '100': Could not create dialog to invalid URI '100'.  Is endpoint registered and reachable?
[May 21 15:48:06] ERROR[47] chan_pjsip.c: Failed to create outgoing session to endpoint '100'
[May 21 15:48:15] WARNING[179] res_http_websocket.c: Web socket closed abruptly
[May 21 15:48:15] WARNING[179] ari/ari_websockets.c: WebSocket read error: Success
[May 21 15:53:03] ERROR[44] cdr_csv.c: Unable to open file /var/log/asterisk//cdr-csv//Master.csv : No such file or directory
[May 21 15:53:03] WARNING[44] cdr_csv.c: Unable to write CSV record to master '/var/log/asterisk//cdr-csv//Master.csv' : No such file or directory
[May 21 15:53:03] ERROR[44] cdr_csv.c: Unable to open file /var/log/asterisk//cdr-csv//Master.csv : No such file or directory
[May 21 15:53:03] WARNING[44] cdr_csv.c: Unable to write CSV record to master '/var/log/asterisk//cdr-csv//Master.csv' : No such file or directory
[May 21 15:53:35] Asterisk 22.9.0 built by root @ buildkitsandbox on a x86_64 running Linux on 2026-05-06 10:04:55 UTC
[May 21 15:53:35] NOTICE[1] loader.c: 339 modules will be loaded.
[May 21 15:53:35] NOTICE[1] res_config_ldap.c: No directory user found, anonymous binding as default.
[May 21 15:53:35] ERROR[1] res_config_ldap.c: No directory URL or host found.
[May 21 15:53:35] ERROR[1] res_config_ldap.c: Cannot load LDAP RealTime driver.
[May 21 15:53:35] WARNING[1] res_config_pgsql.c: PostgreSQL RealTime: No database user found, using 'asterisk' as default.
[May 21 15:53:35] WARNING[1] res_config_pgsql.c: PostgreSQL RealTime: No database password found, using 'asterisk' as default.
[May 21 15:53:35] WARNING[1] res_config_pgsql.c: PostgreSQL RealTime: No database host found, using localhost via socket.
[May 21 15:53:35] WARNING[1] res_config_pgsql.c: PostgreSQL RealTime: No database name found, using 'asterisk' as default.
[May 21 15:53:35] WARNING[1] res_config_pgsql.c: PostgreSQL RealTime: No database port found, using 5432 as default.
[May 21 15:53:35] WARNING[1] res_config_pgsql.c: PostgreSQL RealTime: No database socket found, using '/tmp/.s.PGSQL.5432' as default.
[May 21 15:53:35] ERROR[1] res_config_pgsql.c: PostgreSQL RealTime: Failed to connect database asterisk on : 
[May 21 15:53:35] WARNING[1] res_config_pgsql.c: PostgreSQL RealTime: Couldn't establish connection. Check debug.
[May 21 15:53:35] NOTICE[1] cdr.c: CDR simple logging enabled.
[May 21 15:53:35] NOTICE[1] indications.c: Default country for indication tones: us
[May 21 15:53:35] NOTICE[1] indications.c: Setting default indication country to 'us'
[May 21 15:53:35] WARNING[1] res_musiconhold.c: No music on hold classes configured, disabling music on hold.
[May 21 15:53:35] NOTICE[1] res_smdi.c: No SMDI interfaces are available to listen on, not starting SMDI listener.
[May 21 15:53:35] WARNING[1] res_phoneprov.c: Unable to find a valid server address or name.
[May 21 15:53:35] NOTICE[1] confbridge/conf_config_parser.c: Adding default_menu menu to app_confbridge
[May 21 15:53:35] WARNING[1] cel_pgsql.c: CEL pgsql config file missing global section.
[May 21 15:53:35] NOTICE[1] cdr_pgsql.c: cdr_pgsql configuration contains no global section, skipping module load.
[May 21 15:53:35] NOTICE[1] cdrel_custom/config.c: cdr_custom.conf: Loaded 0 configs
[May 21 15:53:36] WARNING[1] config.c: parse error: No category context for line 64 of /etc/asterisk/cel_sqlite3_custom.conf
[May 21 15:53:36] ERROR[1] cdrel_custom/config.c: Unable to load cel_sqlite3_custom.conf. Not logging CELs to custom database
[May 21 15:53:36] NOTICE[1] cdrel_custom/config.c: cel_custom.conf: Loaded 0 configs
[May 21 15:53:36] NOTICE[1] cdrel_custom/config.c: cdr_sqlite3_custom.conf: Loaded 0 configs
[May 21 15:53:36] WARNING[1] ael/pval.c: Warning: file /etc/asterisk/extensions.ael, line 196-196: macro call to ael-dundi-e164 cannot be found in the AEL code!
[May 21 15:53:36] WARNING[1] ael/pval.c: Warning: file /etc/asterisk/extensions.ael, line 209-209: macro call to ael-dundi-e164 cannot be found in the AEL code!
[May 21 15:53:36] WARNING[1] ael/pval.c: Warning: file /etc/asterisk/extensions.ael, line 328-328: macro call to ael-std-exten-ael cannot be found in the AEL code!
[May 21 15:53:36] WARNING[1] loader.c: Some non-required modules failed to load.
[May 21 15:53:36] WARNING[1] loader.c: Module 'res_adsi' has been loaded but may be removed in a future release.
[May 21 15:53:36] WARNING[1] loader.c: Module 'app_getcpeid' has been loaded but may be removed in a future release.
[May 21 15:53:36] WARNING[1] loader.c: Module 'app_adsiprog' has been loaded but may be removed in a future release.
[May 21 15:53:36] ERROR[1] loader.c: Error loading module 'format_ogg_vorbis.so': libvorbisenc.so.2: cannot open shared object file: No such file or directory
[May 21 15:53:36] ERROR[1] loader.c: cdr_pgsql declined to load.
[May 21 15:53:36] ERROR[1] loader.c: cdr_custom declined to load.
[May 21 15:53:36] ERROR[1] loader.c: cel_sqlite3_custom declined to load.
[May 21 15:53:36] ERROR[1] loader.c: cel_custom declined to load.
[May 21 15:53:36] ERROR[1] loader.c: cdr_sqlite3_custom declined to load.
[May 21 15:53:36] WARNING[24] pbx_config.c: users.conf is deprecated and will be removed in a future version of Asterisk
[May 21 16:02:37] WARNING[133] res_http_websocket.c: Web socket closed abruptly
[May 21 16:02:37] WARNING[133] ari/ari_websockets.c: WebSocket read error: Success
[May 21 16:03:32] WARNING[1075] stasis/app.c: Not creating context 'stasis-main-app' for Stasis application 'main-app' because it already exists
[May 21 16:07:07] ERROR[44] cdr_csv.c: Unable to open file /var/log/asterisk//cdr-csv//Master.csv : No such file or directory
[May 21 16:07:07] WARNING[44] cdr_csv.c: Unable to write CSV record to master '/var/log/asterisk//cdr-csv//Master.csv' : No such file or directory
[May 21 16:07:07] ERROR[44] cdr_csv.c: Unable to open file /var/log/asterisk//cdr-csv//Master.csv : No such file or directory
[May 21 16:07:07] WARNING[44] cdr_csv.c: Unable to write CSV record to master '/var/log/asterisk//cdr-csv//Master.csv' : No such file or directory
[May 21 16:07:07] ERROR[44] cdr_csv.c: Unable to open file /var/log/asterisk//cdr-csv//Master.csv : No such file or directory
[May 21 16:07:07] WARNING[44] cdr_csv.c: Unable to write CSV record to master '/var/log/asterisk//cdr-csv//Master.csv' : No such file or directory
[May 21 16:07:07] ERROR[44] cdr_csv.c: Unable to open file /var/log/asterisk//cdr-csv//Master.csv : No such file or directory
[May 21 16:07:07] WARNING[44] cdr_csv.c: Unable to write CSV record to master '/var/log/asterisk//cdr-csv//Master.csv' : No such file or directory
[May 21 16:07:43] Asterisk 22.9.0 built by root @ buildkitsandbox on a x86_64 running Linux on 2026-05-06 10:04:55 UTC
[May 21 16:07:43] NOTICE[1] loader.c: 339 modules will be loaded.
[May 21 16:07:43] NOTICE[1] res_config_ldap.c: No directory user found, anonymous binding as default.
[May 21 16:07:43] ERROR[1] res_config_ldap.c: No directory URL or host found.
[May 21 16:07:43] ERROR[1] res_config_ldap.c: Cannot load LDAP RealTime driver.
[May 21 16:07:43] WARNING[1] res_config_pgsql.c: PostgreSQL RealTime: No database user found, using 'asterisk' as default.
[May 21 16:07:43] WARNING[1] res_config_pgsql.c: PostgreSQL RealTime: No database password found, using 'asterisk' as default.
[May 21 16:07:43] WARNING[1] res_config_pgsql.c: PostgreSQL RealTime: No database host found, using localhost via socket.
[May 21 16:07:43] WARNING[1] res_config_pgsql.c: PostgreSQL RealTime: No database name found, using 'asterisk' as default.
[May 21 16:07:43] WARNING[1] res_config_pgsql.c: PostgreSQL RealTime: No database port found, using 5432 as default.
[May 21 16:07:43] WARNING[1] res_config_pgsql.c: PostgreSQL RealTime: No database socket found, using '/tmp/.s.PGSQL.5432' as default.
[May 21 16:07:43] ERROR[1] res_config_pgsql.c: PostgreSQL RealTime: Failed to connect database asterisk on : 
[May 21 16:07:43] WARNING[1] res_config_pgsql.c: PostgreSQL RealTime: Couldn't establish connection. Check debug.
[May 21 16:07:43] NOTICE[1] cdr.c: CDR simple logging enabled.
[May 21 16:07:44] NOTICE[1] indications.c: Default country for indication tones: us
[May 21 16:07:44] NOTICE[1] indications.c: Setting default indication country to 'us'
[May 21 16:07:44] WARNING[1] res_musiconhold.c: No music on hold classes configured, disabling music on hold.
[May 21 16:07:44] NOTICE[1] res_smdi.c: No SMDI interfaces are available to listen on, not starting SMDI listener.
[May 21 16:07:44] WARNING[1] res_phoneprov.c: Unable to find a valid server address or name.
[May 21 16:07:44] NOTICE[1] confbridge/conf_config_parser.c: Adding default_menu menu to app_confbridge
[May 21 16:07:44] WARNING[1] cel_pgsql.c: CEL pgsql config file missing global section.
[May 21 16:07:44] NOTICE[1] cdr_pgsql.c: cdr_pgsql configuration contains no global section, skipping module load.
[May 21 16:07:44] NOTICE[1] cdrel_custom/config.c: cdr_custom.conf: Loaded 0 configs
[May 21 16:07:44] WARNING[1] config.c: parse error: No category context for line 64 of /etc/asterisk/cel_sqlite3_custom.conf
[May 21 16:07:44] ERROR[1] cdrel_custom/config.c: Unable to load cel_sqlite3_custom.conf. Not logging CELs to custom database
[May 21 16:07:44] NOTICE[1] cdrel_custom/config.c: cel_custom.conf: Loaded 0 configs
[May 21 16:07:44] NOTICE[1] cdrel_custom/config.c: cdr_sqlite3_custom.conf: Loaded 0 configs
[May 21 16:07:44] WARNING[1] ael/pval.c: Warning: file /etc/asterisk/extensions.ael, line 196-196: macro call to ael-dundi-e164 cannot be found in the AEL code!
[May 21 16:07:44] WARNING[1] ael/pval.c: Warning: file /etc/asterisk/extensions.ael, line 209-209: macro call to ael-dundi-e164 cannot be found in the AEL code!
[May 21 16:07:44] WARNING[1] ael/pval.c: Warning: file /etc/asterisk/extensions.ael, line 328-328: macro call to ael-std-exten-ael cannot be found in the AEL code!
[May 21 16:07:44] WARNING[1] loader.c: Some non-required modules failed to load.
[May 21 16:07:44] WARNING[1] loader.c: Module 'res_adsi' has been loaded but may be removed in a future release.
[May 21 16:07:45] WARNING[1] loader.c: Module 'app_getcpeid' has been loaded but may be removed in a future release.
[May 21 16:07:45] WARNING[1] loader.c: Module 'app_adsiprog' has been loaded but may be removed in a future release.
[May 21 16:07:45] ERROR[1] loader.c: Error loading module 'format_ogg_vorbis.so': libvorbisenc.so.2: cannot open shared object file: No such file or directory
[May 21 16:07:45] ERROR[1] loader.c: cdr_pgsql declined to load.
[May 21 16:07:45] ERROR[1] loader.c: cdr_custom declined to load.
[May 21 16:07:45] ERROR[1] loader.c: cel_sqlite3_custom declined to load.
[May 21 16:07:45] ERROR[1] loader.c: cel_custom declined to load.
[May 21 16:07:45] ERROR[1] loader.c: cdr_sqlite3_custom declined to load.
[May 21 16:07:45] WARNING[26] pbx_config.c: users.conf is deprecated and will be removed in a future version of Asterisk
[May 21 16:09:41] Asterisk 22.9.0 built by root @ buildkitsandbox on a x86_64 running Linux on 2026-05-06 10:04:55 UTC
[May 21 16:09:41] NOTICE[1] loader.c: 339 modules will be loaded.
[May 21 16:09:42] NOTICE[1] res_config_ldap.c: No directory user found, anonymous binding as default.
[May 21 16:09:42] ERROR[1] res_config_ldap.c: No directory URL or host found.
[May 21 16:09:42] ERROR[1] res_config_ldap.c: Cannot load LDAP RealTime driver.
[May 21 16:09:42] WARNING[1] res_config_pgsql.c: PostgreSQL RealTime: No database user found, using 'asterisk' as default.
[May 21 16:09:42] WARNING[1] res_config_pgsql.c: PostgreSQL RealTime: No database password found, using 'asterisk' as default.
[May 21 16:09:42] WARNING[1] res_config_pgsql.c: PostgreSQL RealTime: No database host found, using localhost via socket.
[May 21 16:09:42] WARNING[1] res_config_pgsql.c: PostgreSQL RealTime: No database name found, using 'asterisk' as default.
[May 21 16:09:42] WARNING[1] res_config_pgsql.c: PostgreSQL RealTime: No database port found, using 5432 as default.
[May 21 16:09:42] WARNING[1] res_config_pgsql.c: PostgreSQL RealTime: No database socket found, using '/tmp/.s.PGSQL.5432' as default.
[May 21 16:09:42] ERROR[1] res_config_pgsql.c: PostgreSQL RealTime: Failed to connect database asterisk on : 
[May 21 16:09:42] WARNING[1] res_config_pgsql.c: PostgreSQL RealTime: Couldn't establish connection. Check debug.
[May 21 16:09:42] NOTICE[1] cdr.c: CDR simple logging enabled.
[May 21 16:09:42] NOTICE[1] indications.c: Default country for indication tones: us
[May 21 16:09:42] NOTICE[1] indications.c: Setting default indication country to 'us'
[May 21 16:09:42] WARNING[1] res_musiconhold.c: No music on hold classes configured, disabling music on hold.
[May 21 16:09:42] NOTICE[1] res_smdi.c: No SMDI interfaces are available to listen on, not starting SMDI listener.
[May 21 16:09:42] WARNING[1] res_phoneprov.c: Unable to find a valid server address or name.
[May 21 16:09:42] NOTICE[1] confbridge/conf_config_parser.c: Adding default_menu menu to app_confbridge
[May 21 16:09:42] WARNING[1] cel_pgsql.c: CEL pgsql config file missing global section.
[May 21 16:09:42] NOTICE[1] cdr_pgsql.c: cdr_pgsql configuration contains no global section, skipping module load.
[May 21 16:09:42] NOTICE[1] cdrel_custom/config.c: cdr_custom.conf: Loaded 0 configs
[May 21 16:09:42] WARNING[1] config.c: parse error: No category context for line 64 of /etc/asterisk/cel_sqlite3_custom.conf
[May 21 16:09:42] ERROR[1] cdrel_custom/config.c: Unable to load cel_sqlite3_custom.conf. Not logging CELs to custom database
[May 21 16:09:42] NOTICE[1] cdrel_custom/config.c: cel_custom.conf: Loaded 0 configs
[May 21 16:09:42] NOTICE[1] cdrel_custom/config.c: cdr_sqlite3_custom.conf: Loaded 0 configs
[May 21 16:09:42] WARNING[1] ael/pval.c: Warning: file /etc/asterisk/extensions.ael, line 196-196: macro call to ael-dundi-e164 cannot be found in the AEL code!
[May 21 16:09:42] WARNING[1] ael/pval.c: Warning: file /etc/asterisk/extensions.ael, line 209-209: macro call to ael-dundi-e164 cannot be found in the AEL code!
[May 21 16:09:42] WARNING[1] ael/pval.c: Warning: file /etc/asterisk/extensions.ael, line 328-328: macro call to ael-std-exten-ael cannot be found in the AEL code!
[May 21 16:09:42] WARNING[1] loader.c: Some non-required modules failed to load.
[May 21 16:09:42] WARNING[1] loader.c: Module 'res_adsi' has been loaded but may be removed in a future release.
[May 21 16:09:42] WARNING[1] loader.c: Module 'app_getcpeid' has been loaded but may be removed in a future release.
[May 21 16:09:42] WARNING[1] loader.c: Module 'app_adsiprog' has been loaded but may be removed in a future release.
[May 21 16:09:42] ERROR[1] loader.c: Error loading module 'format_ogg_vorbis.so': libvorbisenc.so.2: cannot open shared object file: No such file or directory
[May 21 16:09:42] ERROR[1] loader.c: cdr_pgsql declined to load.
[May 21 16:09:42] ERROR[1] loader.c: cdr_custom declined to load.
[May 21 16:09:42] ERROR[1] loader.c: cel_sqlite3_custom declined to load.
[May 21 16:09:42] ERROR[1] loader.c: cel_custom declined to load.
[May 21 16:09:42] ERROR[1] loader.c: cdr_sqlite3_custom declined to load.
[May 21 16:09:42] WARNING[24] pbx_config.c: users.conf is deprecated and will be removed in a future version of Asterisk
[May 21 16:14:26] WARNING[247] res_http_websocket.c: Web socket closed abruptly
[May 21 16:14:26] WARNING[247] ari/ari_websockets.c: WebSocket read error: Success
[May 21 16:16:31] WARNING[646] stasis/app.c: Not creating context 'stasis-main-app' for Stasis application 'main-app' because it already exists
[May 21 16:16:55] ERROR[44] cdr_csv.c: Unable to open file /var/log/asterisk//cdr-csv//Master.csv : No such file or directory
[May 21 16:16:55] WARNING[44] cdr_csv.c: Unable to write CSV record to master '/var/log/asterisk//cdr-csv//Master.csv' : No such file or directory
[May 21 16:16:55] ERROR[44] cdr_csv.c: Unable to open file /var/log/asterisk//cdr-csv//Master.csv : No such file or directory
[May 21 16:16:55] WARNING[44] cdr_csv.c: Unable to write CSV record to master '/var/log/asterisk//cdr-csv//Master.csv' : No such file or directory
[May 21 16:16:55] ERROR[44] cdr_csv.c: Unable to open file /var/log/asterisk//cdr-csv//Master.csv : No such file or directory
[May 21 16:16:55] WARNING[44] cdr_csv.c: Unable to write CSV record to master '/var/log/asterisk//cdr-csv//Master.csv' : No such file or directory
[May 21 16:16:55] ERROR[44] cdr_csv.c: Unable to open file /var/log/asterisk//cdr-csv//Master.csv : No such file or directory
[May 21 16:16:55] WARNING[44] cdr_csv.c: Unable to write CSV record to master '/var/log/asterisk//cdr-csv//Master.csv' : No such file or directory
[May 21 16:18:30] Asterisk 22.9.0 built by root @ buildkitsandbox on a x86_64 running Linux on 2026-05-06 10:04:55 UTC
[May 21 16:18:30] NOTICE[1] loader.c: 339 modules will be loaded.
[May 21 16:18:31] NOTICE[1] res_config_ldap.c: No directory user found, anonymous binding as default.
[May 21 16:18:31] ERROR[1] res_config_ldap.c: No directory URL or host found.
[May 21 16:18:31] ERROR[1] res_config_ldap.c: Cannot load LDAP RealTime driver.
[May 21 16:18:31] WARNING[1] res_config_pgsql.c: PostgreSQL RealTime: No database user found, using 'asterisk' as default.
[May 21 16:18:31] WARNING[1] res_config_pgsql.c: PostgreSQL RealTime: No database password found, using 'asterisk' as default.
[May 21 16:18:31] WARNING[1] res_config_pgsql.c: PostgreSQL RealTime: No database host found, using localhost via socket.
[May 21 16:18:31] WARNING[1] res_config_pgsql.c: PostgreSQL RealTime: No database name found, using 'asterisk' as default.
[May 21 16:18:31] WARNING[1] res_config_pgsql.c: PostgreSQL RealTime: No database port found, using 5432 as default.
[May 21 16:18:31] WARNING[1] res_config_pgsql.c: PostgreSQL RealTime: No database socket found, using '/tmp/.s.PGSQL.5432' as default.
[May 21 16:18:31] ERROR[1] res_config_pgsql.c: PostgreSQL RealTime: Failed to connect database asterisk on : 
[May 21 16:18:31] WARNING[1] res_config_pgsql.c: PostgreSQL RealTime: Couldn't establish connection. Check debug.
[May 21 16:18:31] NOTICE[1] cdr.c: CDR simple logging enabled.
[May 21 16:18:31] NOTICE[1] indications.c: Default country for indication tones: us
[May 21 16:18:31] NOTICE[1] indications.c: Setting default indication country to 'us'
[May 21 16:18:31] WARNING[1] res_musiconhold.c: No music on hold classes configured, disabling music on hold.
[May 21 16:18:31] NOTICE[1] res_smdi.c: No SMDI interfaces are available to listen on, not starting SMDI listener.
[May 21 16:18:31] WARNING[1] res_phoneprov.c: Unable to find a valid server address or name.
[May 21 16:18:32] NOTICE[1] confbridge/conf_config_parser.c: Adding default_menu menu to app_confbridge
[May 21 16:18:32] WARNING[1] cel_pgsql.c: CEL pgsql config file missing global section.
[May 21 16:18:32] NOTICE[1] cdr_pgsql.c: cdr_pgsql configuration contains no global section, skipping module load.
[May 21 16:18:32] NOTICE[1] cdrel_custom/config.c: cdr_custom.conf: Loaded 0 configs
[May 21 16:18:32] WARNING[1] config.c: parse error: No category context for line 64 of /etc/asterisk/cel_sqlite3_custom.conf
[May 21 16:18:32] ERROR[1] cdrel_custom/config.c: Unable to load cel_sqlite3_custom.conf. Not logging CELs to custom database
[May 21 16:18:32] NOTICE[1] cdrel_custom/config.c: cel_custom.conf: Loaded 0 configs
[May 21 16:18:32] NOTICE[1] cdrel_custom/config.c: cdr_sqlite3_custom.conf: Loaded 0 configs
[May 21 16:18:32] WARNING[1] ael/pval.c: Warning: file /etc/asterisk/extensions.ael, line 196-196: macro call to ael-dundi-e164 cannot be found in the AEL code!
[May 21 16:18:32] WARNING[1] ael/pval.c: Warning: file /etc/asterisk/extensions.ael, line 209-209: macro call to ael-dundi-e164 cannot be found in the AEL code!
[May 21 16:18:32] WARNING[1] ael/pval.c: Warning: file /etc/asterisk/extensions.ael, line 328-328: macro call to ael-std-exten-ael cannot be found in the AEL code!
[May 21 16:18:32] WARNING[1] loader.c: Some non-required modules failed to load.
[May 21 16:18:32] WARNING[1] loader.c: Module 'res_adsi' has been loaded but may be removed in a future release.
[May 21 16:18:32] WARNING[1] loader.c: Module 'app_getcpeid' has been loaded but may be removed in a future release.
[May 21 16:18:32] WARNING[1] loader.c: Module 'app_adsiprog' has been loaded but may be removed in a future release.
[May 21 16:18:32] ERROR[1] loader.c: Error loading module 'format_ogg_vorbis.so': libvorbisenc.so.2: cannot open shared object file: No such file or directory
[May 21 16:18:32] ERROR[1] loader.c: cdr_pgsql declined to load.
[May 21 16:18:32] ERROR[1] loader.c: cdr_custom declined to load.
[May 21 16:18:32] ERROR[1] loader.c: cel_sqlite3_custom declined to load.
[May 21 16:18:32] ERROR[1] loader.c: cel_custom declined to load.
[May 21 16:18:32] ERROR[1] loader.c: cdr_sqlite3_custom declined to load.
[May 21 16:18:32] WARNING[26] pbx_config.c: users.conf is deprecated and will be removed in a future version of Asterisk
[May 21 16:19:13] ERROR[47] res_pjsip.c: Endpoint '100': Could not create dialog to invalid URI '100'.  Is endpoint registered and reachable?
[May 21 16:19:13] ERROR[47] chan_pjsip.c: Failed to create outgoing session to endpoint '100'
[May 21 16:19:29] WARNING[171] res_http_websocket.c: Web socket closed abruptly
[May 21 16:19:29] WARNING[171] ari/ari_websockets.c: WebSocket read error: Success
[May 21 16:22:56] WARNING[177] res_http_websocket.c: Web socket closed abruptly
[May 21 16:22:56] WARNING[177] ari/ari_websockets.c: WebSocket read error: Success
[May 21 16:24:26] WARNING[578] stasis/app.c: Not creating context 'stasis-main-app' for Stasis application 'main-app' because it already exists
[May 21 16:25:52] WARNING[578] res_http_websocket.c: Web socket closed abruptly
[May 21 16:25:52] WARNING[578] ari/ari_websockets.c: WebSocket read error: Success
[May 21 16:26:54] WARNING[778] stasis/app.c: Not creating context 'stasis-main-app' for Stasis application 'main-app' because it already exists
[May 21 16:31:23] WARNING[778] res_http_websocket.c: Web socket closed abruptly
[May 21 16:31:23] WARNING[778] ari/ari_websockets.c: WebSocket read error: Success
[May 21 16:32:02] Asterisk 22.9.0 built by root @ buildkitsandbox on a x86_64 running Linux on 2026-05-06 10:04:55 UTC
[May 21 16:32:02] NOTICE[1] loader.c: 339 modules will be loaded.
[May 21 16:32:02] NOTICE[1] res_config_ldap.c: No directory user found, anonymous binding as default.
[May 21 16:32:02] ERROR[1] res_config_ldap.c: No directory URL or host found.
[May 21 16:32:02] ERROR[1] res_config_ldap.c: Cannot load LDAP RealTime driver.
[May 21 16:32:02] WARNING[1] res_config_pgsql.c: PostgreSQL RealTime: No database user found, using 'asterisk' as default.
[May 21 16:32:02] WARNING[1] res_config_pgsql.c: PostgreSQL RealTime: No database password found, using 'asterisk' as default.
[May 21 16:32:02] WARNING[1] res_config_pgsql.c: PostgreSQL RealTime: No database host found, using localhost via socket.
[May 21 16:32:02] WARNING[1] res_config_pgsql.c: PostgreSQL RealTime: No database name found, using 'asterisk' as default.
[May 21 16:32:02] WARNING[1] res_config_pgsql.c: PostgreSQL RealTime: No database port found, using 5432 as default.
[May 21 16:32:02] WARNING[1] res_config_pgsql.c: PostgreSQL RealTime: No database socket found, using '/tmp/.s.PGSQL.5432' as default.
[May 21 16:32:02] ERROR[1] res_config_pgsql.c: PostgreSQL RealTime: Failed to connect database asterisk on : 
[May 21 16:32:02] WARNING[1] res_config_pgsql.c: PostgreSQL RealTime: Couldn't establish connection. Check debug.
[May 21 16:32:02] NOTICE[1] cdr.c: CDR simple logging enabled.
[May 21 16:32:02] NOTICE[1] indications.c: Default country for indication tones: us
[May 21 16:32:02] NOTICE[1] indications.c: Setting default indication country to 'us'
[May 21 16:32:02] WARNING[1] res_musiconhold.c: No music on hold classes configured, disabling music on hold.
[May 21 16:32:02] NOTICE[1] res_smdi.c: No SMDI interfaces are available to listen on, not starting SMDI listener.
[May 21 16:32:02] WARNING[1] res_phoneprov.c: Unable to find a valid server address or name.
[May 21 16:32:03] NOTICE[1] confbridge/conf_config_parser.c: Adding default_menu menu to app_confbridge
[May 21 16:32:03] WARNING[1] cel_pgsql.c: CEL pgsql config file missing global section.
[May 21 16:32:03] NOTICE[1] cdr_pgsql.c: cdr_pgsql configuration contains no global section, skipping module load.
[May 21 16:32:03] NOTICE[1] cdrel_custom/config.c: cdr_custom.conf: Loaded 0 configs
[May 21 16:32:03] WARNING[1] config.c: parse error: No category context for line 64 of /etc/asterisk/cel_sqlite3_custom.conf
[May 21 16:32:03] ERROR[1] cdrel_custom/config.c: Unable to load cel_sqlite3_custom.conf. Not logging CELs to custom database
[May 21 16:32:03] NOTICE[1] cdrel_custom/config.c: cel_custom.conf: Loaded 0 configs
[May 21 16:32:03] NOTICE[1] cdrel_custom/config.c: cdr_sqlite3_custom.conf: Loaded 0 configs
[May 21 16:32:03] WARNING[1] ael/pval.c: Warning: file /etc/asterisk/extensions.ael, line 196-196: macro call to ael-dundi-e164 cannot be found in the AEL code!
[May 21 16:32:03] WARNING[1] ael/pval.c: Warning: file /etc/asterisk/extensions.ael, line 209-209: macro call to ael-dundi-e164 cannot be found in the AEL code!
[May 21 16:32:03] WARNING[1] ael/pval.c: Warning: file /etc/asterisk/extensions.ael, line 328-328: macro call to ael-std-exten-ael cannot be found in the AEL code!
[May 21 16:32:03] WARNING[1] loader.c: Some non-required modules failed to load.
[May 21 16:32:03] WARNING[1] loader.c: Module 'res_adsi' has been loaded but may be removed in a future release.
[May 21 16:32:03] WARNING[1] loader.c: Module 'app_getcpeid' has been loaded but may be removed in a future release.
[May 21 16:32:03] WARNING[1] loader.c: Module 'app_adsiprog' has been loaded but may be removed in a future release.
[May 21 16:32:03] ERROR[1] loader.c: Error loading module 'format_ogg_vorbis.so': libvorbisenc.so.2: cannot open shared object file: No such file or directory
[May 21 16:32:03] ERROR[1] loader.c: cdr_pgsql declined to load.
[May 21 16:32:03] ERROR[1] loader.c: cdr_custom declined to load.
[May 21 16:32:03] ERROR[1] loader.c: cel_sqlite3_custom declined to load.
[May 21 16:32:03] ERROR[1] loader.c: cel_custom declined to load.
[May 21 16:32:03] ERROR[1] loader.c: cdr_sqlite3_custom declined to load.
[May 21 16:32:03] WARNING[26] pbx_config.c: users.conf is deprecated and will be removed in a future version of Asterisk
[May 21 16:33:20] ERROR[44] cdr_csv.c: Unable to open file /var/log/asterisk//cdr-csv//Master.csv : No such file or directory
[May 21 16:33:20] WARNING[44] cdr_csv.c: Unable to write CSV record to master '/var/log/asterisk//cdr-csv//Master.csv' : No such file or directory
[May 21 16:33:44] NOTICE[47] res_pjsip_session.c:  100: Call (UDP:172.18.0.1:41491) to extension '108' rejected because extension not found in context 'from-internal'.
[May 21 16:34:38] ERROR[44] cdr_csv.c: Unable to open file /var/log/asterisk//cdr-csv//Master.csv : No such file or directory
[May 21 16:34:38] WARNING[44] cdr_csv.c: Unable to write CSV record to master '/var/log/asterisk//cdr-csv//Master.csv' : No such file or directory
[May 21 16:34:52] ERROR[44] cdr_csv.c: Unable to open file /var/log/asterisk//cdr-csv//Master.csv : No such file or directory
[May 21 16:34:52] WARNING[44] cdr_csv.c: Unable to write CSV record to master '/var/log/asterisk//cdr-csv//Master.csv' : No such file or directory
[May 21 16:35:42] ERROR[44] cdr_csv.c: Unable to open file /var/log/asterisk//cdr-csv//Master.csv : No such file or directory
[May 21 16:35:42] WARNING[44] cdr_csv.c: Unable to write CSV record to master '/var/log/asterisk//cdr-csv//Master.csv' : No such file or directory
[May 21 16:36:42] ERROR[44] cdr_csv.c: Unable to open file /var/log/asterisk//cdr-csv//Master.csv : No such file or directory
[May 21 16:36:42] WARNING[44] cdr_csv.c: Unable to write CSV record to master '/var/log/asterisk//cdr-csv//Master.csv' : No such file or directory
[May 21 16:41:08] Asterisk 22.9.0 built by root @ buildkitsandbox on a x86_64 running Linux on 2026-05-06 10:04:55 UTC
[May 21 16:41:08] NOTICE[1] loader.c: 339 modules will be loaded.
[May 21 16:41:08] NOTICE[1] res_config_ldap.c: No directory user found, anonymous binding as default.
[May 21 16:41:08] ERROR[1] res_config_ldap.c: No directory URL or host found.
[May 21 16:41:08] ERROR[1] res_config_ldap.c: Cannot load LDAP RealTime driver.
[May 21 16:41:08] WARNING[1] res_config_pgsql.c: PostgreSQL RealTime: No database user found, using 'asterisk' as default.
[May 21 16:41:08] WARNING[1] res_config_pgsql.c: PostgreSQL RealTime: No database password found, using 'asterisk' as default.
[May 21 16:41:08] WARNING[1] res_config_pgsql.c: PostgreSQL RealTime: No database host found, using localhost via socket.
[May 21 16:41:08] WARNING[1] res_config_pgsql.c: PostgreSQL RealTime: No database name found, using 'asterisk' as default.
[May 21 16:41:08] WARNING[1] res_config_pgsql.c: PostgreSQL RealTime: No database port found, using 5432 as default.
[May 21 16:41:08] WARNING[1] res_config_pgsql.c: PostgreSQL RealTime: No database socket found, using '/tmp/.s.PGSQL.5432' as default.
[May 21 16:41:08] ERROR[1] res_config_pgsql.c: PostgreSQL RealTime: Failed to connect database asterisk on : 
[May 21 16:41:08] WARNING[1] res_config_pgsql.c: PostgreSQL RealTime: Couldn't establish connection. Check debug.
[May 21 16:41:08] NOTICE[1] cdr.c: CDR simple logging enabled.
[May 21 16:41:08] NOTICE[1] indications.c: Default country for indication tones: us
[May 21 16:41:08] NOTICE[1] indications.c: Setting default indication country to 'us'
[May 21 16:41:09] WARNING[1] res_musiconhold.c: No music on hold classes configured, disabling music on hold.
[May 21 16:41:09] NOTICE[1] res_smdi.c: No SMDI interfaces are available to listen on, not starting SMDI listener.
[May 21 16:41:09] WARNING[1] res_phoneprov.c: Unable to find a valid server address or name.
[May 21 16:41:09] NOTICE[1] confbridge/conf_config_parser.c: Adding default_menu menu to app_confbridge
[May 21 16:41:09] WARNING[1] cel_pgsql.c: CEL pgsql config file missing global section.
[May 21 16:41:09] NOTICE[1] cdr_pgsql.c: cdr_pgsql configuration contains no global section, skipping module load.
[May 21 16:41:09] NOTICE[1] cdrel_custom/config.c: cdr_custom.conf: Loaded 0 configs
[May 21 16:41:09] WARNING[1] config.c: parse error: No category context for line 64 of /etc/asterisk/cel_sqlite3_custom.conf
[May 21 16:41:09] ERROR[1] cdrel_custom/config.c: Unable to load cel_sqlite3_custom.conf. Not logging CELs to custom database
[May 21 16:41:09] NOTICE[1] cdrel_custom/config.c: cel_custom.conf: Loaded 0 configs
[May 21 16:41:09] NOTICE[1] cdrel_custom/config.c: cdr_sqlite3_custom.conf: Loaded 0 configs
[May 21 16:41:09] WARNING[1] ael/pval.c: Warning: file /etc/asterisk/extensions.ael, line 196-196: macro call to ael-dundi-e164 cannot be found in the AEL code!
[May 21 16:41:09] WARNING[1] ael/pval.c: Warning: file /etc/asterisk/extensions.ael, line 209-209: macro call to ael-dundi-e164 cannot be found in the AEL code!
[May 21 16:41:09] WARNING[1] ael/pval.c: Warning: file /etc/asterisk/extensions.ael, line 328-328: macro call to ael-std-exten-ael cannot be found in the AEL code!
[May 21 16:41:10] WARNING[1] loader.c: Some non-required modules failed to load.
[May 21 16:41:10] WARNING[1] loader.c: Module 'res_adsi' has been loaded but may be removed in a future release.
[May 21 16:41:10] WARNING[1] loader.c: Module 'app_getcpeid' has been loaded but may be removed in a future release.
[May 21 16:41:10] WARNING[1] loader.c: Module 'app_adsiprog' has been loaded but may be removed in a future release.
[May 21 16:41:10] ERROR[1] loader.c: Error loading module 'format_ogg_vorbis.so': libvorbisenc.so.2: cannot open shared object file: No such file or directory
[May 21 16:41:10] ERROR[1] loader.c: cdr_pgsql declined to load.
[May 21 16:41:10] ERROR[1] loader.c: cdr_custom declined to load.
[May 21 16:41:10] ERROR[1] loader.c: cel_sqlite3_custom declined to load.
[May 21 16:41:10] ERROR[1] loader.c: cel_custom declined to load.
[May 21 16:41:10] ERROR[1] loader.c: cdr_sqlite3_custom declined to load.
[May 21 16:41:10] WARNING[24] pbx_config.c: users.conf is deprecated and will be removed in a future version of Asterisk
[May 21 16:41:49] ERROR[44] cdr_csv.c: Unable to open file /var/log/asterisk//cdr-csv//Master.csv : No such file or directory
[May 21 16:41:49] WARNING[44] cdr_csv.c: Unable to write CSV record to master '/var/log/asterisk//cdr-csv//Master.csv' : No such file or directory
[May 21 16:42:27] ERROR[44] cdr_csv.c: Unable to open file /var/log/asterisk//cdr-csv//Master.csv : No such file or directory
[May 21 16:42:27] WARNING[44] cdr_csv.c: Unable to write CSV record to master '/var/log/asterisk//cdr-csv//Master.csv' : No such file or directory
[May 21 16:43:26] Asterisk 22.9.0 built by root @ buildkitsandbox on a x86_64 running Linux on 2026-05-06 10:04:55 UTC
[May 21 16:43:26] NOTICE[1] loader.c: 339 modules will be loaded.
[May 21 16:43:27] NOTICE[1] res_config_ldap.c: No directory user found, anonymous binding as default.
[May 21 16:43:27] ERROR[1] res_config_ldap.c: No directory URL or host found.
[May 21 16:43:27] ERROR[1] res_config_ldap.c: Cannot load LDAP RealTime driver.
[May 21 16:43:27] WARNING[1] res_config_pgsql.c: PostgreSQL RealTime: No database user found, using 'asterisk' as default.
[May 21 16:43:27] WARNING[1] res_config_pgsql.c: PostgreSQL RealTime: No database password found, using 'asterisk' as default.
[May 21 16:43:27] WARNING[1] res_config_pgsql.c: PostgreSQL RealTime: No database host found, using localhost via socket.
[May 21 16:43:27] WARNING[1] res_config_pgsql.c: PostgreSQL RealTime: No database name found, using 'asterisk' as default.
[May 21 16:43:27] WARNING[1] res_config_pgsql.c: PostgreSQL RealTime: No database port found, using 5432 as default.
[May 21 16:43:27] WARNING[1] res_config_pgsql.c: PostgreSQL RealTime: No database socket found, using '/tmp/.s.PGSQL.5432' as default.
[May 21 16:43:27] ERROR[1] res_config_pgsql.c: PostgreSQL RealTime: Failed to connect database asterisk on : 
[May 21 16:43:27] WARNING[1] res_config_pgsql.c: PostgreSQL RealTime: Couldn't establish connection. Check debug.
[May 21 16:43:27] NOTICE[1] cdr.c: CDR simple logging enabled.
[May 21 16:43:27] NOTICE[1] indications.c: Default country for indication tones: us
[May 21 16:43:27] NOTICE[1] indications.c: Setting default indication country to 'us'
[May 21 16:43:27] WARNING[1] res_musiconhold.c: No music on hold classes configured, disabling music on hold.
[May 21 16:43:28] NOTICE[1] res_smdi.c: No SMDI interfaces are available to listen on, not starting SMDI listener.
[May 21 16:43:28] WARNING[1] res_phoneprov.c: Unable to find a valid server address or name.
[May 21 16:43:28] NOTICE[1] confbridge/conf_config_parser.c: Adding default_menu menu to app_confbridge
[May 21 16:43:28] WARNING[1] cel_pgsql.c: CEL pgsql config file missing global section.
[May 21 16:43:28] NOTICE[1] cdr_pgsql.c: cdr_pgsql configuration contains no global section, skipping module load.
[May 21 16:43:28] NOTICE[1] cdrel_custom/config.c: cdr_custom.conf: Loaded 0 configs
[May 21 16:43:28] WARNING[1] config.c: parse error: No category context for line 64 of /etc/asterisk/cel_sqlite3_custom.conf
[May 21 16:43:28] ERROR[1] cdrel_custom/config.c: Unable to load cel_sqlite3_custom.conf. Not logging CELs to custom database
[May 21 16:43:28] NOTICE[1] cdrel_custom/config.c: cel_custom.conf: Loaded 0 configs
[May 21 16:43:28] NOTICE[1] cdrel_custom/config.c: cdr_sqlite3_custom.conf: Loaded 0 configs
[May 21 16:43:28] WARNING[1] ael/pval.c: Warning: file /etc/asterisk/extensions.ael, line 196-196: macro call to ael-dundi-e164 cannot be found in the AEL code!
[May 21 16:43:28] WARNING[1] ael/pval.c: Warning: file /etc/asterisk/extensions.ael, line 209-209: macro call to ael-dundi-e164 cannot be found in the AEL code!
[May 21 16:43:28] WARNING[1] ael/pval.c: Warning: file /etc/asterisk/extensions.ael, line 328-328: macro call to ael-std-exten-ael cannot be found in the AEL code!
[May 21 16:43:28] WARNING[1] loader.c: Some non-required modules failed to load.
[May 21 16:43:29] WARNING[1] loader.c: Module 'res_adsi' has been loaded but may be removed in a future release.
[May 21 16:43:29] WARNING[1] loader.c: Module 'app_getcpeid' has been loaded but may be removed in a future release.
[May 21 16:43:29] WARNING[1] loader.c: Module 'app_adsiprog' has been loaded but may be removed in a future release.
[May 21 16:43:29] ERROR[1] loader.c: Error loading module 'format_ogg_vorbis.so': libvorbisenc.so.2: cannot open shared object file: No such file or directory
[May 21 16:43:29] ERROR[1] loader.c: cdr_pgsql declined to load.
[May 21 16:43:29] ERROR[1] loader.c: cdr_custom declined to load.
[May 21 16:43:29] ERROR[1] loader.c: cel_sqlite3_custom declined to load.
[May 21 16:43:29] ERROR[1] loader.c: cel_custom declined to load.
[May 21 16:43:29] ERROR[1] loader.c: cdr_sqlite3_custom declined to load.
[May 21 16:43:29] WARNING[31] pbx_config.c: users.conf is deprecated and will be removed in a future version of Asterisk
[May 21 16:44:09] ERROR[51] cdr_csv.c: Unable to open file /var/log/asterisk//cdr-csv//Master.csv : No such file or directory
[May 21 16:44:09] WARNING[51] cdr_csv.c: Unable to write CSV record to master '/var/log/asterisk//cdr-csv//Master.csv' : No such file or directory
[May 21 16:45:06] Asterisk 22.9.0 built by root @ buildkitsandbox on a x86_64 running Linux on 2026-05-06 10:04:55 UTC
[May 21 16:45:06] NOTICE[1] loader.c: 339 modules will be loaded.
[May 21 16:45:07] NOTICE[1] res_config_ldap.c: No directory user found, anonymous binding as default.
[May 21 16:45:07] ERROR[1] res_config_ldap.c: No directory URL or host found.
[May 21 16:45:07] ERROR[1] res_config_ldap.c: Cannot load LDAP RealTime driver.
[May 21 16:45:07] WARNING[1] res_config_pgsql.c: PostgreSQL RealTime: No database user found, using 'asterisk' as default.
[May 21 16:45:07] WARNING[1] res_config_pgsql.c: PostgreSQL RealTime: No database password found, using 'asterisk' as default.
[May 21 16:45:07] WARNING[1] res_config_pgsql.c: PostgreSQL RealTime: No database host found, using localhost via socket.
[May 21 16:45:07] WARNING[1] res_config_pgsql.c: PostgreSQL RealTime: No database name found, using 'asterisk' as default.
[May 21 16:45:07] WARNING[1] res_config_pgsql.c: PostgreSQL RealTime: No database port found, using 5432 as default.
[May 21 16:45:07] WARNING[1] res_config_pgsql.c: PostgreSQL RealTime: No database socket found, using '/tmp/.s.PGSQL.5432' as default.
[May 21 16:45:07] ERROR[1] res_config_pgsql.c: PostgreSQL RealTime: Failed to connect database asterisk on : 
[May 21 16:45:07] WARNING[1] res_config_pgsql.c: PostgreSQL RealTime: Couldn't establish connection. Check debug.
[May 21 16:45:07] NOTICE[1] cdr.c: CDR simple logging enabled.
[May 21 16:45:07] NOTICE[1] indications.c: Default country for indication tones: us
[May 21 16:45:07] NOTICE[1] indications.c: Setting default indication country to 'us'
[May 21 16:45:07] WARNING[1] res_musiconhold.c: No music on hold classes configured, disabling music on hold.
[May 21 16:45:07] NOTICE[1] res_smdi.c: No SMDI interfaces are available to listen on, not starting SMDI listener.
[May 21 16:45:07] WARNING[1] res_phoneprov.c: Unable to find a valid server address or name.
[May 21 16:45:08] NOTICE[1] confbridge/conf_config_parser.c: Adding default_menu menu to app_confbridge
[May 21 16:45:08] WARNING[1] cel_pgsql.c: CEL pgsql config file missing global section.
[May 21 16:45:08] NOTICE[1] cdr_pgsql.c: cdr_pgsql configuration contains no global section, skipping module load.
[May 21 16:45:08] NOTICE[1] cdrel_custom/config.c: cdr_custom.conf: Loaded 0 configs
[May 21 16:45:08] WARNING[1] config.c: parse error: No category context for line 64 of /etc/asterisk/cel_sqlite3_custom.conf
[May 21 16:45:08] ERROR[1] cdrel_custom/config.c: Unable to load cel_sqlite3_custom.conf. Not logging CELs to custom database
[May 21 16:45:08] NOTICE[1] cdrel_custom/config.c: cel_custom.conf: Loaded 0 configs
[May 21 16:45:08] NOTICE[1] cdrel_custom/config.c: cdr_sqlite3_custom.conf: Loaded 0 configs
[May 21 16:45:08] WARNING[1] ael/pval.c: Warning: file /etc/asterisk/extensions.ael, line 196-196: macro call to ael-dundi-e164 cannot be found in the AEL code!
[May 21 16:45:08] WARNING[1] ael/pval.c: Warning: file /etc/asterisk/extensions.ael, line 209-209: macro call to ael-dundi-e164 cannot be found in the AEL code!
[May 21 16:45:08] WARNING[1] ael/pval.c: Warning: file /etc/asterisk/extensions.ael, line 328-328: macro call to ael-std-exten-ael cannot be found in the AEL code!
[May 21 16:45:08] WARNING[1] loader.c: Some non-required modules failed to load.
[May 21 16:45:08] WARNING[1] loader.c: Module 'res_adsi' has been loaded but may be removed in a future release.
[May 21 16:45:08] WARNING[1] loader.c: Module 'app_getcpeid' has been loaded but may be removed in a future release.
[May 21 16:45:08] WARNING[1] loader.c: Module 'app_adsiprog' has been loaded but may be removed in a future release.
[May 21 16:45:08] ERROR[1] loader.c: Error loading module 'format_ogg_vorbis.so': libvorbisenc.so.2: cannot open shared object file: No such file or directory
[May 21 16:45:08] ERROR[1] loader.c: cdr_pgsql declined to load.
[May 21 16:45:08] ERROR[1] loader.c: cdr_custom declined to load.
[May 21 16:45:08] ERROR[1] loader.c: cel_sqlite3_custom declined to load.
[May 21 16:45:08] ERROR[1] loader.c: cel_custom declined to load.
[May 21 16:45:08] ERROR[1] loader.c: cdr_sqlite3_custom declined to load.
[May 21 16:45:08] WARNING[30] pbx_config.c: users.conf is deprecated and will be removed in a future version of Asterisk
[May 21 16:45:40] ERROR[50] cdr_csv.c: Unable to open file /var/log/asterisk//cdr-csv//Master.csv : No such file or directory
[May 21 16:45:40] WARNING[50] cdr_csv.c: Unable to write CSV record to master '/var/log/asterisk//cdr-csv//Master.csv' : No such file or directory
[May 21 16:46:58] Asterisk 22.9.0 built by root @ buildkitsandbox on a x86_64 running Linux on 2026-05-06 10:04:55 UTC
[May 21 16:46:58] NOTICE[1] loader.c: 339 modules will be loaded.
[May 21 16:46:58] NOTICE[1] res_config_ldap.c: No directory user found, anonymous binding as default.
[May 21 16:46:58] ERROR[1] res_config_ldap.c: No directory URL or host found.
[May 21 16:46:58] ERROR[1] res_config_ldap.c: Cannot load LDAP RealTime driver.
[May 21 16:46:58] WARNING[1] res_config_pgsql.c: PostgreSQL RealTime: No database user found, using 'asterisk' as default.
[May 21 16:46:58] WARNING[1] res_config_pgsql.c: PostgreSQL RealTime: No database password found, using 'asterisk' as default.
[May 21 16:46:58] WARNING[1] res_config_pgsql.c: PostgreSQL RealTime: No database host found, using localhost via socket.
[May 21 16:46:58] WARNING[1] res_config_pgsql.c: PostgreSQL RealTime: No database name found, using 'asterisk' as default.
[May 21 16:46:58] WARNING[1] res_config_pgsql.c: PostgreSQL RealTime: No database port found, using 5432 as default.
[May 21 16:46:58] WARNING[1] res_config_pgsql.c: PostgreSQL RealTime: No database socket found, using '/tmp/.s.PGSQL.5432' as default.
[May 21 16:46:58] ERROR[1] res_config_pgsql.c: PostgreSQL RealTime: Failed to connect database asterisk on : 
[May 21 16:46:58] WARNING[1] res_config_pgsql.c: PostgreSQL RealTime: Couldn't establish connection. Check debug.
[May 21 16:46:58] NOTICE[1] cdr.c: CDR simple logging enabled.
[May 21 16:46:58] NOTICE[1] indications.c: Default country for indication tones: us
[May 21 16:46:58] NOTICE[1] indications.c: Setting default indication country to 'us'
[May 21 16:46:58] WARNING[1] res_musiconhold.c: No music on hold classes configured, disabling music on hold.
[May 21 16:46:59] NOTICE[1] res_smdi.c: No SMDI interfaces are available to listen on, not starting SMDI listener.
[May 21 16:46:59] WARNING[1] res_phoneprov.c: Unable to find a valid server address or name.
[May 21 16:46:59] NOTICE[1] confbridge/conf_config_parser.c: Adding default_menu menu to app_confbridge
[May 21 16:46:59] WARNING[1] cel_pgsql.c: CEL pgsql config file missing global section.
[May 21 16:46:59] NOTICE[1] cdr_pgsql.c: cdr_pgsql configuration contains no global section, skipping module load.
[May 21 16:46:59] NOTICE[1] cdrel_custom/config.c: cdr_custom.conf: Loaded 0 configs
[May 21 16:46:59] WARNING[1] config.c: parse error: No category context for line 64 of /etc/asterisk/cel_sqlite3_custom.conf
[May 21 16:46:59] ERROR[1] cdrel_custom/config.c: Unable to load cel_sqlite3_custom.conf. Not logging CELs to custom database
[May 21 16:46:59] NOTICE[1] cdrel_custom/config.c: cel_custom.conf: Loaded 0 configs
[May 21 16:46:59] NOTICE[1] cdrel_custom/config.c: cdr_sqlite3_custom.conf: Loaded 0 configs
[May 21 16:46:59] WARNING[1] ael/pval.c: Warning: file /etc/asterisk/extensions.ael, line 196-196: macro call to ael-dundi-e164 cannot be found in the AEL code!
[May 21 16:46:59] WARNING[1] ael/pval.c: Warning: file /etc/asterisk/extensions.ael, line 209-209: macro call to ael-dundi-e164 cannot be found in the AEL code!
[May 21 16:46:59] WARNING[1] ael/pval.c: Warning: file /etc/asterisk/extensions.ael, line 328-328: macro call to ael-std-exten-ael cannot be found in the AEL code!
[May 21 16:46:59] WARNING[1] loader.c: Some non-required modules failed to load.
[May 21 16:46:59] WARNING[1] loader.c: Module 'res_adsi' has been loaded but may be removed in a future release.
[May 21 16:47:00] WARNING[1] loader.c: Module 'app_getcpeid' has been loaded but may be removed in a future release.
[May 21 16:47:00] WARNING[1] loader.c: Module 'app_adsiprog' has been loaded but may be removed in a future release.
[May 21 16:47:00] ERROR[1] loader.c: Error loading module 'format_ogg_vorbis.so': libvorbisenc.so.2: cannot open shared object file: No such file or directory
[May 21 16:47:00] ERROR[1] loader.c: cdr_pgsql declined to load.
[May 21 16:47:00] ERROR[1] loader.c: cdr_custom declined to load.
[May 21 16:47:00] ERROR[1] loader.c: cel_sqlite3_custom declined to load.
[May 21 16:47:00] ERROR[1] loader.c: cel_custom declined to load.
[May 21 16:47:00] ERROR[1] loader.c: cdr_sqlite3_custom declined to load.
[May 21 16:47:00] WARNING[24] pbx_config.c: users.conf is deprecated and will be removed in a future version of Asterisk
[May 21 16:49:10] ERROR[44] cdr_csv.c: Unable to open file /var/log/asterisk//cdr-csv//Master.csv : No such file or directory
[May 21 16:49:10] WARNING[44] cdr_csv.c: Unable to write CSV record to master '/var/log/asterisk//cdr-csv//Master.csv' : No such file or directory
[May 21 16:51:53] WARNING[211] res_http_websocket.c: Web socket closed abruptly
[May 21 16:51:53] WARNING[211] ari/ari_websockets.c: WebSocket read error: Success
[May 21 17:08:34] ERROR[44] cdr_csv.c: Unable to open file /var/log/asterisk//cdr-csv//Master.csv : No such file or directory
[May 21 17:08:34] WARNING[44] cdr_csv.c: Unable to write CSV record to master '/var/log/asterisk//cdr-csv//Master.csv' : No such file or directory
[May 21 17:15:03] Asterisk 22.9.0 built by root @ buildkitsandbox on a x86_64 running Linux on 2026-05-06 10:04:55 UTC
[May 21 17:15:03] NOTICE[1] loader.c: 339 modules will be loaded.
[May 21 17:15:04] NOTICE[1] res_config_ldap.c: No directory user found, anonymous binding as default.
[May 21 17:15:04] ERROR[1] res_config_ldap.c: No directory URL or host found.
[May 21 17:15:04] ERROR[1] res_config_ldap.c: Cannot load LDAP RealTime driver.
[May 21 17:15:04] WARNING[1] res_config_pgsql.c: PostgreSQL RealTime: No database user found, using 'asterisk' as default.
[May 21 17:15:04] WARNING[1] res_config_pgsql.c: PostgreSQL RealTime: No database password found, using 'asterisk' as default.
[May 21 17:15:04] WARNING[1] res_config_pgsql.c: PostgreSQL RealTime: No database host found, using localhost via socket.
[May 21 17:15:04] WARNING[1] res_config_pgsql.c: PostgreSQL RealTime: No database name found, using 'asterisk' as default.
[May 21 17:15:04] WARNING[1] res_config_pgsql.c: PostgreSQL RealTime: No database port found, using 5432 as default.
[May 21 17:15:04] WARNING[1] res_config_pgsql.c: PostgreSQL RealTime: No database socket found, using '/tmp/.s.PGSQL.5432' as default.
[May 21 17:15:04] ERROR[1] res_config_pgsql.c: PostgreSQL RealTime: Failed to connect database asterisk on : 
[May 21 17:15:04] WARNING[1] res_config_pgsql.c: PostgreSQL RealTime: Couldn't establish connection. Check debug.
[May 21 17:15:04] NOTICE[1] cdr.c: CDR simple logging enabled.
[May 21 17:15:04] NOTICE[1] indications.c: Default country for indication tones: us
[May 21 17:15:04] NOTICE[1] indications.c: Setting default indication country to 'us'
[May 21 17:15:05] WARNING[1] res_musiconhold.c: No music on hold classes configured, disabling music on hold.
[May 21 17:15:05] NOTICE[1] res_smdi.c: No SMDI interfaces are available to listen on, not starting SMDI listener.
[May 21 17:15:05] WARNING[1] res_phoneprov.c: Unable to find a valid server address or name.
[May 21 17:15:06] NOTICE[1] confbridge/conf_config_parser.c: Adding default_menu menu to app_confbridge
[May 21 17:15:06] WARNING[1] cel_pgsql.c: CEL pgsql config file missing global section.
[May 21 17:15:06] NOTICE[1] cdr_pgsql.c: cdr_pgsql configuration contains no global section, skipping module load.
[May 21 17:15:06] NOTICE[1] cdrel_custom/config.c: cdr_custom.conf: Loaded 0 configs
[May 21 17:15:06] WARNING[1] config.c: parse error: No category context for line 64 of /etc/asterisk/cel_sqlite3_custom.conf
[May 21 17:15:06] ERROR[1] cdrel_custom/config.c: Unable to load cel_sqlite3_custom.conf. Not logging CELs to custom database
[May 21 17:15:06] NOTICE[1] cdrel_custom/config.c: cel_custom.conf: Loaded 0 configs
[May 21 17:15:06] NOTICE[1] cdrel_custom/config.c: cdr_sqlite3_custom.conf: Loaded 0 configs
[May 21 17:15:06] WARNING[1] ael/pval.c: Warning: file /etc/asterisk/extensions.ael, line 196-196: macro call to ael-dundi-e164 cannot be found in the AEL code!
[May 21 17:15:06] WARNING[1] ael/pval.c: Warning: file /etc/asterisk/extensions.ael, line 209-209: macro call to ael-dundi-e164 cannot be found in the AEL code!
[May 21 17:15:06] WARNING[1] ael/pval.c: Warning: file /etc/asterisk/extensions.ael, line 328-328: macro call to ael-std-exten-ael cannot be found in the AEL code!
[May 21 17:15:06] WARNING[1] loader.c: Some non-required modules failed to load.
[May 21 17:15:06] WARNING[1] loader.c: Module 'res_adsi' has been loaded but may be removed in a future release.
[May 21 17:15:06] WARNING[1] loader.c: Module 'app_getcpeid' has been loaded but may be removed in a future release.
[May 21 17:15:06] WARNING[1] loader.c: Module 'app_adsiprog' has been loaded but may be removed in a future release.
[May 21 17:15:06] ERROR[1] loader.c: Error loading module 'format_ogg_vorbis.so': libvorbisenc.so.2: cannot open shared object file: No such file or directory
[May 21 17:15:06] ERROR[1] loader.c: cdr_pgsql declined to load.
[May 21 17:15:06] ERROR[1] loader.c: cdr_custom declined to load.
[May 21 17:15:06] ERROR[1] loader.c: cel_sqlite3_custom declined to load.
[May 21 17:15:06] ERROR[1] loader.c: cel_custom declined to load.
[May 21 17:15:06] ERROR[1] loader.c: cdr_sqlite3_custom declined to load.
[May 21 17:15:06] WARNING[25] pbx_config.c: users.conf is deprecated and will be removed in a future version of Asterisk
[May 21 17:45:32] Asterisk 22.9.0 built by root @ buildkitsandbox on a x86_64 running Linux on 2026-05-06 10:04:55 UTC
[May 21 17:45:32] NOTICE[1] loader.c: 339 modules will be loaded.
[May 21 17:45:33] NOTICE[1] res_config_ldap.c: No directory user found, anonymous binding as default.
[May 21 17:45:33] ERROR[1] res_config_ldap.c: No directory URL or host found.
[May 21 17:45:33] ERROR[1] res_config_ldap.c: Cannot load LDAP RealTime driver.
[May 21 17:45:33] WARNING[1] res_config_pgsql.c: PostgreSQL RealTime: No database user found, using 'asterisk' as default.
[May 21 17:45:33] WARNING[1] res_config_pgsql.c: PostgreSQL RealTime: No database password found, using 'asterisk' as default.
[May 21 17:45:33] WARNING[1] res_config_pgsql.c: PostgreSQL RealTime: No database host found, using localhost via socket.
[May 21 17:45:33] WARNING[1] res_config_pgsql.c: PostgreSQL RealTime: No database name found, using 'asterisk' as default.
[May 21 17:45:33] WARNING[1] res_config_pgsql.c: PostgreSQL RealTime: No database port found, using 5432 as default.
[May 21 17:45:33] WARNING[1] res_config_pgsql.c: PostgreSQL RealTime: No database socket found, using '/tmp/.s.PGSQL.5432' as default.
[May 21 17:45:33] ERROR[1] res_config_pgsql.c: PostgreSQL RealTime: Failed to connect database asterisk on : 
[May 21 17:45:33] WARNING[1] res_config_pgsql.c: PostgreSQL RealTime: Couldn't establish connection. Check debug.
[May 21 17:45:33] NOTICE[1] cdr.c: CDR simple logging enabled.
[May 21 17:45:33] NOTICE[1] indications.c: Default country for indication tones: us
[May 21 17:45:33] NOTICE[1] indications.c: Setting default indication country to 'us'
[May 21 17:45:33] WARNING[1] res_musiconhold.c: No music on hold classes configured, disabling music on hold.
[May 21 17:45:34] NOTICE[1] res_smdi.c: No SMDI interfaces are available to listen on, not starting SMDI listener.
[May 21 17:45:34] WARNING[1] res_phoneprov.c: Unable to find a valid server address or name.
[May 21 17:45:34] NOTICE[1] confbridge/conf_config_parser.c: Adding default_menu menu to app_confbridge
[May 21 17:45:34] WARNING[1] cel_pgsql.c: CEL pgsql config file missing global section.
[May 21 17:45:34] NOTICE[1] cdr_pgsql.c: cdr_pgsql configuration contains no global section, skipping module load.
[May 21 17:45:34] NOTICE[1] cdrel_custom/config.c: cdr_custom.conf: Loaded 0 configs
[May 21 17:45:34] WARNING[1] config.c: parse error: No category context for line 64 of /etc/asterisk/cel_sqlite3_custom.conf
[May 21 17:45:34] ERROR[1] cdrel_custom/config.c: Unable to load cel_sqlite3_custom.conf. Not logging CELs to custom database
[May 21 17:45:34] NOTICE[1] cdrel_custom/config.c: cel_custom.conf: Loaded 0 configs
[May 21 17:45:34] NOTICE[1] cdrel_custom/config.c: cdr_sqlite3_custom.conf: Loaded 0 configs
[May 21 17:45:34] WARNING[1] ael/pval.c: Warning: file /etc/asterisk/extensions.ael, line 196-196: macro call to ael-dundi-e164 cannot be found in the AEL code!
[May 21 17:45:34] WARNING[1] ael/pval.c: Warning: file /etc/asterisk/extensions.ael, line 209-209: macro call to ael-dundi-e164 cannot be found in the AEL code!
[May 21 17:45:34] WARNING[1] ael/pval.c: Warning: file /etc/asterisk/extensions.ael, line 328-328: macro call to ael-std-exten-ael cannot be found in the AEL code!
[May 21 17:45:34] WARNING[1] loader.c: Some non-required modules failed to load.
[May 21 17:45:34] WARNING[1] loader.c: Module 'res_adsi' has been loaded but may be removed in a future release.
[May 21 17:45:34] WARNING[1] loader.c: Module 'app_getcpeid' has been loaded but may be removed in a future release.
[May 21 17:45:34] WARNING[1] loader.c: Module 'app_adsiprog' has been loaded but may be removed in a future release.
[May 21 17:45:35] ERROR[1] loader.c: Error loading module 'format_ogg_vorbis.so': libvorbisenc.so.2: cannot open shared object file: No such file or directory
[May 21 17:45:35] ERROR[1] loader.c: cdr_pgsql declined to load.
[May 21 17:45:35] ERROR[1] loader.c: cdr_custom declined to load.
[May 21 17:45:35] ERROR[1] loader.c: cel_sqlite3_custom declined to load.
[May 21 17:45:35] ERROR[1] loader.c: cel_custom declined to load.
[May 21 17:45:35] ERROR[1] loader.c: cdr_sqlite3_custom declined to load.
[May 21 17:45:35] WARNING[24] pbx_config.c: users.conf is deprecated and will be removed in a future version of Asterisk
[May 21 17:49:49] WARNING[437][C-00000001] res_musiconhold.c: Unable to start music on hold class 'default' on channel PJSIP/100-00000000
[May 21 17:49:49] WARNING[437][C-00000001] ari/ari_websockets.c: PJSIP/100-00000000: Failed to find outbound websocket per-call config for app 'main-app'
[May 21 17:49:49] WARNING[437][C-00000001] app_stasis.c: PJSIP/100-00000000: Stasis app 'main-app' doesn't exist
[May 21 17:49:49] ERROR[44] cdr_csv.c: Unable to open file /var/log/asterisk//cdr-csv//Master.csv : No such file or directory
[May 21 17:49:49] WARNING[44] cdr_csv.c: Unable to write CSV record to master '/var/log/asterisk//cdr-csv//Master.csv' : No such file or directory
[May 21 17:49:58] WARNING[439][C-00000002] res_musiconhold.c: Unable to start music on hold class 'default' on channel PJSIP/100-00000001
[May 21 17:49:58] WARNING[439][C-00000002] ari/ari_websockets.c: PJSIP/100-00000001: Failed to find outbound websocket per-call config for app 'main-app'
[May 21 17:49:58] WARNING[439][C-00000002] app_stasis.c: PJSIP/100-00000001: Stasis app 'main-app' doesn't exist
[May 21 17:49:58] ERROR[44] cdr_csv.c: Unable to open file /var/log/asterisk//cdr-csv//Master.csv : No such file or directory
[May 21 17:49:58] WARNING[44] cdr_csv.c: Unable to write CSV record to master '/var/log/asterisk//cdr-csv//Master.csv' : No such file or directory
[May 21 17:52:59] Asterisk 22.9.0 built by root @ buildkitsandbox on a x86_64 running Linux on 2026-05-06 10:04:55 UTC
[May 21 17:52:59] NOTICE[1] loader.c: 339 modules will be loaded.
[May 21 17:53:00] NOTICE[1] res_config_ldap.c: No directory user found, anonymous binding as default.
[May 21 17:53:00] ERROR[1] res_config_ldap.c: No directory URL or host found.
[May 21 17:53:00] ERROR[1] res_config_ldap.c: Cannot load LDAP RealTime driver.
[May 21 17:53:00] WARNING[1] res_config_pgsql.c: PostgreSQL RealTime: No database user found, using 'asterisk' as default.
[May 21 17:53:00] WARNING[1] res_config_pgsql.c: PostgreSQL RealTime: No database password found, using 'asterisk' as default.
[May 21 17:53:00] WARNING[1] res_config_pgsql.c: PostgreSQL RealTime: No database host found, using localhost via socket.
[May 21 17:53:00] WARNING[1] res_config_pgsql.c: PostgreSQL RealTime: No database name found, using 'asterisk' as default.
[May 21 17:53:00] WARNING[1] res_config_pgsql.c: PostgreSQL RealTime: No database port found, using 5432 as default.
[May 21 17:53:00] WARNING[1] res_config_pgsql.c: PostgreSQL RealTime: No database socket found, using '/tmp/.s.PGSQL.5432' as default.
[May 21 17:53:00] ERROR[1] res_config_pgsql.c: PostgreSQL RealTime: Failed to connect database asterisk on : 
[May 21 17:53:00] WARNING[1] res_config_pgsql.c: PostgreSQL RealTime: Couldn't establish connection. Check debug.
[May 21 17:53:00] NOTICE[1] cdr.c: CDR simple logging enabled.
[May 21 17:53:00] NOTICE[1] indications.c: Default country for indication tones: us
[May 21 17:53:00] NOTICE[1] indications.c: Setting default indication country to 'us'
[May 21 17:53:01] WARNING[1] res_musiconhold.c: No music on hold classes configured, disabling music on hold.
[May 21 17:53:01] NOTICE[1] res_smdi.c: No SMDI interfaces are available to listen on, not starting SMDI listener.
[May 21 17:53:01] WARNING[1] res_phoneprov.c: Unable to find a valid server address or name.
[May 21 17:53:01] NOTICE[1] confbridge/conf_config_parser.c: Adding default_menu menu to app_confbridge
[May 21 17:53:01] WARNING[1] cel_pgsql.c: CEL pgsql config file missing global section.
[May 21 17:53:01] NOTICE[1] cdr_pgsql.c: cdr_pgsql configuration contains no global section, skipping module load.
[May 21 17:53:01] NOTICE[1] cdrel_custom/config.c: cdr_custom.conf: Loaded 0 configs
[May 21 17:53:01] WARNING[1] config.c: parse error: No category context for line 64 of /etc/asterisk/cel_sqlite3_custom.conf
[May 21 17:53:01] ERROR[1] cdrel_custom/config.c: Unable to load cel_sqlite3_custom.conf. Not logging CELs to custom database
[May 21 17:53:01] NOTICE[1] cdrel_custom/config.c: cel_custom.conf: Loaded 0 configs
[May 21 17:53:01] NOTICE[1] cdrel_custom/config.c: cdr_sqlite3_custom.conf: Loaded 0 configs
[May 21 17:53:01] WARNING[1] ael/pval.c: Warning: file /etc/asterisk/extensions.ael, line 196-196: macro call to ael-dundi-e164 cannot be found in the AEL code!
[May 21 17:53:01] WARNING[1] ael/pval.c: Warning: file /etc/asterisk/extensions.ael, line 209-209: macro call to ael-dundi-e164 cannot be found in the AEL code!
[May 21 17:53:01] WARNING[1] ael/pval.c: Warning: file /etc/asterisk/extensions.ael, line 328-328: macro call to ael-std-exten-ael cannot be found in the AEL code!
[May 21 17:53:02] WARNING[1] loader.c: Some non-required modules failed to load.
[May 21 17:53:02] WARNING[1] loader.c: Module 'res_adsi' has been loaded but may be removed in a future release.
[May 21 17:53:02] WARNING[1] loader.c: Module 'app_getcpeid' has been loaded but may be removed in a future release.
[May 21 17:53:02] WARNING[1] loader.c: Module 'app_adsiprog' has been loaded but may be removed in a future release.
[May 21 17:53:02] ERROR[1] loader.c: Error loading module 'format_ogg_vorbis.so': libvorbisenc.so.2: cannot open shared object file: No such file or directory
[May 21 17:53:02] ERROR[1] loader.c: cdr_pgsql declined to load.
[May 21 17:53:02] ERROR[1] loader.c: cdr_custom declined to load.
[May 21 17:53:02] ERROR[1] loader.c: cel_sqlite3_custom declined to load.
[May 21 17:53:02] ERROR[1] loader.c: cel_custom declined to load.
[May 21 17:53:02] ERROR[1] loader.c: cdr_sqlite3_custom declined to load.
[May 21 17:53:02] WARNING[24] pbx_config.c: users.conf is deprecated and will be removed in a future version of Asterisk
[May 21 17:54:07] ERROR[44] cdr_csv.c: Unable to open file /var/log/asterisk//cdr-csv//Master.csv : No such file or directory
[May 21 17:54:07] WARNING[44] cdr_csv.c: Unable to write CSV record to master '/var/log/asterisk//cdr-csv//Master.csv' : No such file or directory
[May 21 18:00:53] Asterisk 22.9.0 built by root @ buildkitsandbox on a x86_64 running Linux on 2026-05-06 10:04:55 UTC
[May 21 18:00:53] NOTICE[1] loader.c: 339 modules will be loaded.
[May 21 18:00:53] NOTICE[1] res_config_ldap.c: No directory user found, anonymous binding as default.
[May 21 18:00:53] ERROR[1] res_config_ldap.c: No directory URL or host found.
[May 21 18:00:53] ERROR[1] res_config_ldap.c: Cannot load LDAP RealTime driver.
[May 21 18:00:53] WARNING[1] res_config_pgsql.c: PostgreSQL RealTime: No database user found, using 'asterisk' as default.
[May 21 18:00:53] WARNING[1] res_config_pgsql.c: PostgreSQL RealTime: No database password found, using 'asterisk' as default.
[May 21 18:00:53] WARNING[1] res_config_pgsql.c: PostgreSQL RealTime: No database host found, using localhost via socket.
[May 21 18:00:53] WARNING[1] res_config_pgsql.c: PostgreSQL RealTime: No database name found, using 'asterisk' as default.
[May 21 18:00:53] WARNING[1] res_config_pgsql.c: PostgreSQL RealTime: No database port found, using 5432 as default.
[May 21 18:00:53] WARNING[1] res_config_pgsql.c: PostgreSQL RealTime: No database socket found, using '/tmp/.s.PGSQL.5432' as default.
[May 21 18:00:53] ERROR[1] res_config_pgsql.c: PostgreSQL RealTime: Failed to connect database asterisk on : 
[May 21 18:00:53] WARNING[1] res_config_pgsql.c: PostgreSQL RealTime: Couldn't establish connection. Check debug.
[May 21 18:00:53] NOTICE[1] cdr.c: CDR simple logging enabled.
[May 21 18:00:53] NOTICE[1] indications.c: Default country for indication tones: us
[May 21 18:00:53] NOTICE[1] indications.c: Setting default indication country to 'us'
[May 21 18:00:54] WARNING[1] res_musiconhold.c: No music on hold classes configured, disabling music on hold.
[May 21 18:00:54] NOTICE[1] res_smdi.c: No SMDI interfaces are available to listen on, not starting SMDI listener.
[May 21 18:00:54] WARNING[1] res_phoneprov.c: Unable to find a valid server address or name.
[May 21 18:00:54] NOTICE[1] confbridge/conf_config_parser.c: Adding default_menu menu to app_confbridge
[May 21 18:00:55] WARNING[1] cel_pgsql.c: CEL pgsql config file missing global section.
[May 21 18:00:55] NOTICE[1] cdr_pgsql.c: cdr_pgsql configuration contains no global section, skipping module load.
[May 21 18:00:55] NOTICE[1] cdrel_custom/config.c: cdr_custom.conf: Loaded 0 configs
[May 21 18:00:55] WARNING[1] config.c: parse error: No category context for line 64 of /etc/asterisk/cel_sqlite3_custom.conf
[May 21 18:00:55] ERROR[1] cdrel_custom/config.c: Unable to load cel_sqlite3_custom.conf. Not logging CELs to custom database
[May 21 18:00:55] NOTICE[1] cdrel_custom/config.c: cel_custom.conf: Loaded 0 configs
[May 21 18:00:55] NOTICE[1] cdrel_custom/config.c: cdr_sqlite3_custom.conf: Loaded 0 configs
[May 21 18:00:55] WARNING[1] ael/pval.c: Warning: file /etc/asterisk/extensions.ael, line 196-196: macro call to ael-dundi-e164 cannot be found in the AEL code!
[May 21 18:00:55] WARNING[1] ael/pval.c: Warning: file /etc/asterisk/extensions.ael, line 209-209: macro call to ael-dundi-e164 cannot be found in the AEL code!
[May 21 18:00:55] WARNING[1] ael/pval.c: Warning: file /etc/asterisk/extensions.ael, line 328-328: macro call to ael-std-exten-ael cannot be found in the AEL code!
[May 21 18:00:55] WARNING[1] loader.c: Some non-required modules failed to load.
[May 21 18:00:55] WARNING[1] loader.c: Module 'res_adsi' has been loaded but may be removed in a future release.
[May 21 18:00:55] WARNING[1] loader.c: Module 'app_getcpeid' has been loaded but may be removed in a future release.
[May 21 18:00:55] WARNING[1] loader.c: Module 'app_adsiprog' has been loaded but may be removed in a future release.
[May 21 18:00:55] ERROR[1] loader.c: Error loading module 'format_ogg_vorbis.so': libvorbisenc.so.2: cannot open shared object file: No such file or directory
[May 21 18:00:55] ERROR[1] loader.c: cdr_pgsql declined to load.
[May 21 18:00:55] ERROR[1] loader.c: cdr_custom declined to load.
[May 21 18:00:55] ERROR[1] loader.c: cel_sqlite3_custom declined to load.
[May 21 18:00:55] ERROR[1] loader.c: cel_custom declined to load.
[May 21 18:00:55] ERROR[1] loader.c: cdr_sqlite3_custom declined to load.
[May 21 18:00:55] WARNING[24] pbx_config.c: users.conf is deprecated and will be removed in a future version of Asterisk
[May 21 18:14:53] WARNING[1050] res_http_websocket.c: Web socket closed abruptly
[May 21 18:14:53] WARNING[1050] ari/ari_websockets.c: WebSocket read error: Success
[May 21 18:15:25] WARNING[1168] res_http_websocket.c: Web socket closed abruptly
[May 21 18:15:25] WARNING[1168] ari/ari_websockets.c: WebSocket read error: Success
[May 21 18:15:39] ERROR[1214] res_rtp_asterisk.c: Oh dear... we couldn't allocate a port for RTP instance '0x7c1ac4181640'
[May 21 18:16:21] Asterisk 22.9.0 built by root @ buildkitsandbox on a x86_64 running Linux on 2026-05-06 10:04:55 UTC
[May 21 18:16:21] NOTICE[1] loader.c: 339 modules will be loaded.
[May 21 18:16:22] NOTICE[1] res_config_ldap.c: No directory user found, anonymous binding as default.
[May 21 18:16:22] ERROR[1] res_config_ldap.c: No directory URL or host found.
[May 21 18:16:22] ERROR[1] res_config_ldap.c: Cannot load LDAP RealTime driver.
[May 21 18:16:22] WARNING[1] res_config_pgsql.c: PostgreSQL RealTime: No database user found, using 'asterisk' as default.
[May 21 18:16:22] WARNING[1] res_config_pgsql.c: PostgreSQL RealTime: No database password found, using 'asterisk' as default.
[May 21 18:16:22] WARNING[1] res_config_pgsql.c: PostgreSQL RealTime: No database host found, using localhost via socket.
[May 21 18:16:22] WARNING[1] res_config_pgsql.c: PostgreSQL RealTime: No database name found, using 'asterisk' as default.
[May 21 18:16:22] WARNING[1] res_config_pgsql.c: PostgreSQL RealTime: No database port found, using 5432 as default.
[May 21 18:16:22] WARNING[1] res_config_pgsql.c: PostgreSQL RealTime: No database socket found, using '/tmp/.s.PGSQL.5432' as default.
[May 21 18:16:22] ERROR[1] res_config_pgsql.c: PostgreSQL RealTime: Failed to connect database asterisk on : 
[May 21 18:16:22] WARNING[1] res_config_pgsql.c: PostgreSQL RealTime: Couldn't establish connection. Check debug.
[May 21 18:16:22] NOTICE[1] cdr.c: CDR simple logging enabled.
[May 21 18:16:22] NOTICE[1] indications.c: Default country for indication tones: us
[May 21 18:16:22] NOTICE[1] indications.c: Setting default indication country to 'us'
[May 21 18:16:22] WARNING[1] res_musiconhold.c: No music on hold classes configured, disabling music on hold.
[May 21 18:16:22] NOTICE[1] res_smdi.c: No SMDI interfaces are available to listen on, not starting SMDI listener.
[May 21 18:16:22] WARNING[1] res_phoneprov.c: Unable to find a valid server address or name.
[May 21 18:16:23] NOTICE[1] confbridge/conf_config_parser.c: Adding default_menu menu to app_confbridge
[May 21 18:16:23] WARNING[1] cel_pgsql.c: CEL pgsql config file missing global section.
[May 21 18:16:23] NOTICE[1] cdr_pgsql.c: cdr_pgsql configuration contains no global section, skipping module load.
[May 21 18:16:23] NOTICE[1] cdrel_custom/config.c: cdr_custom.conf: Loaded 0 configs
[May 21 18:16:23] WARNING[1] config.c: parse error: No category context for line 64 of /etc/asterisk/cel_sqlite3_custom.conf
[May 21 18:16:23] ERROR[1] cdrel_custom/config.c: Unable to load cel_sqlite3_custom.conf. Not logging CELs to custom database
[May 21 18:16:23] NOTICE[1] cdrel_custom/config.c: cel_custom.conf: Loaded 0 configs
[May 21 18:16:23] NOTICE[1] cdrel_custom/config.c: cdr_sqlite3_custom.conf: Loaded 0 configs
[May 21 18:21:41] Asterisk 22.9.0 built by root @ buildkitsandbox on a x86_64 running Linux on 2026-05-06 10:04:55 UTC
[May 21 18:21:41] NOTICE[1] loader.c: 339 modules will be loaded.
[May 21 18:21:42] NOTICE[1] res_config_ldap.c: No directory user found, anonymous binding as default.
[May 21 18:21:42] ERROR[1] res_config_ldap.c: No directory URL or host found.
[May 21 18:21:42] ERROR[1] res_config_ldap.c: Cannot load LDAP RealTime driver.
[May 21 18:21:42] WARNING[1] res_config_pgsql.c: PostgreSQL RealTime: No database user found, using 'asterisk' as default.
[May 21 18:21:42] WARNING[1] res_config_pgsql.c: PostgreSQL RealTime: No database password found, using 'asterisk' as default.
[May 21 18:21:42] WARNING[1] res_config_pgsql.c: PostgreSQL RealTime: No database host found, using localhost via socket.
[May 21 18:21:42] WARNING[1] res_config_pgsql.c: PostgreSQL RealTime: No database name found, using 'asterisk' as default.
[May 21 18:21:42] WARNING[1] res_config_pgsql.c: PostgreSQL RealTime: No database port found, using 5432 as default.
[May 21 18:21:42] WARNING[1] res_config_pgsql.c: PostgreSQL RealTime: No database socket found, using '/tmp/.s.PGSQL.5432' as default.
[May 21 18:21:42] ERROR[1] res_config_pgsql.c: PostgreSQL RealTime: Failed to connect database asterisk on : 
[May 21 18:21:42] WARNING[1] res_config_pgsql.c: PostgreSQL RealTime: Couldn't establish connection. Check debug.
[May 21 18:21:42] NOTICE[1] cdr.c: CDR simple logging enabled.
[May 21 18:21:42] NOTICE[1] indications.c: Default country for indication tones: us
[May 21 18:21:42] NOTICE[1] indications.c: Setting default indication country to 'us'
[May 21 18:21:42] WARNING[1] res_musiconhold.c: No music on hold classes configured, disabling music on hold.
[May 21 18:21:43] NOTICE[1] res_smdi.c: No SMDI interfaces are available to listen on, not starting SMDI listener.
[May 21 18:21:43] WARNING[1] res_phoneprov.c: Unable to find a valid server address or name.
[May 21 18:21:43] NOTICE[1] confbridge/conf_config_parser.c: Adding default_menu menu to app_confbridge
[May 21 18:21:43] WARNING[1] cel_pgsql.c: CEL pgsql config file missing global section.
[May 21 18:21:43] NOTICE[1] cdr_pgsql.c: cdr_pgsql configuration contains no global section, skipping module load.
[May 21 18:21:43] NOTICE[1] cdrel_custom/config.c: cdr_custom.conf: Loaded 0 configs
[May 21 18:21:43] WARNING[1] config.c: parse error: No category context for line 64 of /etc/asterisk/cel_sqlite3_custom.conf
[May 21 18:21:43] ERROR[1] cdrel_custom/config.c: Unable to load cel_sqlite3_custom.conf. Not logging CELs to custom database
[May 21 18:21:43] NOTICE[1] cdrel_custom/config.c: cel_custom.conf: Loaded 0 configs
[May 21 18:21:43] NOTICE[1] cdrel_custom/config.c: cdr_sqlite3_custom.conf: Loaded 0 configs
[May 21 18:21:43] WARNING[1] ael/pval.c: Warning: file /etc/asterisk/extensions.ael, line 196-196: macro call to ael-dundi-e164 cannot be found in the AEL code!
[May 21 18:21:43] WARNING[1] ael/pval.c: Warning: file /etc/asterisk/extensions.ael, line 209-209: macro call to ael-dundi-e164 cannot be found in the AEL code!
[May 21 18:21:43] WARNING[1] ael/pval.c: Warning: file /etc/asterisk/extensions.ael, line 328-328: macro call to ael-std-exten-ael cannot be found in the AEL code!
[May 21 18:21:44] WARNING[1] loader.c: Some non-required modules failed to load.
[May 21 18:21:44] WARNING[1] loader.c: Module 'res_adsi' has been loaded but may be removed in a future release.
[May 21 18:21:44] WARNING[1] loader.c: Module 'app_getcpeid' has been loaded but may be removed in a future release.
[May 21 18:21:44] WARNING[1] loader.c: Module 'app_adsiprog' has been loaded but may be removed in a future release.
[May 21 18:21:44] ERROR[1] loader.c: Error loading module 'format_ogg_vorbis.so': libvorbisenc.so.2: cannot open shared object file: No such file or directory
[May 21 18:21:44] ERROR[1] loader.c: cdr_pgsql declined to load.
[May 21 18:21:44] ERROR[1] loader.c: cdr_custom declined to load.
[May 21 18:21:44] ERROR[1] loader.c: cel_sqlite3_custom declined to load.
[May 21 18:21:44] ERROR[1] loader.c: cel_custom declined to load.
[May 21 18:21:44] ERROR[1] loader.c: cdr_sqlite3_custom declined to load.
[May 21 18:21:44] WARNING[24] pbx_config.c: users.conf is deprecated and will be removed in a future version of Asterisk
[May 21 18:23:35] ERROR[44] cdr_csv.c: Unable to open file /var/log/asterisk//cdr-csv//Master.csv : No such file or directory
[May 21 18:23:35] WARNING[44] cdr_csv.c: Unable to write CSV record to master '/var/log/asterisk//cdr-csv//Master.csv' : No such file or directory
[May 21 18:24:40] WARNING[133] res_http_websocket.c: Web socket closed abruptly
[May 21 18:24:40] WARNING[133] ari/ari_websockets.c: WebSocket read error: Success
[May 21 19:23:36] WARNING[4744] stasis/app.c: Not creating context 'stasis-main-app' for Stasis application 'main-app' because it already exists
[May 21 19:24:31] ERROR[44] cdr_csv.c: Unable to open file /var/log/asterisk//cdr-csv//Master.csv : No such file or directory
[May 21 19:24:31] WARNING[44] cdr_csv.c: Unable to write CSV record to master '/var/log/asterisk//cdr-csv//Master.csv' : No such file or directory
[May 21 19:25:15] WARNING[4744] res_http_websocket.c: Web socket closed abruptly
[May 21 19:25:15] WARNING[4744] ari/ari_websockets.c: WebSocket read error: Success
[May 21 19:25:25] WARNING[4905] stasis/app.c: Not creating context 'stasis-main-app' for Stasis application 'main-app' because it already exists
[May 21 19:26:51] ERROR[44] cdr_csv.c: Unable to open file /var/log/asterisk//cdr-csv//Master.csv : No such file or directory
[May 21 19:26:51] WARNING[44] cdr_csv.c: Unable to write CSV record to master '/var/log/asterisk//cdr-csv//Master.csv' : No such file or directory
[May 21 19:26:55] WARNING[4905] res_http_websocket.c: Web socket closed abruptly
[May 21 19:26:55] WARNING[4905] ari/ari_websockets.c: WebSocket read error: Success
[May 21 19:28:16] WARNING[5105] stasis/app.c: Not creating context 'stasis-main-app' for Stasis application 'main-app' because it already exists
[May 21 19:30:25] ERROR[44] cdr_csv.c: Unable to open file /var/log/asterisk//cdr-csv//Master.csv : No such file or directory
[May 21 19:30:25] WARNING[44] cdr_csv.c: Unable to write CSV record to master '/var/log/asterisk//cdr-csv//Master.csv' : No such file or directory
[May 21 19:30:28] WARNING[5105] res_http_websocket.c: Web socket closed abruptly
[May 21 19:30:28] WARNING[5105] ari/ari_websockets.c: WebSocket read error: Success
[May 21 19:31:12] WARNING[5342] stasis/app.c: Not creating context 'stasis-main-app' for Stasis application 'main-app' because it already exists
[May 21 19:31:30] ERROR[44] cdr_csv.c: Unable to open file /var/log/asterisk//cdr-csv//Master.csv : No such file or directory
[May 21 19:31:30] WARNING[44] cdr_csv.c: Unable to write CSV record to master '/var/log/asterisk//cdr-csv//Master.csv' : No such file or directory
[May 21 19:31:48] WARNING[5342] res_http_websocket.c: Web socket closed abruptly
[May 21 19:31:48] WARNING[5342] ari/ari_websockets.c: WebSocket read error: Success
[May 21 19:33:48] WARNING[5541] stasis/app.c: Not creating context 'stasis-main-app' for Stasis application 'main-app' because it already exists
[May 21 19:36:30] ERROR[44] cdr_csv.c: Unable to open file /var/log/asterisk//cdr-csv//Master.csv : No such file or directory
[May 21 19:36:30] WARNING[44] cdr_csv.c: Unable to write CSV record to master '/var/log/asterisk//cdr-csv//Master.csv' : No such file or directory
[May 21 19:36:35] WARNING[5541] res_http_websocket.c: Web socket closed abruptly
[May 21 19:36:35] WARNING[5541] ari/ari_websockets.c: WebSocket read error: Success
[May 21 19:38:28] WARNING[5894] stasis/app.c: Not creating context 'stasis-main-app' for Stasis application 'main-app' because it already exists
[May 21 19:39:51] ERROR[44] cdr_csv.c: Unable to open file /var/log/asterisk//cdr-csv//Master.csv : No such file or directory
[May 21 19:39:51] WARNING[44] cdr_csv.c: Unable to write CSV record to master '/var/log/asterisk//cdr-csv//Master.csv' : No such file or directory
[May 21 19:40:28] WARNING[5894] res_http_websocket.c: Web socket closed abruptly
[May 21 19:40:28] WARNING[5894] ari/ari_websockets.c: WebSocket read error: Success
[May 21 19:42:50] WARNING[6246] stasis/app.c: Not creating context 'stasis-main-app' for Stasis application 'main-app' because it already exists
[May 21 19:43:03] ERROR[44] cdr_csv.c: Unable to open file /var/log/asterisk//cdr-csv//Master.csv : No such file or directory
[May 21 19:43:03] WARNING[44] cdr_csv.c: Unable to write CSV record to master '/var/log/asterisk//cdr-csv//Master.csv' : No such file or directory
[May 21 19:46:35] WARNING[6246] res_http_websocket.c: Web socket closed abruptly
[May 21 19:46:35] WARNING[6246] ari/ari_websockets.c: WebSocket read error: Success
[May 22 16:28:10] Asterisk 22.9.0 built by root @ buildkitsandbox on a x86_64 running Linux on 2026-05-06 10:04:55 UTC
[May 22 16:28:10] NOTICE[1] loader.c: 339 modules will be loaded.
[May 22 16:28:11] NOTICE[1] res_config_ldap.c: No directory user found, anonymous binding as default.
[May 22 16:28:11] ERROR[1] res_config_ldap.c: No directory URL or host found.
[May 22 16:28:11] ERROR[1] res_config_ldap.c: Cannot load LDAP RealTime driver.
[May 22 16:28:11] WARNING[1] res_config_pgsql.c: PostgreSQL RealTime: No database user found, using 'asterisk' as default.
[May 22 16:28:11] WARNING[1] res_config_pgsql.c: PostgreSQL RealTime: No database password found, using 'asterisk' as default.
[May 22 16:28:11] WARNING[1] res_config_pgsql.c: PostgreSQL RealTime: No database host found, using localhost via socket.
[May 22 16:28:11] WARNING[1] res_config_pgsql.c: PostgreSQL RealTime: No database name found, using 'asterisk' as default.
[May 22 16:28:11] WARNING[1] res_config_pgsql.c: PostgreSQL RealTime: No database port found, using 5432 as default.
[May 22 16:28:11] WARNING[1] res_config_pgsql.c: PostgreSQL RealTime: No database socket found, using '/tmp/.s.PGSQL.5432' as default.
[May 22 16:28:11] ERROR[1] res_config_pgsql.c: PostgreSQL RealTime: Failed to connect database asterisk on : 
[May 22 16:28:11] WARNING[1] res_config_pgsql.c: PostgreSQL RealTime: Couldn't establish connection. Check debug.
[May 22 16:28:11] NOTICE[1] cdr.c: CDR simple logging enabled.
[May 22 16:28:11] NOTICE[1] indications.c: Default country for indication tones: us
[May 22 16:28:11] NOTICE[1] indications.c: Setting default indication country to 'us'
[May 22 16:28:11] WARNING[1] res_musiconhold.c: No music on hold classes configured, disabling music on hold.
[May 22 16:28:11] NOTICE[1] res_smdi.c: No SMDI interfaces are available to listen on, not starting SMDI listener.
[May 22 16:28:11] WARNING[1] res_phoneprov.c: Unable to find a valid server address or name.
[May 22 16:28:11] NOTICE[1] confbridge/conf_config_parser.c: Adding default_menu menu to app_confbridge
[May 22 16:28:11] WARNING[1] cel_pgsql.c: CEL pgsql config file missing global section.
[May 22 16:28:11] NOTICE[1] cdr_pgsql.c: cdr_pgsql configuration contains no global section, skipping module load.
[May 22 16:28:11] NOTICE[1] cdrel_custom/config.c: cdr_custom.conf: Loaded 0 configs
[May 22 16:28:11] WARNING[1] config.c: parse error: No category context for line 64 of /etc/asterisk/cel_sqlite3_custom.conf
[May 22 16:28:11] ERROR[1] cdrel_custom/config.c: Unable to load cel_sqlite3_custom.conf. Not logging CELs to custom database
[May 22 16:28:11] NOTICE[1] cdrel_custom/config.c: cel_custom.conf: Loaded 0 configs
[May 22 16:28:11] NOTICE[1] cdrel_custom/config.c: cdr_sqlite3_custom.conf: Loaded 0 configs
[May 22 16:28:11] WARNING[1] ael/pval.c: Warning: file /etc/asterisk/extensions.ael, line 196-196: macro call to ael-dundi-e164 cannot be found in the AEL code!
[May 22 16:28:11] WARNING[1] ael/pval.c: Warning: file /etc/asterisk/extensions.ael, line 209-209: macro call to ael-dundi-e164 cannot be found in the AEL code!
[May 22 16:28:11] WARNING[1] ael/pval.c: Warning: file /etc/asterisk/extensions.ael, line 328-328: macro call to ael-std-exten-ael cannot be found in the AEL code!
[May 22 16:28:12] WARNING[1] loader.c: Some non-required modules failed to load.
[May 22 16:28:12] WARNING[1] loader.c: Module 'res_adsi' has been loaded but may be removed in a future release.
[May 22 16:28:12] WARNING[1] loader.c: Module 'app_getcpeid' has been loaded but may be removed in a future release.
[May 22 16:28:12] WARNING[1] loader.c: Module 'app_adsiprog' has been loaded but may be removed in a future release.
[May 22 16:28:12] ERROR[1] loader.c: Error loading module 'format_ogg_vorbis.so': libvorbisenc.so.2: cannot open shared object file: No such file or directory
[May 22 16:28:12] ERROR[1] loader.c: cdr_pgsql declined to load.
[May 22 16:28:12] ERROR[1] loader.c: cdr_custom declined to load.
[May 22 16:28:12] ERROR[1] loader.c: cel_sqlite3_custom declined to load.
[May 22 16:28:12] ERROR[1] loader.c: cel_custom declined to load.
[May 22 16:28:12] ERROR[1] loader.c: cdr_sqlite3_custom declined to load.
[May 22 16:28:12] WARNING[24] pbx_config.c: users.conf is deprecated and will be removed in a future version of Asterisk
[May 22 17:02:28] WARNING[2695] res_http_websocket.c: Web socket closed abruptly
[May 22 17:02:28] WARNING[2695] ari/ari_websockets.c: WebSocket read error: Success
[May 22 17:02:34] WARNING[2699] res_http_websocket.c: Web socket closed abruptly
[May 22 17:02:34] WARNING[2699] ari/ari_websockets.c: WebSocket read error: Success
[May 22 17:02:41] WARNING[2703] res_http_websocket.c: Web socket closed abruptly
[May 22 17:02:41] WARNING[2703] ari/ari_websockets.c: WebSocket read error: Success
[May 22 17:02:47] WARNING[2707] res_http_websocket.c: Web socket closed abruptly
[May 22 17:02:47] WARNING[2707] ari/ari_websockets.c: WebSocket read error: Success
[May 22 17:02:54] WARNING[2749] res_http_websocket.c: Web socket closed abruptly
[May 22 17:02:54] WARNING[2749] ari/ari_websockets.c: WebSocket read error: Success
[May 22 17:03:00] WARNING[2753] res_http_websocket.c: Web socket closed abruptly
[May 22 17:03:00] WARNING[2753] ari/ari_websockets.c: WebSocket read error: Success
[May 22 17:03:08] WARNING[2757] res_http_websocket.c: Web socket closed abruptly
[May 22 17:03:08] WARNING[2757] ari/ari_websockets.c: WebSocket read error: Success
[May 22 17:03:16] WARNING[2761] res_http_websocket.c: Web socket closed abruptly
[May 22 17:03:16] WARNING[2761] ari/ari_websockets.c: WebSocket read error: Success
[May 22 17:03:28] WARNING[2803] res_http_websocket.c: Web socket closed abruptly
[May 22 17:03:28] WARNING[2803] ari/ari_websockets.c: WebSocket read error: Success
[May 22 17:04:12] ERROR[44] cdr_csv.c: Unable to open file /var/log/asterisk//cdr-csv//Master.csv : No such file or directory
[May 22 17:04:12] WARNING[44] cdr_csv.c: Unable to write CSV record to master '/var/log/asterisk//cdr-csv//Master.csv' : No such file or directory
[May 22 17:37:10] WARNING[2807] res_http_websocket.c: Web socket closed abruptly
[May 22 17:37:10] WARNING[2807] ari/ari_websockets.c: WebSocket read error: Success
[May 22 19:18:37] ERROR[44] cdr_csv.c: Unable to open file /var/log/asterisk//cdr-csv//Master.csv : No such file or directory
[May 22 19:18:37] WARNING[44] cdr_csv.c: Unable to write CSV record to master '/var/log/asterisk//cdr-csv//Master.csv' : No such file or directory
[May 23 10:13:50] Asterisk 22.9.0 built by root @ buildkitsandbox on a x86_64 running Linux on 2026-05-06 10:04:55 UTC
[May 23 10:13:50] NOTICE[1] loader.c: 339 modules will be loaded.
[May 23 10:13:53] NOTICE[1] res_config_ldap.c: No directory user found, anonymous binding as default.
[May 23 10:13:53] ERROR[1] res_config_ldap.c: No directory URL or host found.
[May 23 10:13:53] ERROR[1] res_config_ldap.c: Cannot load LDAP RealTime driver.
[May 23 10:13:53] WARNING[1] res_config_pgsql.c: PostgreSQL RealTime: No database user found, using 'asterisk' as default.
[May 23 10:13:53] WARNING[1] res_config_pgsql.c: PostgreSQL RealTime: No database password found, using 'asterisk' as default.
[May 23 10:13:53] WARNING[1] res_config_pgsql.c: PostgreSQL RealTime: No database host found, using localhost via socket.
[May 23 10:13:53] WARNING[1] res_config_pgsql.c: PostgreSQL RealTime: No database name found, using 'asterisk' as default.
[May 23 10:13:53] WARNING[1] res_config_pgsql.c: PostgreSQL RealTime: No database port found, using 5432 as default.
[May 23 10:13:53] WARNING[1] res_config_pgsql.c: PostgreSQL RealTime: No database socket found, using '/tmp/.s.PGSQL.5432' as default.
[May 23 10:13:53] ERROR[1] res_config_pgsql.c: PostgreSQL RealTime: Failed to connect database asterisk on : 
[May 23 10:13:53] WARNING[1] res_config_pgsql.c: PostgreSQL RealTime: Couldn't establish connection. Check debug.
[May 23 10:13:53] NOTICE[1] cdr.c: CDR simple logging enabled.
[May 23 10:13:53] NOTICE[1] indications.c: Default country for indication tones: us
[May 23 10:13:53] NOTICE[1] indications.c: Setting default indication country to 'us'
[May 23 10:13:53] WARNING[1] res_musiconhold.c: No music on hold classes configured, disabling music on hold.
[May 23 10:13:53] NOTICE[1] res_smdi.c: No SMDI interfaces are available to listen on, not starting SMDI listener.
[May 23 10:13:53] WARNING[1] res_phoneprov.c: Unable to find a valid server address or name.
[May 23 10:13:54] NOTICE[1] confbridge/conf_config_parser.c: Adding default_menu menu to app_confbridge
[May 23 10:13:54] WARNING[1] cel_pgsql.c: CEL pgsql config file missing global section.
[May 23 10:13:54] NOTICE[1] cdr_pgsql.c: cdr_pgsql configuration contains no global section, skipping module load.
[May 23 10:13:54] NOTICE[1] cdrel_custom/config.c: cdr_custom.conf: Loaded 0 configs
[May 23 10:13:54] WARNING[1] config.c: parse error: No category context for line 64 of /etc/asterisk/cel_sqlite3_custom.conf
[May 23 10:13:54] ERROR[1] cdrel_custom/config.c: Unable to load cel_sqlite3_custom.conf. Not logging CELs to custom database
[May 23 10:13:54] NOTICE[1] cdrel_custom/config.c: cel_custom.conf: Loaded 0 configs
[May 23 10:13:54] NOTICE[1] cdrel_custom/config.c: cdr_sqlite3_custom.conf: Loaded 0 configs
[May 23 10:13:54] WARNING[1] ael/pval.c: Warning: file /etc/asterisk/extensions.ael, line 196-196: macro call to ael-dundi-e164 cannot be found in the AEL code!
[May 23 10:13:54] WARNING[1] ael/pval.c: Warning: file /etc/asterisk/extensions.ael, line 209-209: macro call to ael-dundi-e164 cannot be found in the AEL code!
[May 23 10:13:54] WARNING[1] ael/pval.c: Warning: file /etc/asterisk/extensions.ael, line 328-328: macro call to ael-std-exten-ael cannot be found in the AEL code!
[May 23 10:13:54] WARNING[1] loader.c: Some non-required modules failed to load.
[May 23 10:13:54] WARNING[1] loader.c: Module 'res_adsi' has been loaded but may be removed in a future release.
[May 23 10:13:54] WARNING[1] loader.c: Module 'app_getcpeid' has been loaded but may be removed in a future release.
[May 23 10:13:54] WARNING[1] loader.c: Module 'app_adsiprog' has been loaded but may be removed in a future release.
[May 23 10:13:54] ERROR[1] loader.c: Error loading module 'format_ogg_vorbis.so': libvorbisenc.so.2: cannot open shared object file: No such file or directory
[May 23 10:13:54] ERROR[1] loader.c: cdr_pgsql declined to load.
[May 23 10:13:54] ERROR[1] loader.c: cdr_custom declined to load.
[May 23 10:13:54] ERROR[1] loader.c: cel_sqlite3_custom declined to load.
[May 23 10:13:54] ERROR[1] loader.c: cel_custom declined to load.
[May 23 10:13:54] ERROR[1] loader.c: cdr_sqlite3_custom declined to load.
[May 23 10:13:54] WARNING[33] pbx_config.c: users.conf is deprecated and will be removed in a future version of Asterisk
[May 23 10:16:12] Asterisk 22.9.0 built by root @ buildkitsandbox on a x86_64 running Linux on 2026-05-06 10:04:55 UTC
[May 23 10:16:12] NOTICE[1] loader.c: 339 modules will be loaded.
[May 23 10:16:12] NOTICE[1] res_config_ldap.c: No directory user found, anonymous binding as default.
[May 23 10:16:12] ERROR[1] res_config_ldap.c: No directory URL or host found.
[May 23 10:16:12] ERROR[1] res_config_ldap.c: Cannot load LDAP RealTime driver.
[May 23 10:16:12] WARNING[1] res_config_pgsql.c: PostgreSQL RealTime: No database user found, using 'asterisk' as default.
[May 23 10:16:12] WARNING[1] res_config_pgsql.c: PostgreSQL RealTime: No database password found, using 'asterisk' as default.
[May 23 10:16:12] WARNING[1] res_config_pgsql.c: PostgreSQL RealTime: No database host found, using localhost via socket.
[May 23 10:16:12] WARNING[1] res_config_pgsql.c: PostgreSQL RealTime: No database name found, using 'asterisk' as default.
[May 23 10:16:12] WARNING[1] res_config_pgsql.c: PostgreSQL RealTime: No database port found, using 5432 as default.
[May 23 10:16:12] WARNING[1] res_config_pgsql.c: PostgreSQL RealTime: No database socket found, using '/tmp/.s.PGSQL.5432' as default.
[May 23 10:16:12] ERROR[1] res_config_pgsql.c: PostgreSQL RealTime: Failed to connect database asterisk on : 
[May 23 10:16:12] WARNING[1] res_config_pgsql.c: PostgreSQL RealTime: Couldn't establish connection. Check debug.
[May 23 10:16:12] NOTICE[1] cdr.c: CDR simple logging enabled.
[May 23 10:16:12] NOTICE[1] indications.c: Default country for indication tones: us
[May 23 10:16:12] NOTICE[1] indications.c: Setting default indication country to 'us'
[May 23 10:16:13] WARNING[1] res_musiconhold.c: No music on hold classes configured, disabling music on hold.
[May 23 10:16:13] NOTICE[1] res_smdi.c: No SMDI interfaces are available to listen on, not starting SMDI listener.
[May 23 10:16:13] WARNING[1] res_phoneprov.c: Unable to find a valid server address or name.
[May 23 10:16:13] NOTICE[1] confbridge/conf_config_parser.c: Adding default_menu menu to app_confbridge
[May 23 10:16:13] WARNING[1] cel_pgsql.c: CEL pgsql config file missing global section.
[May 23 10:16:13] NOTICE[1] cdr_pgsql.c: cdr_pgsql configuration contains no global section, skipping module load.
[May 23 10:16:13] NOTICE[1] cdrel_custom/config.c: cdr_custom.conf: Loaded 0 configs
[May 23 10:16:13] WARNING[1] config.c: parse error: No category context for line 64 of /etc/asterisk/cel_sqlite3_custom.conf
[May 23 10:16:13] ERROR[1] cdrel_custom/config.c: Unable to load cel_sqlite3_custom.conf. Not logging CELs to custom database
[May 23 10:16:13] NOTICE[1] cdrel_custom/config.c: cel_custom.conf: Loaded 0 configs
[May 23 10:16:13] NOTICE[1] cdrel_custom/config.c: cdr_sqlite3_custom.conf: Loaded 0 configs
[May 23 10:16:13] WARNING[1] ael/pval.c: Warning: file /etc/asterisk/extensions.ael, line 196-196: macro call to ael-dundi-e164 cannot be found in the AEL code!
[May 23 10:16:13] WARNING[1] ael/pval.c: Warning: file /etc/asterisk/extensions.ael, line 209-209: macro call to ael-dundi-e164 cannot be found in the AEL code!
[May 23 10:16:13] WARNING[1] ael/pval.c: Warning: file /etc/asterisk/extensions.ael, line 328-328: macro call to ael-std-exten-ael cannot be found in the AEL code!
[May 23 10:16:13] WARNING[1] loader.c: Some non-required modules failed to load.
[May 23 10:16:14] WARNING[1] loader.c: Module 'res_adsi' has been loaded but may be removed in a future release.
[May 23 10:16:14] WARNING[1] loader.c: Module 'app_getcpeid' has been loaded but may be removed in a future release.
[May 23 10:16:14] WARNING[1] loader.c: Module 'app_adsiprog' has been loaded but may be removed in a future release.
[May 23 10:16:14] ERROR[1] loader.c: Error loading module 'format_ogg_vorbis.so': libvorbisenc.so.2: cannot open shared object file: No such file or directory
[May 23 10:16:14] ERROR[1] loader.c: cdr_pgsql declined to load.
[May 23 10:16:14] ERROR[1] loader.c: cdr_custom declined to load.
[May 23 10:16:14] ERROR[1] loader.c: cel_sqlite3_custom declined to load.
[May 23 10:16:14] ERROR[1] loader.c: cel_custom declined to load.
[May 23 10:16:14] ERROR[1] loader.c: cdr_sqlite3_custom declined to load.
[May 23 10:16:14] WARNING[33] pbx_config.c: users.conf is deprecated and will be removed in a future version of Asterisk
[May 23 10:19:13] Asterisk 22.9.0 built by root @ buildkitsandbox on a x86_64 running Linux on 2026-05-06 10:04:55 UTC
[May 23 10:19:13] NOTICE[1] loader.c: 339 modules will be loaded.
[May 23 10:19:13] NOTICE[1] res_config_ldap.c: No directory user found, anonymous binding as default.
[May 23 10:19:13] ERROR[1] res_config_ldap.c: No directory URL or host found.
[May 23 10:19:13] ERROR[1] res_config_ldap.c: Cannot load LDAP RealTime driver.
[May 23 10:19:13] WARNING[1] res_config_pgsql.c: PostgreSQL RealTime: No database user found, using 'asterisk' as default.
[May 23 10:19:13] WARNING[1] res_config_pgsql.c: PostgreSQL RealTime: No database password found, using 'asterisk' as default.
[May 23 10:19:13] WARNING[1] res_config_pgsql.c: PostgreSQL RealTime: No database host found, using localhost via socket.
[May 23 10:19:13] WARNING[1] res_config_pgsql.c: PostgreSQL RealTime: No database name found, using 'asterisk' as default.
[May 23 10:19:13] WARNING[1] res_config_pgsql.c: PostgreSQL RealTime: No database port found, using 5432 as default.
[May 23 10:19:13] WARNING[1] res_config_pgsql.c: PostgreSQL RealTime: No database socket found, using '/tmp/.s.PGSQL.5432' as default.
[May 23 10:19:13] ERROR[1] res_config_pgsql.c: PostgreSQL RealTime: Failed to connect database asterisk on : 
[May 23 10:19:13] WARNING[1] res_config_pgsql.c: PostgreSQL RealTime: Couldn't establish connection. Check debug.
[May 23 10:19:13] NOTICE[1] cdr.c: CDR simple logging enabled.
[May 23 10:19:13] NOTICE[1] indications.c: Default country for indication tones: us
[May 23 10:19:13] NOTICE[1] indications.c: Setting default indication country to 'us'
[May 23 10:19:13] WARNING[1] res_musiconhold.c: No music on hold classes configured, disabling music on hold.
[May 23 10:19:13] NOTICE[1] res_smdi.c: No SMDI interfaces are available to listen on, not starting SMDI listener.
[May 23 10:19:13] WARNING[1] res_phoneprov.c: Unable to find a valid server address or name.
[May 23 10:19:14] NOTICE[1] confbridge/conf_config_parser.c: Adding default_menu menu to app_confbridge
[May 23 10:19:14] WARNING[1] cel_pgsql.c: CEL pgsql config file missing global section.
[May 23 10:19:14] NOTICE[1] cdr_pgsql.c: cdr_pgsql configuration contains no global section, skipping module load.
[May 23 10:19:14] NOTICE[1] cdrel_custom/config.c: cdr_custom.conf: Loaded 0 configs
[May 23 10:19:14] WARNING[1] config.c: parse error: No category context for line 64 of /etc/asterisk/cel_sqlite3_custom.conf
[May 23 10:19:14] ERROR[1] cdrel_custom/config.c: Unable to load cel_sqlite3_custom.conf. Not logging CELs to custom database
[May 23 10:19:14] NOTICE[1] cdrel_custom/config.c: cel_custom.conf: Loaded 0 configs
[May 23 10:19:14] NOTICE[1] cdrel_custom/config.c: cdr_sqlite3_custom.conf: Loaded 0 configs
[May 23 10:19:14] WARNING[1] ael/pval.c: Warning: file /etc/asterisk/extensions.ael, line 196-196: macro call to ael-dundi-e164 cannot be found in the AEL code!
[May 23 10:19:14] WARNING[1] ael/pval.c: Warning: file /etc/asterisk/extensions.ael, line 209-209: macro call to ael-dundi-e164 cannot be found in the AEL code!
[May 23 10:19:14] WARNING[1] ael/pval.c: Warning: file /etc/asterisk/extensions.ael, line 328-328: macro call to ael-std-exten-ael cannot be found in the AEL code!
[May 23 10:19:14] WARNING[1] loader.c: Some non-required modules failed to load.
[May 23 10:19:14] WARNING[1] loader.c: Module 'res_adsi' has been loaded but may be removed in a future release.
[May 23 10:19:14] WARNING[1] loader.c: Module 'app_getcpeid' has been loaded but may be removed in a future release.
[May 23 10:19:14] WARNING[1] loader.c: Module 'app_adsiprog' has been loaded but may be removed in a future release.
[May 23 10:19:14] ERROR[1] loader.c: Error loading module 'format_ogg_vorbis.so': libvorbisenc.so.2: cannot open shared object file: No such file or directory
[May 23 10:19:14] ERROR[1] loader.c: cdr_pgsql declined to load.
[May 23 10:19:14] ERROR[1] loader.c: cdr_custom declined to load.
[May 23 10:19:14] ERROR[1] loader.c: cel_sqlite3_custom declined to load.
[May 23 10:19:14] ERROR[1] loader.c: cel_custom declined to load.
[May 23 10:19:14] ERROR[1] loader.c: cdr_sqlite3_custom declined to load.
[May 23 10:19:14] WARNING[33] pbx_config.c: users.conf is deprecated and will be removed in a future version of Asterisk
[May 23 10:20:45] Asterisk 22.9.0 built by root @ buildkitsandbox on a x86_64 running Linux on 2026-05-06 10:04:55 UTC
[May 23 10:20:45] NOTICE[1] loader.c: 339 modules will be loaded.
[May 23 10:20:46] NOTICE[1] res_config_ldap.c: No directory user found, anonymous binding as default.
[May 23 10:20:46] ERROR[1] res_config_ldap.c: No directory URL or host found.
[May 23 10:20:46] ERROR[1] res_config_ldap.c: Cannot load LDAP RealTime driver.
[May 23 10:20:46] WARNING[1] res_config_pgsql.c: PostgreSQL RealTime: No database user found, using 'asterisk' as default.
[May 23 10:20:46] WARNING[1] res_config_pgsql.c: PostgreSQL RealTime: No database password found, using 'asterisk' as default.
[May 23 10:20:46] WARNING[1] res_config_pgsql.c: PostgreSQL RealTime: No database host found, using localhost via socket.
[May 23 10:20:46] WARNING[1] res_config_pgsql.c: PostgreSQL RealTime: No database name found, using 'asterisk' as default.
[May 23 10:20:46] WARNING[1] res_config_pgsql.c: PostgreSQL RealTime: No database port found, using 5432 as default.
[May 23 10:20:46] WARNING[1] res_config_pgsql.c: PostgreSQL RealTime: No database socket found, using '/tmp/.s.PGSQL.5432' as default.
[May 23 10:20:46] ERROR[1] res_config_pgsql.c: PostgreSQL RealTime: Failed to connect database asterisk on : 
[May 23 10:20:46] WARNING[1] res_config_pgsql.c: PostgreSQL RealTime: Couldn't establish connection. Check debug.
[May 23 10:20:46] NOTICE[1] cdr.c: CDR simple logging enabled.
[May 23 10:20:46] NOTICE[1] indications.c: Default country for indication tones: us
[May 23 10:20:46] NOTICE[1] indications.c: Setting default indication country to 'us'
[May 23 10:20:46] WARNING[1] res_musiconhold.c: No music on hold classes configured, disabling music on hold.
[May 23 10:20:46] NOTICE[1] res_smdi.c: No SMDI interfaces are available to listen on, not starting SMDI listener.
[May 23 10:20:46] WARNING[1] res_phoneprov.c: Unable to find a valid server address or name.
[May 23 10:20:46] NOTICE[1] confbridge/conf_config_parser.c: Adding default_menu menu to app_confbridge
[May 23 10:20:46] WARNING[1] cel_pgsql.c: CEL pgsql config file missing global section.
[May 23 10:20:46] NOTICE[1] cdr_pgsql.c: cdr_pgsql configuration contains no global section, skipping module load.
[May 23 10:20:46] NOTICE[1] cdrel_custom/config.c: cdr_custom.conf: Loaded 0 configs
[May 23 10:20:46] WARNING[1] config.c: parse error: No category context for line 64 of /etc/asterisk/cel_sqlite3_custom.conf
[May 23 10:20:46] ERROR[1] cdrel_custom/config.c: Unable to load cel_sqlite3_custom.conf. Not logging CELs to custom database
[May 23 10:20:46] NOTICE[1] cdrel_custom/config.c: cel_custom.conf: Loaded 0 configs
[May 23 10:20:46] NOTICE[1] cdrel_custom/config.c: cdr_sqlite3_custom.conf: Loaded 0 configs
[May 23 10:20:46] WARNING[1] ael/pval.c: Warning: file /etc/asterisk/extensions.ael, line 196-196: macro call to ael-dundi-e164 cannot be found in the AEL code!
[May 23 10:20:46] WARNING[1] ael/pval.c: Warning: file /etc/asterisk/extensions.ael, line 209-209: macro call to ael-dundi-e164 cannot be found in the AEL code!
[May 23 10:20:46] WARNING[1] ael/pval.c: Warning: file /etc/asterisk/extensions.ael, line 328-328: macro call to ael-std-exten-ael cannot be found in the AEL code!
[May 23 10:20:46] WARNING[1] loader.c: Some non-required modules failed to load.
[May 23 10:20:47] WARNING[1] loader.c: Module 'res_adsi' has been loaded but may be removed in a future release.
[May 23 10:20:47] WARNING[1] loader.c: Module 'app_getcpeid' has been loaded but may be removed in a future release.
[May 23 10:20:47] WARNING[1] loader.c: Module 'app_adsiprog' has been loaded but may be removed in a future release.
[May 23 10:20:47] ERROR[1] loader.c: Error loading module 'format_ogg_vorbis.so': libvorbisenc.so.2: cannot open shared object file: No such file or directory
[May 23 10:20:47] ERROR[1] loader.c: cdr_pgsql declined to load.
[May 23 10:20:47] ERROR[1] loader.c: cdr_custom declined to load.
[May 23 10:20:47] ERROR[1] loader.c: cel_sqlite3_custom declined to load.
[May 23 10:20:47] ERROR[1] loader.c: cel_custom declined to load.
[May 23 10:20:47] ERROR[1] loader.c: cdr_sqlite3_custom declined to load.
[May 23 10:20:47] WARNING[33] pbx_config.c: users.conf is deprecated and will be removed in a future version of Asterisk
[May 23 10:26:28] Asterisk 22.9.0 built by root @ buildkitsandbox on a x86_64 running Linux on 2026-05-06 10:04:55 UTC
[May 23 10:26:28] NOTICE[1] loader.c: 339 modules will be loaded.
[May 23 10:26:28] NOTICE[1] res_config_ldap.c: No directory user found, anonymous binding as default.
[May 23 10:26:28] ERROR[1] res_config_ldap.c: No directory URL or host found.
[May 23 10:26:28] ERROR[1] res_config_ldap.c: Cannot load LDAP RealTime driver.
[May 23 10:26:28] WARNING[1] res_config_pgsql.c: PostgreSQL RealTime: No database user found, using 'asterisk' as default.
[May 23 10:26:28] WARNING[1] res_config_pgsql.c: PostgreSQL RealTime: No database password found, using 'asterisk' as default.
[May 23 10:26:28] WARNING[1] res_config_pgsql.c: PostgreSQL RealTime: No database host found, using localhost via socket.
[May 23 10:26:28] WARNING[1] res_config_pgsql.c: PostgreSQL RealTime: No database name found, using 'asterisk' as default.
[May 23 10:26:28] WARNING[1] res_config_pgsql.c: PostgreSQL RealTime: No database port found, using 5432 as default.
[May 23 10:26:28] WARNING[1] res_config_pgsql.c: PostgreSQL RealTime: No database socket found, using '/tmp/.s.PGSQL.5432' as default.
[May 23 10:26:28] ERROR[1] res_config_pgsql.c: PostgreSQL RealTime: Failed to connect database asterisk on : 
[May 23 10:26:28] WARNING[1] res_config_pgsql.c: PostgreSQL RealTime: Couldn't establish connection. Check debug.
[May 23 10:26:28] NOTICE[1] cdr.c: CDR simple logging enabled.
[May 23 10:26:28] NOTICE[1] indications.c: Default country for indication tones: us
[May 23 10:26:28] NOTICE[1] indications.c: Setting default indication country to 'us'
[May 23 10:26:28] WARNING[1] res_musiconhold.c: No music on hold classes configured, disabling music on hold.
[May 23 10:26:29] NOTICE[1] res_smdi.c: No SMDI interfaces are available to listen on, not starting SMDI listener.
[May 23 10:26:29] WARNING[1] res_phoneprov.c: Unable to find a valid server address or name.
[May 23 10:26:29] NOTICE[1] confbridge/conf_config_parser.c: Adding default_menu menu to app_confbridge
[May 23 10:26:29] WARNING[1] cel_pgsql.c: CEL pgsql config file missing global section.
[May 23 10:26:29] NOTICE[1] cdr_pgsql.c: cdr_pgsql configuration contains no global section, skipping module load.
[May 23 10:26:29] NOTICE[1] cdrel_custom/config.c: cdr_custom.conf: Loaded 0 configs
[May 23 10:26:29] WARNING[1] config.c: parse error: No category context for line 64 of /etc/asterisk/cel_sqlite3_custom.conf
[May 23 10:26:29] ERROR[1] cdrel_custom/config.c: Unable to load cel_sqlite3_custom.conf. Not logging CELs to custom database
[May 23 10:26:29] NOTICE[1] cdrel_custom/config.c: cel_custom.conf: Loaded 0 configs
[May 23 10:26:29] NOTICE[1] cdrel_custom/config.c: cdr_sqlite3_custom.conf: Loaded 0 configs
[May 23 10:26:29] WARNING[1] ael/pval.c: Warning: file /etc/asterisk/extensions.ael, line 196-196: macro call to ael-dundi-e164 cannot be found in the AEL code!
[May 23 10:26:29] WARNING[1] ael/pval.c: Warning: file /etc/asterisk/extensions.ael, line 209-209: macro call to ael-dundi-e164 cannot be found in the AEL code!
[May 23 10:26:29] WARNING[1] ael/pval.c: Warning: file /etc/asterisk/extensions.ael, line 328-328: macro call to ael-std-exten-ael cannot be found in the AEL code!
[May 23 10:26:29] WARNING[1] loader.c: Some non-required modules failed to load.
[May 23 10:26:30] WARNING[1] loader.c: Module 'res_adsi' has been loaded but may be removed in a future release.
[May 23 10:26:30] WARNING[1] loader.c: Module 'app_getcpeid' has been loaded but may be removed in a future release.
[May 23 10:26:30] WARNING[1] loader.c: Module 'app_adsiprog' has been loaded but may be removed in a future release.
[May 23 10:26:30] ERROR[1] loader.c: Error loading module 'format_ogg_vorbis.so': libvorbisenc.so.2: cannot open shared object file: No such file or directory
[May 23 10:26:30] ERROR[1] loader.c: cdr_pgsql declined to load.
[May 23 10:26:30] ERROR[1] loader.c: cdr_custom declined to load.
[May 23 10:26:30] ERROR[1] loader.c: cel_sqlite3_custom declined to load.
[May 23 10:26:30] ERROR[1] loader.c: cel_custom declined to load.
[May 23 10:26:30] ERROR[1] loader.c: cdr_sqlite3_custom declined to load.
[May 23 10:26:30] WARNING[32] pbx_config.c: users.conf is deprecated and will be removed in a future version of Asterisk
[May 23 10:57:30] Asterisk 22.9.0 built by root @ buildkitsandbox on a x86_64 running Linux on 2026-05-06 10:04:55 UTC
[May 23 10:57:31] NOTICE[1] loader.c: 339 modules will be loaded.
[May 23 10:57:34] NOTICE[1] res_config_ldap.c: No directory user found, anonymous binding as default.
[May 23 10:57:34] ERROR[1] res_config_ldap.c: No directory URL or host found.
[May 23 10:57:34] ERROR[1] res_config_ldap.c: Cannot load LDAP RealTime driver.
[May 23 10:57:34] WARNING[1] res_config_pgsql.c: PostgreSQL RealTime: No database user found, using 'asterisk' as default.
[May 23 10:57:34] WARNING[1] res_config_pgsql.c: PostgreSQL RealTime: No database password found, using 'asterisk' as default.
[May 23 10:57:34] WARNING[1] res_config_pgsql.c: PostgreSQL RealTime: No database host found, using localhost via socket.
[May 23 10:57:34] WARNING[1] res_config_pgsql.c: PostgreSQL RealTime: No database name found, using 'asterisk' as default.
[May 23 10:57:34] WARNING[1] res_config_pgsql.c: PostgreSQL RealTime: No database port found, using 5432 as default.
[May 23 10:57:34] WARNING[1] res_config_pgsql.c: PostgreSQL RealTime: No database socket found, using '/tmp/.s.PGSQL.5432' as default.
[May 23 10:57:34] ERROR[1] res_config_pgsql.c: PostgreSQL RealTime: Failed to connect database asterisk on : 
[May 23 10:57:34] WARNING[1] res_config_pgsql.c: PostgreSQL RealTime: Couldn't establish connection. Check debug.
[May 23 10:57:34] NOTICE[1] cdr.c: CDR simple logging enabled.
[May 23 10:57:34] NOTICE[1] indications.c: Default country for indication tones: us
[May 23 10:57:34] NOTICE[1] indications.c: Setting default indication country to 'us'
[May 23 10:57:34] WARNING[1] res_musiconhold.c: No music on hold classes configured, disabling music on hold.
[May 23 10:57:34] NOTICE[1] res_smdi.c: No SMDI interfaces are available to listen on, not starting SMDI listener.
[May 23 10:57:34] WARNING[1] res_phoneprov.c: Unable to find a valid server address or name.
[May 23 10:57:35] NOTICE[1] confbridge/conf_config_parser.c: Adding default_menu menu to app_confbridge
[May 23 10:57:35] WARNING[1] cel_pgsql.c: CEL pgsql config file missing global section.
[May 23 10:57:35] NOTICE[1] cdr_pgsql.c: cdr_pgsql configuration contains no global section, skipping module load.
[May 23 10:57:35] NOTICE[1] cdrel_custom/config.c: cdr_custom.conf: Loaded 0 configs
[May 23 10:57:35] WARNING[1] config.c: parse error: No category context for line 64 of /etc/asterisk/cel_sqlite3_custom.conf
[May 23 10:57:35] ERROR[1] cdrel_custom/config.c: Unable to load cel_sqlite3_custom.conf. Not logging CELs to custom database
[May 23 10:57:35] NOTICE[1] cdrel_custom/config.c: cel_custom.conf: Loaded 0 configs
[May 23 10:57:35] NOTICE[1] cdrel_custom/config.c: cdr_sqlite3_custom.conf: Loaded 0 configs
[May 23 10:57:35] WARNING[1] ael/pval.c: Warning: file /etc/asterisk/extensions.ael, line 196-196: macro call to ael-dundi-e164 cannot be found in the AEL code!
[May 23 10:57:35] WARNING[1] ael/pval.c: Warning: file /etc/asterisk/extensions.ael, line 209-209: macro call to ael-dundi-e164 cannot be found in the AEL code!
[May 23 10:57:35] WARNING[1] ael/pval.c: Warning: file /etc/asterisk/extensions.ael, line 328-328: macro call to ael-std-exten-ael cannot be found in the AEL code!
[May 23 10:57:35] WARNING[1] loader.c: Some non-required modules failed to load.
[May 23 10:57:35] WARNING[1] loader.c: Module 'res_adsi' has been loaded but may be removed in a future release.
[May 23 10:57:35] WARNING[1] loader.c: Module 'app_getcpeid' has been loaded but may be removed in a future release.
[May 23 10:57:35] WARNING[1] loader.c: Module 'app_adsiprog' has been loaded but may be removed in a future release.
[May 23 10:57:35] ERROR[1] loader.c: Error loading module 'format_ogg_vorbis.so': libvorbisenc.so.2: cannot open shared object file: No such file or directory
[May 23 10:57:35] ERROR[1] loader.c: cdr_pgsql declined to load.
[May 23 10:57:35] ERROR[1] loader.c: cdr_custom declined to load.
[May 23 10:57:35] ERROR[1] loader.c: cel_sqlite3_custom declined to load.
[May 23 10:57:35] ERROR[1] loader.c: cel_custom declined to load.
[May 23 10:57:35] ERROR[1] loader.c: cdr_sqlite3_custom declined to load.
[May 23 10:57:35] WARNING[33] pbx_config.c: users.conf is deprecated and will be removed in a future version of Asterisk
[May 23 12:34:20] Asterisk 22.9.0 built by root @ buildkitsandbox on a x86_64 running Linux on 2026-05-06 10:04:55 UTC
[May 23 12:34:20] NOTICE[1] loader.c: 339 modules will be loaded.
[May 23 12:34:21] NOTICE[1] res_config_ldap.c: No directory user found, anonymous binding as default.
[May 23 12:34:21] ERROR[1] res_config_ldap.c: No directory URL or host found.
[May 23 12:34:21] ERROR[1] res_config_ldap.c: Cannot load LDAP RealTime driver.
[May 23 12:34:21] WARNING[1] res_config_pgsql.c: PostgreSQL RealTime: No database user found, using 'asterisk' as default.
[May 23 12:34:21] WARNING[1] res_config_pgsql.c: PostgreSQL RealTime: No database password found, using 'asterisk' as default.
[May 23 12:34:21] WARNING[1] res_config_pgsql.c: PostgreSQL RealTime: No database host found, using localhost via socket.
[May 23 12:34:21] WARNING[1] res_config_pgsql.c: PostgreSQL RealTime: No database name found, using 'asterisk' as default.
[May 23 12:34:21] WARNING[1] res_config_pgsql.c: PostgreSQL RealTime: No database port found, using 5432 as default.
[May 23 12:34:21] WARNING[1] res_config_pgsql.c: PostgreSQL RealTime: No database socket found, using '/tmp/.s.PGSQL.5432' as default.
[May 23 12:34:21] ERROR[1] res_config_pgsql.c: PostgreSQL RealTime: Failed to connect database asterisk on : 
[May 23 12:34:21] WARNING[1] res_config_pgsql.c: PostgreSQL RealTime: Couldn't establish connection. Check debug.
[May 23 12:34:21] NOTICE[1] cdr.c: CDR simple logging enabled.
[May 23 12:34:21] NOTICE[1] indications.c: Default country for indication tones: us
[May 23 12:34:21] NOTICE[1] indications.c: Setting default indication country to 'us'
[May 23 12:34:21] WARNING[1] res_musiconhold.c: No music on hold classes configured, disabling music on hold.
[May 23 12:34:21] NOTICE[1] res_smdi.c: No SMDI interfaces are available to listen on, not starting SMDI listener.
[May 23 12:34:21] WARNING[1] res_phoneprov.c: Unable to find a valid server address or name.
[May 23 12:34:22] NOTICE[1] confbridge/conf_config_parser.c: Adding default_menu menu to app_confbridge
[May 23 12:34:22] WARNING[1] cel_pgsql.c: CEL pgsql config file missing global section.
[May 23 12:34:22] NOTICE[1] cdr_pgsql.c: cdr_pgsql configuration contains no global section, skipping module load.
[May 23 12:34:22] NOTICE[1] cdrel_custom/config.c: cdr_custom.conf: Loaded 0 configs
[May 23 12:34:22] WARNING[1] config.c: parse error: No category context for line 64 of /etc/asterisk/cel_sqlite3_custom.conf
[May 23 12:34:22] ERROR[1] cdrel_custom/config.c: Unable to load cel_sqlite3_custom.conf. Not logging CELs to custom database
[May 23 12:34:22] NOTICE[1] cdrel_custom/config.c: cel_custom.conf: Loaded 0 configs
[May 23 12:34:22] NOTICE[1] cdrel_custom/config.c: cdr_sqlite3_custom.conf: Loaded 0 configs
[May 23 12:34:22] WARNING[1] ael/pval.c: Warning: file /etc/asterisk/extensions.ael, line 196-196: macro call to ael-dundi-e164 cannot be found in the AEL code!
[May 23 12:34:22] WARNING[1] ael/pval.c: Warning: file /etc/asterisk/extensions.ael, line 209-209: macro call to ael-dundi-e164 cannot be found in the AEL code!
[May 23 12:34:22] WARNING[1] ael/pval.c: Warning: file /etc/asterisk/extensions.ael, line 328-328: macro call to ael-std-exten-ael cannot be found in the AEL code!
[May 23 12:34:23] WARNING[1] loader.c: Some non-required modules failed to load.
[May 23 12:34:23] WARNING[1] loader.c: Module 'res_adsi' has been loaded but may be removed in a future release.
[May 23 12:34:23] WARNING[1] loader.c: Module 'app_getcpeid' has been loaded but may be removed in a future release.
[May 23 12:34:23] WARNING[1] loader.c: Module 'app_adsiprog' has been loaded but may be removed in a future release.
[May 23 12:34:23] ERROR[1] loader.c: Error loading module 'format_ogg_vorbis.so': libvorbisenc.so.2: cannot open shared object file: No such file or directory
[May 23 12:34:23] ERROR[1] loader.c: cdr_pgsql declined to load.
[May 23 12:34:23] ERROR[1] loader.c: cdr_custom declined to load.
[May 23 12:34:23] ERROR[1] loader.c: cel_sqlite3_custom declined to load.
[May 23 12:34:23] ERROR[1] loader.c: cel_custom declined to load.
[May 23 12:34:23] ERROR[1] loader.c: cdr_sqlite3_custom declined to load.
[May 23 12:34:23] WARNING[26] pbx_config.c: users.conf is deprecated and will be removed in a future version of Asterisk
[May 23 12:43:41] Asterisk 22.9.0 built by root @ buildkitsandbox on a x86_64 running Linux on 2026-05-06 10:04:55 UTC
[May 23 12:43:41] NOTICE[1] loader.c: 339 modules will be loaded.
[May 23 12:43:41] NOTICE[1] res_config_ldap.c: No directory user found, anonymous binding as default.
[May 23 12:43:41] ERROR[1] res_config_ldap.c: No directory URL or host found.
[May 23 12:43:41] ERROR[1] res_config_ldap.c: Cannot load LDAP RealTime driver.
[May 23 12:43:41] WARNING[1] res_config_pgsql.c: PostgreSQL RealTime: No database user found, using 'asterisk' as default.
[May 23 12:43:41] WARNING[1] res_config_pgsql.c: PostgreSQL RealTime: No database password found, using 'asterisk' as default.
[May 23 12:43:41] WARNING[1] res_config_pgsql.c: PostgreSQL RealTime: No database host found, using localhost via socket.
[May 23 12:43:41] WARNING[1] res_config_pgsql.c: PostgreSQL RealTime: No database name found, using 'asterisk' as default.
[May 23 12:43:41] WARNING[1] res_config_pgsql.c: PostgreSQL RealTime: No database port found, using 5432 as default.
[May 23 12:43:41] WARNING[1] res_config_pgsql.c: PostgreSQL RealTime: No database socket found, using '/tmp/.s.PGSQL.5432' as default.
[May 23 12:43:41] ERROR[1] res_config_pgsql.c: PostgreSQL RealTime: Failed to connect database asterisk on : 
[May 23 12:43:41] WARNING[1] res_config_pgsql.c: PostgreSQL RealTime: Couldn't establish connection. Check debug.
[May 23 12:43:41] NOTICE[1] cdr.c: CDR simple logging enabled.
[May 23 12:43:41] NOTICE[1] indications.c: Default country for indication tones: us
[May 23 12:43:41] NOTICE[1] indications.c: Setting default indication country to 'us'
[May 23 12:43:42] WARNING[1] res_musiconhold.c: No music on hold classes configured, disabling music on hold.
[May 23 12:43:42] NOTICE[1] res_smdi.c: No SMDI interfaces are available to listen on, not starting SMDI listener.
[May 23 12:43:42] WARNING[1] res_phoneprov.c: Unable to find a valid server address or name.
[May 23 12:43:42] NOTICE[1] confbridge/conf_config_parser.c: Adding default_menu menu to app_confbridge
[May 23 12:43:42] WARNING[1] cel_pgsql.c: CEL pgsql config file missing global section.
[May 23 12:43:42] NOTICE[1] cdr_pgsql.c: cdr_pgsql configuration contains no global section, skipping module load.
[May 23 12:43:42] NOTICE[1] cdrel_custom/config.c: cdr_custom.conf: Loaded 0 configs
[May 23 12:43:42] WARNING[1] config.c: parse error: No category context for line 64 of /etc/asterisk/cel_sqlite3_custom.conf
[May 23 12:43:42] ERROR[1] cdrel_custom/config.c: Unable to load cel_sqlite3_custom.conf. Not logging CELs to custom database
[May 23 12:43:42] NOTICE[1] cdrel_custom/config.c: cel_custom.conf: Loaded 0 configs
[May 23 12:43:42] NOTICE[1] cdrel_custom/config.c: cdr_sqlite3_custom.conf: Loaded 0 configs
[May 23 12:43:42] WARNING[1] ael/pval.c: Warning: file /etc/asterisk/extensions.ael, line 196-196: macro call to ael-dundi-e164 cannot be found in the AEL code!
[May 23 12:43:42] WARNING[1] ael/pval.c: Warning: file /etc/asterisk/extensions.ael, line 209-209: macro call to ael-dundi-e164 cannot be found in the AEL code!
[May 23 12:43:42] WARNING[1] ael/pval.c: Warning: file /etc/asterisk/extensions.ael, line 328-328: macro call to ael-std-exten-ael cannot be found in the AEL code!
[May 23 12:43:42] WARNING[1] loader.c: Some non-required modules failed to load.
[May 23 12:43:42] WARNING[1] loader.c: Module 'res_adsi' has been loaded but may be removed in a future release.
[May 23 12:43:42] WARNING[1] loader.c: Module 'app_getcpeid' has been loaded but may be removed in a future release.
[May 23 12:43:42] WARNING[1] loader.c: Module 'app_adsiprog' has been loaded but may be removed in a future release.
[May 23 12:43:42] ERROR[1] loader.c: Error loading module 'format_ogg_vorbis.so': libvorbisenc.so.2: cannot open shared object file: No such file or directory
[May 23 12:43:42] ERROR[1] loader.c: cdr_pgsql declined to load.
[May 23 12:43:42] ERROR[1] loader.c: cdr_custom declined to load.
[May 23 12:43:42] ERROR[1] loader.c: cel_sqlite3_custom declined to load.
[May 23 12:43:42] ERROR[1] loader.c: cel_custom declined to load.
[May 23 12:43:42] ERROR[1] loader.c: cdr_sqlite3_custom declined to load.
[May 23 12:43:42] WARNING[24] pbx_config.c: users.conf is deprecated and will be removed in a future version of Asterisk
[May 23 13:00:32] WARNING[1353] res_http_websocket.c: Web socket closed abruptly
[May 23 13:00:32] WARNING[1353] ari/ari_websockets.c: WebSocket read error: Success
[May 23 13:01:05] WARNING[1396] res_http_websocket.c: Web socket closed abruptly
[May 23 13:01:05] WARNING[1396] ari/ari_websockets.c: WebSocket read error: Success
[May 23 13:01:15] WARNING[1438] res_http_websocket.c: Web socket closed abruptly
[May 23 13:01:15] WARNING[1438] ari/ari_websockets.c: WebSocket read error: Success
[May 23 13:02:18] WARNING[1442] res_http_websocket.c: Web socket closed abruptly
[May 23 13:02:18] WARNING[1442] ari/ari_websockets.c: WebSocket read error: Success
[May 23 13:05:05] WARNING[1523] res_http_websocket.c: Web socket closed abruptly
[May 23 13:05:05] WARNING[1523] ari/ari_websockets.c: WebSocket read error: Success
[May 23 13:07:51] WARNING[1756] res_http_websocket.c: Web socket closed abruptly
[May 23 13:07:51] WARNING[1756] ari/ari_websockets.c: WebSocket read error: Success
[May 23 13:07:55] WARNING[1950] res_http_websocket.c: Web socket closed abruptly
[May 23 13:07:55] WARNING[1950] ari/ari_websockets.c: WebSocket read error: Success
[May 23 13:08:21] WARNING[1954] res_http_websocket.c: Web socket closed abruptly
[May 23 13:08:21] WARNING[1954] ari/ari_websockets.c: WebSocket read error: Success
[May 23 13:14:28] WARNING[1996] res_http_websocket.c: Web socket closed abruptly
[May 23 13:14:28] WARNING[1996] ari/ari_websockets.c: WebSocket read error: Success
[May 23 13:14:32] WARNING[2460] res_http_websocket.c: Web socket closed abruptly
[May 23 13:14:32] WARNING[2460] ari/ari_websockets.c: WebSocket read error: Success
[May 23 13:14:38] WARNING[2464] res_http_websocket.c: Web socket closed abruptly
[May 23 13:14:38] WARNING[2464] ari/ari_websockets.c: WebSocket read error: Success
[May 23 13:14:51] WARNING[2506] res_http_websocket.c: Web socket closed abruptly
[May 23 13:14:51] WARNING[2506] ari/ari_websockets.c: WebSocket read error: Success
[May 23 13:14:55] WARNING[2510] res_http_websocket.c: Web socket closed abruptly
[May 23 13:14:55] WARNING[2510] ari/ari_websockets.c: WebSocket read error: Success
[May 23 13:14:59] WARNING[2514] res_http_websocket.c: Web socket closed abruptly
[May 23 13:14:59] WARNING[2514] ari/ari_websockets.c: WebSocket read error: Success
[May 23 13:15:59] WARNING[2518] res_http_websocket.c: Web socket closed abruptly
[May 23 13:15:59] WARNING[2518] ari/ari_websockets.c: WebSocket read error: Success
[May 23 13:18:51] WARNING[2826] res_http_websocket.c: Web socket closed abruptly
[May 23 13:18:51] WARNING[2826] ari/ari_websockets.c: WebSocket read error: Success
[May 23 13:18:58] WARNING[2830] res_http_websocket.c: Web socket closed abruptly
[May 23 13:18:58] WARNING[2830] ari/ari_websockets.c: WebSocket read error: Success
[May 23 13:19:15] WARNING[2834] res_http_websocket.c: Web socket closed abruptly
[May 23 13:19:15] WARNING[2834] ari/ari_websockets.c: WebSocket read error: Success
[May 23 13:19:42] WARNING[2876] res_http_websocket.c: Web socket closed abruptly
[May 23 13:19:42] WARNING[2876] ari/ari_websockets.c: WebSocket read error: Success
[May 23 13:20:18] WARNING[2918] res_http_websocket.c: Web socket closed abruptly
[May 23 13:20:18] WARNING[2918] ari/ari_websockets.c: WebSocket read error: Success
[May 23 13:21:02] WARNING[2960] res_http_websocket.c: Web socket closed abruptly
[May 23 13:21:02] WARNING[2960] ari/ari_websockets.c: WebSocket read error: Success
[May 23 13:21:20] WARNING[3002] res_http_websocket.c: Web socket closed abruptly
[May 23 13:21:20] WARNING[3002] ari/ari_websockets.c: WebSocket read error: Success
[May 23 13:21:47] WARNING[3044] res_http_websocket.c: Web socket closed abruptly
[May 23 13:21:47] WARNING[3044] ari/ari_websockets.c: WebSocket read error: Success
[May 23 13:21:54] WARNING[3086] res_http_websocket.c: Web socket closed abruptly
[May 23 13:21:54] WARNING[3086] ari/ari_websockets.c: WebSocket read error: Success
[May 23 13:22:10] WARNING[3090] res_http_websocket.c: Web socket closed abruptly
[May 23 13:22:10] WARNING[3090] ari/ari_websockets.c: WebSocket read error: Success
[May 23 13:22:39] WARNING[3132] res_http_websocket.c: Web socket closed abruptly
[May 23 13:22:39] WARNING[3132] ari/ari_websockets.c: WebSocket read error: Success
[May 23 13:25:37] WARNING[3212] res_http_websocket.c: Web socket closed abruptly
[May 23 13:25:37] WARNING[3212] ari/ari_websockets.c: WebSocket read error: Success
[May 23 13:25:56] WARNING[3369] res_http_websocket.c: Web socket closed abruptly
[May 23 13:25:56] WARNING[3369] ari/ari_websockets.c: WebSocket read error: Success
[May 23 13:26:14] WARNING[3411] res_http_websocket.c: Web socket closed abruptly
[May 23 13:26:14] WARNING[3411] ari/ari_websockets.c: WebSocket read error: Success
[May 23 13:26:32] WARNING[3454] res_http_websocket.c: Web socket closed abruptly
[May 23 13:26:32] WARNING[3454] ari/ari_websockets.c: WebSocket read error: Success
[May 23 13:26:56] ERROR[44] cdr_csv.c: Unable to open file /var/log/asterisk//cdr-csv//Master.csv : No such file or directory
[May 23 13:26:56] WARNING[44] cdr_csv.c: Unable to write CSV record to master '/var/log/asterisk//cdr-csv//Master.csv' : No such file or directory
[May 23 13:27:09] ERROR[44] cdr_csv.c: Unable to open file /var/log/asterisk//cdr-csv//Master.csv : No such file or directory
[May 23 13:27:09] WARNING[44] cdr_csv.c: Unable to write CSV record to master '/var/log/asterisk//cdr-csv//Master.csv' : No such file or directory
[May 23 13:28:14] WARNING[3458] res_http_websocket.c: Web socket closed abruptly
[May 23 13:28:14] WARNING[3458] ari/ari_websockets.c: WebSocket read error: Success
[May 23 13:28:22] WARNING[3620] res_http_websocket.c: Web socket closed abruptly
[May 23 13:28:22] WARNING[3620] ari/ari_websockets.c: WebSocket read error: Success
[May 23 13:29:04] ERROR[44] cdr_csv.c: Unable to open file /var/log/asterisk//cdr-csv//Master.csv : No such file or directory
[May 23 13:29:04] WARNING[44] cdr_csv.c: Unable to write CSV record to master '/var/log/asterisk//cdr-csv//Master.csv' : No such file or directory
[May 23 13:29:27] WARNING[3624] res_http_websocket.c: Web socket closed abruptly
[May 23 13:29:27] WARNING[3624] ari/ari_websockets.c: WebSocket read error: Success
[May 23 13:30:32] WARNING[3783] res_http_websocket.c: Web socket closed abruptly
[May 23 13:30:32] WARNING[3783] ari/ari_websockets.c: WebSocket read error: Success
[May 23 13:30:37] WARNING[3787] res_http_websocket.c: Web socket closed abruptly
[May 23 13:30:37] WARNING[3787] ari/ari_websockets.c: WebSocket read error: Success
[May 23 13:31:09] WARNING[3791] res_http_websocket.c: Web socket closed abruptly
[May 23 13:31:09] WARNING[3791] ari/ari_websockets.c: WebSocket read error: Success
[May 23 13:31:12] ERROR[44] cdr_csv.c: Unable to open file /var/log/asterisk//cdr-csv//Master.csv : No such file or directory
[May 23 13:31:12] WARNING[44] cdr_csv.c: Unable to write CSV record to master '/var/log/asterisk//cdr-csv//Master.csv' : No such file or directory
[May 23 13:31:17] WARNING[3838] stasis/app.c: Not creating context 'stasis-main-app' for Stasis application 'main-app' because it already exists
[May 23 13:39:01] WARNING[3838] res_http_websocket.c: Web socket closed abruptly
[May 23 13:39:01] WARNING[3838] ari/ari_websockets.c: WebSocket read error: Success
[May 23 13:39:10] WARNING[4453] res_http_websocket.c: Web socket closed abruptly
[May 23 13:39:10] WARNING[4453] ari/ari_websockets.c: WebSocket read error: Success
[May 23 13:40:38] WARNING[4457] res_http_websocket.c: Web socket closed abruptly
[May 23 13:40:38] WARNING[4457] ari/ari_websockets.c: WebSocket read error: Success
[May 23 13:41:21] WARNING[4577] res_http_websocket.c: Web socket closed abruptly
[May 23 13:41:21] WARNING[4577] ari/ari_websockets.c: WebSocket read error: Success
[May 23 13:41:33] WARNING[4619] res_http_websocket.c: Web socket closed abruptly
[May 23 13:41:33] WARNING[4619] ari/ari_websockets.c: WebSocket read error: Success
[May 23 13:41:43] WARNING[4661] res_http_websocket.c: Web socket closed abruptly
[May 23 13:41:43] WARNING[4661] ari/ari_websockets.c: WebSocket read error: Success
[May 23 13:42:50] WARNING[4665] res_http_websocket.c: Web socket closed abruptly
[May 23 13:42:50] WARNING[4665] ari/ari_websockets.c: WebSocket read error: Success
[May 23 13:43:07] WARNING[4746] res_http_websocket.c: Web socket closed abruptly
[May 23 13:43:07] WARNING[4746] ari/ari_websockets.c: WebSocket read error: Success
[May 23 13:43:14] WARNING[4788] res_http_websocket.c: Web socket closed abruptly
[May 23 13:43:14] WARNING[4788] ari/ari_websockets.c: WebSocket read error: Success
[May 23 13:43:41] ERROR[44] cdr_csv.c: Unable to open file /var/log/asterisk//cdr-csv//Master.csv : No such file or directory
[May 23 13:43:41] WARNING[44] cdr_csv.c: Unable to write CSV record to master '/var/log/asterisk//cdr-csv//Master.csv' : No such file or directory
[May 23 13:43:57] WARNING[4792] res_http_websocket.c: Web socket closed abruptly
[May 23 13:43:57] WARNING[4792] ari/ari_websockets.c: WebSocket read error: Success
[May 23 13:45:07] WARNING[4874] res_http_websocket.c: Web socket closed abruptly
[May 23 13:45:07] WARNING[4874] ari/ari_websockets.c: WebSocket read error: Success
[May 23 13:46:19] WARNING[4954] res_http_websocket.c: Web socket closed abruptly
[May 23 13:46:19] WARNING[4954] ari/ari_websockets.c: WebSocket read error: Success
[May 23 13:46:22] ERROR[44] cdr_csv.c: Unable to open file /var/log/asterisk//cdr-csv//Master.csv : No such file or directory
[May 23 13:46:22] WARNING[44] cdr_csv.c: Unable to write CSV record to master '/var/log/asterisk//cdr-csv//Master.csv' : No such file or directory
[May 23 13:46:23] WARNING[5039] stasis/app.c: Not creating context 'stasis-main-app' for Stasis application 'main-app' because it already exists
[May 23 13:46:39] ERROR[44] cdr_csv.c: Unable to open file /var/log/asterisk//cdr-csv//Master.csv : No such file or directory
[May 23 13:46:39] WARNING[44] cdr_csv.c: Unable to write CSV record to master '/var/log/asterisk//cdr-csv//Master.csv' : No such file or directory
[May 23 17:00:24] WARNING[5039] res_http_websocket.c: Web socket closed abruptly
[May 23 17:00:24] WARNING[5039] ari/ari_websockets.c: WebSocket read error: Success
[May 23 17:00:29] WARNING[19719] stasis/app.c: Not creating context 'stasis-main-app' for Stasis application 'main-app' because it already exists
[May 23 17:07:49] WARNING[19719] res_http_websocket.c: Web socket closed abruptly
[May 23 17:07:49] WARNING[19719] ari/ari_websockets.c: WebSocket read error: Success
[May 23 17:07:56] WARNING[20256] res_http_websocket.c: Web socket closed abruptly
[May 23 17:07:56] WARNING[20256] ari/ari_websockets.c: WebSocket read error: Success
[May 23 17:16:27] WARNING[20260] res_http_websocket.c: Web socket closed abruptly
[May 23 17:16:27] WARNING[20260] ari/ari_websockets.c: WebSocket read error: Success
[May 23 17:16:30] WARNING[20912] res_http_websocket.c: Web socket closed abruptly
[May 23 17:16:30] WARNING[20912] ari/ari_websockets.c: WebSocket read error: Success
[May 23 17:31:01] WARNING[20916] res_http_websocket.c: Web socket closed abruptly
[May 23 17:31:01] WARNING[20916] ari/ari_websockets.c: WebSocket read error: Success
[May 23 17:31:10] WARNING[22023] res_http_websocket.c: Web socket closed abruptly
[May 23 17:31:10] WARNING[22023] ari/ari_websockets.c: WebSocket read error: Success
[May 23 17:31:21] WARNING[22027] res_http_websocket.c: Web socket closed abruptly
[May 23 17:31:21] WARNING[22027] ari/ari_websockets.c: WebSocket read error: Success
[May 23 17:32:48] WARNING[22069] res_http_websocket.c: Web socket closed abruptly
[May 23 17:32:48] WARNING[22069] ari/ari_websockets.c: WebSocket read error: Success
[May 23 17:33:10] WARNING[22187] res_http_websocket.c: Web socket closed abruptly
[May 23 17:33:10] WARNING[22187] ari/ari_websockets.c: WebSocket read error: Success
[May 23 17:33:42] WARNING[22191] res_http_websocket.c: Web socket closed abruptly
[May 23 17:33:42] WARNING[22191] ari/ari_websockets.c: WebSocket read error: Success
[May 23 17:33:52] WARNING[22234] res_http_websocket.c: Web socket closed abruptly
[May 23 17:33:52] WARNING[22234] ari/ari_websockets.c: WebSocket read error: Success
[May 23 17:34:07] WARNING[22277] res_http_websocket.c: Web socket closed abruptly
[May 23 17:34:07] WARNING[22277] ari/ari_websockets.c: WebSocket read error: Success
[May 23 17:34:21] WARNING[22281] res_http_websocket.c: Web socket closed abruptly
[May 23 17:34:21] WARNING[22281] ari/ari_websockets.c: WebSocket read error: Success
[May 23 17:34:27] WARNING[22323] res_http_websocket.c: Web socket closed abruptly
[May 23 17:34:27] WARNING[22323] ari/ari_websockets.c: WebSocket read error: Success
[May 23 17:34:31] WARNING[22327] res_http_websocket.c: Web socket closed abruptly
[May 23 17:34:31] WARNING[22327] ari/ari_websockets.c: WebSocket read error: Success
[May 23 17:34:50] WARNING[22331] res_http_websocket.c: Web socket closed abruptly
[May 23 17:34:50] WARNING[22331] ari/ari_websockets.c: WebSocket read error: Success
[May 23 17:35:00] WARNING[22373] res_http_websocket.c: Web socket closed abruptly
[May 23 17:35:00] WARNING[22373] ari/ari_websockets.c: WebSocket read error: Success
[May 23 17:35:06] WARNING[22377] res_http_websocket.c: Web socket closed abruptly
[May 23 17:35:06] WARNING[22377] ari/ari_websockets.c: WebSocket read error: Success
[May 23 17:35:17] WARNING[22381] res_http_websocket.c: Web socket closed abruptly
[May 23 17:35:17] WARNING[22381] ari/ari_websockets.c: WebSocket read error: Success
[May 23 17:35:24] WARNING[22423] res_http_websocket.c: Web socket closed abruptly
[May 23 17:35:24] WARNING[22423] ari/ari_websockets.c: WebSocket read error: Success
[May 23 17:35:29] WARNING[22427] res_http_websocket.c: Web socket closed abruptly
[May 23 17:35:29] WARNING[22427] ari/ari_websockets.c: WebSocket read error: Success
[May 23 17:35:45] WARNING[22431] res_http_websocket.c: Web socket closed abruptly
[May 23 17:35:45] WARNING[22431] ari/ari_websockets.c: WebSocket read error: Success
[May 23 17:37:37] WARNING[22435] res_http_websocket.c: Web socket closed abruptly
[May 23 17:37:37] WARNING[22435] ari/ari_websockets.c: WebSocket read error: Success
[May 23 17:39:07] WARNING[22591] res_http_websocket.c: Web socket closed abruptly
[May 23 17:39:07] WARNING[22591] ari/ari_websockets.c: WebSocket read error: Success
[May 23 17:40:39] WARNING[22747] res_http_websocket.c: Web socket closed abruptly
[May 23 17:40:39] WARNING[22747] ari/ari_websockets.c: WebSocket read error: Success
[May 23 17:41:18] WARNING[22829] res_http_websocket.c: Web socket closed abruptly
[May 23 17:41:18] WARNING[22829] ari/ari_websockets.c: WebSocket read error: Success
[May 23 17:41:33] ERROR[44] cdr_csv.c: Unable to open file /var/log/asterisk//cdr-csv//Master.csv : No such file or directory
[May 23 17:41:33] WARNING[44] cdr_csv.c: Unable to write CSV record to master '/var/log/asterisk//cdr-csv//Master.csv' : No such file or directory
[May 23 17:41:33] ERROR[44] cdr_csv.c: Unable to open file /var/log/asterisk//cdr-csv//Master.csv : No such file or directory
[May 23 17:41:33] WARNING[44] cdr_csv.c: Unable to write CSV record to master '/var/log/asterisk//cdr-csv//Master.csv' : No such file or directory
[May 23 17:41:33] ERROR[44] cdr_csv.c: Unable to open file /var/log/asterisk//cdr-csv//Master.csv : No such file or directory
[May 23 17:41:33] WARNING[44] cdr_csv.c: Unable to write CSV record to master '/var/log/asterisk//cdr-csv//Master.csv' : No such file or directory
[May 23 17:43:52] Asterisk 22.9.0 built by root @ buildkitsandbox on a x86_64 running Linux on 2026-05-06 10:04:55 UTC
[May 23 17:43:52] NOTICE[1] loader.c: 339 modules will be loaded.
[May 23 17:43:56] NOTICE[1] res_config_ldap.c: No directory user found, anonymous binding as default.
[May 23 17:43:56] ERROR[1] res_config_ldap.c: No directory URL or host found.
[May 23 17:43:56] ERROR[1] res_config_ldap.c: Cannot load LDAP RealTime driver.
[May 23 17:43:56] WARNING[1] res_config_pgsql.c: PostgreSQL RealTime: No database user found, using 'asterisk' as default.
[May 23 17:43:56] WARNING[1] res_config_pgsql.c: PostgreSQL RealTime: No database password found, using 'asterisk' as default.
[May 23 17:43:56] WARNING[1] res_config_pgsql.c: PostgreSQL RealTime: No database host found, using localhost via socket.
[May 23 17:43:56] WARNING[1] res_config_pgsql.c: PostgreSQL RealTime: No database name found, using 'asterisk' as default.
[May 23 17:43:56] WARNING[1] res_config_pgsql.c: PostgreSQL RealTime: No database port found, using 5432 as default.
[May 23 17:43:56] WARNING[1] res_config_pgsql.c: PostgreSQL RealTime: No database socket found, using '/tmp/.s.PGSQL.5432' as default.
[May 23 17:43:56] ERROR[1] res_config_pgsql.c: PostgreSQL RealTime: Failed to connect database asterisk on : 
[May 23 17:43:56] WARNING[1] res_config_pgsql.c: PostgreSQL RealTime: Couldn't establish connection. Check debug.
[May 23 17:43:56] NOTICE[1] cdr.c: CDR simple logging enabled.
[May 23 17:43:56] NOTICE[1] indications.c: Default country for indication tones: us
[May 23 17:43:56] NOTICE[1] indications.c: Setting default indication country to 'us'
[May 23 17:43:57] WARNING[1] res_musiconhold.c: No music on hold classes configured, disabling music on hold.
[May 23 17:43:57] NOTICE[1] res_smdi.c: No SMDI interfaces are available to listen on, not starting SMDI listener.
[May 23 17:43:57] WARNING[1] res_phoneprov.c: Unable to find a valid server address or name.
[May 23 17:43:59] NOTICE[1] confbridge/conf_config_parser.c: Adding default_menu menu to app_confbridge
[May 23 17:43:59] WARNING[1] cel_pgsql.c: CEL pgsql config file missing global section.
[May 23 17:43:59] NOTICE[1] cdr_pgsql.c: cdr_pgsql configuration contains no global section, skipping module load.
[May 23 17:43:59] NOTICE[1] cdrel_custom/config.c: cdr_custom.conf: Loaded 0 configs
[May 23 17:43:59] WARNING[1] config.c: parse error: No category context for line 64 of /etc/asterisk/cel_sqlite3_custom.conf
[May 23 17:43:59] ERROR[1] cdrel_custom/config.c: Unable to load cel_sqlite3_custom.conf. Not logging CELs to custom database
[May 23 17:43:59] NOTICE[1] cdrel_custom/config.c: cel_custom.conf: Loaded 0 configs
[May 23 17:43:59] NOTICE[1] cdrel_custom/config.c: cdr_sqlite3_custom.conf: Loaded 0 configs
[May 23 17:43:59] WARNING[1] ael/pval.c: Warning: file /etc/asterisk/extensions.ael, line 196-196: macro call to ael-dundi-e164 cannot be found in the AEL code!
[May 23 17:43:59] WARNING[1] ael/pval.c: Warning: file /etc/asterisk/extensions.ael, line 209-209: macro call to ael-dundi-e164 cannot be found in the AEL code!
[May 23 17:43:59] WARNING[1] ael/pval.c: Warning: file /etc/asterisk/extensions.ael, line 328-328: macro call to ael-std-exten-ael cannot be found in the AEL code!
[May 23 17:43:59] WARNING[1] loader.c: Some non-required modules failed to load.
[May 23 17:43:59] WARNING[1] loader.c: Module 'res_adsi' has been loaded but may be removed in a future release.
[May 23 17:43:59] WARNING[1] loader.c: Module 'app_getcpeid' has been loaded but may be removed in a future release.
[May 23 17:44:00] WARNING[1] loader.c: Module 'app_adsiprog' has been loaded but may be removed in a future release.
[May 23 17:44:00] ERROR[1] loader.c: Error loading module 'format_ogg_vorbis.so': libvorbisenc.so.2: cannot open shared object file: No such file or directory
[May 23 17:44:00] ERROR[1] loader.c: cdr_pgsql declined to load.
[May 23 17:44:00] ERROR[1] loader.c: cdr_custom declined to load.
[May 23 17:44:00] ERROR[1] loader.c: cel_sqlite3_custom declined to load.
[May 23 17:44:00] ERROR[1] loader.c: cel_custom declined to load.
[May 23 17:44:00] ERROR[1] loader.c: cdr_sqlite3_custom declined to load.
[May 23 17:44:00] WARNING[26] pbx_config.c: users.conf is deprecated and will be removed in a future version of Asterisk
[May 23 17:47:43] WARNING[133] res_http_websocket.c: Web socket closed abruptly
[May 23 17:47:43] WARNING[133] ari/ari_websockets.c: WebSocket read error: Success
[May 23 17:48:56] Asterisk 22.9.0 built by root @ buildkitsandbox on a x86_64 running Linux on 2026-05-06 10:04:55 UTC
[May 23 17:48:56] NOTICE[1] loader.c: 339 modules will be loaded.
[May 23 17:48:56] NOTICE[1] res_config_ldap.c: No directory user found, anonymous binding as default.
[May 23 17:48:56] ERROR[1] res_config_ldap.c: No directory URL or host found.
[May 23 17:48:56] ERROR[1] res_config_ldap.c: Cannot load LDAP RealTime driver.
[May 23 17:48:56] WARNING[1] res_config_pgsql.c: PostgreSQL RealTime: No database user found, using 'asterisk' as default.
[May 23 17:48:56] WARNING[1] res_config_pgsql.c: PostgreSQL RealTime: No database password found, using 'asterisk' as default.
[May 23 17:48:56] WARNING[1] res_config_pgsql.c: PostgreSQL RealTime: No database host found, using localhost via socket.
[May 23 17:48:56] WARNING[1] res_config_pgsql.c: PostgreSQL RealTime: No database name found, using 'asterisk' as default.
[May 23 17:48:56] WARNING[1] res_config_pgsql.c: PostgreSQL RealTime: No database port found, using 5432 as default.
[May 23 17:48:56] WARNING[1] res_config_pgsql.c: PostgreSQL RealTime: No database socket found, using '/tmp/.s.PGSQL.5432' as default.
[May 23 17:48:56] ERROR[1] res_config_pgsql.c: PostgreSQL RealTime: Failed to connect database asterisk on : 
[May 23 17:48:56] WARNING[1] res_config_pgsql.c: PostgreSQL RealTime: Couldn't establish connection. Check debug.
[May 23 17:48:56] NOTICE[1] cdr.c: CDR simple logging enabled.
[May 23 17:48:56] NOTICE[1] indications.c: Default country for indication tones: us
[May 23 17:48:56] NOTICE[1] indications.c: Setting default indication country to 'us'
[May 23 17:48:57] WARNING[1] res_musiconhold.c: No music on hold classes configured, disabling music on hold.
[May 23 17:48:57] NOTICE[1] res_smdi.c: No SMDI interfaces are available to listen on, not starting SMDI listener.
[May 23 17:48:57] WARNING[1] res_phoneprov.c: Unable to find a valid server address or name.
[May 23 17:48:57] NOTICE[1] confbridge/conf_config_parser.c: Adding default_menu menu to app_confbridge
[May 23 17:48:57] WARNING[1] cel_pgsql.c: CEL pgsql config file missing global section.
[May 23 17:48:57] NOTICE[1] cdr_pgsql.c: cdr_pgsql configuration contains no global section, skipping module load.
[May 23 17:48:57] NOTICE[1] cdrel_custom/config.c: cdr_custom.conf: Loaded 0 configs
[May 23 17:48:57] WARNING[1] config.c: parse error: No category context for line 64 of /etc/asterisk/cel_sqlite3_custom.conf
[May 23 17:48:57] ERROR[1] cdrel_custom/config.c: Unable to load cel_sqlite3_custom.conf. Not logging CELs to custom database
[May 23 17:48:57] NOTICE[1] cdrel_custom/config.c: cel_custom.conf: Loaded 0 configs
[May 23 17:48:57] NOTICE[1] cdrel_custom/config.c: cdr_sqlite3_custom.conf: Loaded 0 configs
[May 23 17:48:57] WARNING[1] ael/pval.c: Warning: file /etc/asterisk/extensions.ael, line 196-196: macro call to ael-dundi-e164 cannot be found in the AEL code!
[May 23 17:48:57] WARNING[1] ael/pval.c: Warning: file /etc/asterisk/extensions.ael, line 209-209: macro call to ael-dundi-e164 cannot be found in the AEL code!
[May 23 17:48:57] WARNING[1] ael/pval.c: Warning: file /etc/asterisk/extensions.ael, line 328-328: macro call to ael-std-exten-ael cannot be found in the AEL code!
[May 23 17:48:57] WARNING[1] loader.c: Some non-required modules failed to load.
[May 23 17:48:57] WARNING[1] loader.c: Module 'res_adsi' has been loaded but may be removed in a future release.
[May 23 17:48:57] WARNING[1] loader.c: Module 'app_getcpeid' has been loaded but may be removed in a future release.
[May 23 17:48:57] WARNING[1] loader.c: Module 'app_adsiprog' has been loaded but may be removed in a future release.
[May 23 17:48:57] ERROR[1] loader.c: Error loading module 'format_ogg_vorbis.so': libvorbisenc.so.2: cannot open shared object file: No such file or directory
[May 23 17:48:57] ERROR[1] loader.c: cdr_pgsql declined to load.
[May 23 17:48:57] ERROR[1] loader.c: cdr_custom declined to load.
[May 23 17:48:57] ERROR[1] loader.c: cel_sqlite3_custom declined to load.
[May 23 17:48:57] ERROR[1] loader.c: cel_custom declined to load.
[May 23 17:48:57] ERROR[1] loader.c: cdr_sqlite3_custom declined to load.
[May 23 17:48:57] WARNING[26] pbx_config.c: users.conf is deprecated and will be removed in a future version of Asterisk
[May 23 17:49:28] ERROR[44] cdr_csv.c: Unable to open file /var/log/asterisk//cdr-csv//Master.csv : No such file or directory
[May 23 17:49:28] WARNING[44] cdr_csv.c: Unable to write CSV record to master '/var/log/asterisk//cdr-csv//Master.csv' : No such file or directory
[May 23 17:52:47] WARNING[133] res_http_websocket.c: Web socket closed abruptly
[May 23 17:52:47] WARNING[133] ari/ari_websockets.c: WebSocket read error: Success
[May 23 17:52:52] WARNING[409] stasis/app.c: Not creating context 'stasis-main-app' for Stasis application 'main-app' because it already exists
[May 23 17:53:11] WARNING[409] res_http_websocket.c: Web socket closed abruptly
[May 23 17:53:11] WARNING[409] ari/ari_websockets.c: WebSocket read error: Success
[May 23 17:54:17] ERROR[44] cdr_csv.c: Unable to open file /var/log/asterisk//cdr-csv//Master.csv : No such file or directory
[May 23 17:54:17] WARNING[44] cdr_csv.c: Unable to write CSV record to master '/var/log/asterisk//cdr-csv//Master.csv' : No such file or directory
[May 23 17:54:32] WARNING[451] res_http_websocket.c: Web socket closed abruptly
[May 23 17:54:32] WARNING[451] ari/ari_websockets.c: WebSocket read error: Success
[May 23 17:54:36] WARNING[574] stasis/app.c: Not creating context 'stasis-main-app' for Stasis application 'main-app' because it already exists
[May 23 17:55:09] ERROR[44] cdr_csv.c: Unable to open file /var/log/asterisk//cdr-csv//Master.csv : No such file or directory
[May 23 17:55:09] WARNING[44] cdr_csv.c: Unable to write CSV record to master '/var/log/asterisk//cdr-csv//Master.csv' : No such file or directory
[May 23 17:55:27] WARNING[574] res_http_websocket.c: Web socket closed abruptly
[May 23 17:55:27] WARNING[574] ari/ari_websockets.c: WebSocket read error: Success
[May 23 17:55:31] WARNING[621] stasis/app.c: Not creating context 'stasis-main-app' for Stasis application 'main-app' because it already exists
[May 23 17:55:46] ERROR[44] cdr_csv.c: Unable to open file /var/log/asterisk//cdr-csv//Master.csv : No such file or directory
[May 23 17:55:46] WARNING[44] cdr_csv.c: Unable to write CSV record to master '/var/log/asterisk//cdr-csv//Master.csv' : No such file or directory
[May 23 17:56:55] WARNING[621] res_http_websocket.c: Web socket closed abruptly
[May 23 17:56:55] WARNING[621] ari/ari_websockets.c: WebSocket read error: Success
[May 23 17:56:59] WARNING[746] stasis/app.c: Not creating context 'stasis-main-app' for Stasis application 'main-app' because it already exists
[May 23 17:58:55] ERROR[44] cdr_csv.c: Unable to open file /var/log/asterisk//cdr-csv//Master.csv : No such file or directory
[May 23 17:58:55] WARNING[44] cdr_csv.c: Unable to write CSV record to master '/var/log/asterisk//cdr-csv//Master.csv' : No such file or directory
[May 23 18:01:55] WARNING[746] res_http_websocket.c: Web socket closed abruptly
[May 23 18:01:55] WARNING[746] ari/ari_websockets.c: WebSocket read error: Success
[May 23 18:01:59] WARNING[1135] stasis/app.c: Not creating context 'stasis-main-app' for Stasis application 'main-app' because it already exists
[May 23 18:02:21] ERROR[44] cdr_csv.c: Unable to open file /var/log/asterisk//cdr-csv//Master.csv : No such file or directory
[May 23 18:02:21] WARNING[44] cdr_csv.c: Unable to write CSV record to master '/var/log/asterisk//cdr-csv//Master.csv' : No such file or directory
[May 23 18:04:39] Asterisk 22.9.0 built by root @ buildkitsandbox on a x86_64 running Linux on 2026-05-06 10:04:55 UTC
[May 23 18:04:39] NOTICE[1] loader.c: 339 modules will be loaded.
[May 23 18:04:39] NOTICE[1] res_config_ldap.c: No directory user found, anonymous binding as default.
[May 23 18:04:39] ERROR[1] res_config_ldap.c: No directory URL or host found.
[May 23 18:04:39] ERROR[1] res_config_ldap.c: Cannot load LDAP RealTime driver.
[May 23 18:04:39] WARNING[1] res_config_pgsql.c: PostgreSQL RealTime: No database user found, using 'asterisk' as default.
[May 23 18:04:39] WARNING[1] res_config_pgsql.c: PostgreSQL RealTime: No database password found, using 'asterisk' as default.
[May 23 18:04:39] WARNING[1] res_config_pgsql.c: PostgreSQL RealTime: No database host found, using localhost via socket.
[May 23 18:04:39] WARNING[1] res_config_pgsql.c: PostgreSQL RealTime: No database name found, using 'asterisk' as default.
[May 23 18:04:39] WARNING[1] res_config_pgsql.c: PostgreSQL RealTime: No database port found, using 5432 as default.
[May 23 18:04:39] WARNING[1] res_config_pgsql.c: PostgreSQL RealTime: No database socket found, using '/tmp/.s.PGSQL.5432' as default.
[May 23 18:04:39] ERROR[1] res_config_pgsql.c: PostgreSQL RealTime: Failed to connect database asterisk on : 
[May 23 18:04:39] WARNING[1] res_config_pgsql.c: PostgreSQL RealTime: Couldn't establish connection. Check debug.
[May 23 18:04:39] NOTICE[1] cdr.c: CDR simple logging enabled.
[May 23 18:04:39] NOTICE[1] indications.c: Default country for indication tones: us
[May 23 18:04:39] NOTICE[1] indications.c: Setting default indication country to 'us'
[May 23 18:04:39] WARNING[1] res_musiconhold.c: No music on hold classes configured, disabling music on hold.
[May 23 18:04:39] NOTICE[1] res_smdi.c: No SMDI interfaces are available to listen on, not starting SMDI listener.
[May 23 18:04:39] WARNING[1] res_phoneprov.c: Unable to find a valid server address or name.
[May 23 18:04:39] NOTICE[1] confbridge/conf_config_parser.c: Adding default_menu menu to app_confbridge
[May 23 18:04:39] WARNING[1] cel_pgsql.c: CEL pgsql config file missing global section.
[May 23 18:04:39] NOTICE[1] cdr_pgsql.c: cdr_pgsql configuration contains no global section, skipping module load.
[May 23 18:04:39] NOTICE[1] cdrel_custom/config.c: cdr_custom.conf: Loaded 0 configs
[May 23 18:04:39] WARNING[1] config.c: parse error: No category context for line 64 of /etc/asterisk/cel_sqlite3_custom.conf
[May 23 18:04:39] ERROR[1] cdrel_custom/config.c: Unable to load cel_sqlite3_custom.conf. Not logging CELs to custom database
[May 23 18:04:39] NOTICE[1] cdrel_custom/config.c: cel_custom.conf: Loaded 0 configs
[May 23 18:04:39] NOTICE[1] cdrel_custom/config.c: cdr_sqlite3_custom.conf: Loaded 0 configs
[May 23 18:04:39] WARNING[1] ael/pval.c: Warning: file /etc/asterisk/extensions.ael, line 196-196: macro call to ael-dundi-e164 cannot be found in the AEL code!
[May 23 18:04:39] WARNING[1] ael/pval.c: Warning: file /etc/asterisk/extensions.ael, line 209-209: macro call to ael-dundi-e164 cannot be found in the AEL code!
[May 23 18:04:39] WARNING[1] ael/pval.c: Warning: file /etc/asterisk/extensions.ael, line 328-328: macro call to ael-std-exten-ael cannot be found in the AEL code!
[May 23 18:04:39] WARNING[1] loader.c: Some non-required modules failed to load.
[May 23 18:04:39] WARNING[1] loader.c: Module 'res_adsi' has been loaded but may be removed in a future release.
[May 23 18:04:39] WARNING[1] loader.c: Module 'app_getcpeid' has been loaded but may be removed in a future release.
[May 23 18:04:39] WARNING[1] loader.c: Module 'app_adsiprog' has been loaded but may be removed in a future release.
[May 23 18:04:39] ERROR[1] loader.c: Error loading module 'format_ogg_vorbis.so': libvorbisenc.so.2: cannot open shared object file: No such file or directory
[May 23 18:04:39] ERROR[1] loader.c: cdr_pgsql declined to load.
[May 23 18:04:39] ERROR[1] loader.c: cdr_custom declined to load.
[May 23 18:04:39] ERROR[1] loader.c: cel_sqlite3_custom declined to load.
[May 23 18:04:39] ERROR[1] loader.c: cel_custom declined to load.
[May 23 18:04:39] ERROR[1] loader.c: cdr_sqlite3_custom declined to load.
[May 23 18:04:39] WARNING[25] pbx_config.c: users.conf is deprecated and will be removed in a future version of Asterisk
[May 23 18:05:43] WARNING[134] res_http_websocket.c: Web socket closed abruptly
[May 23 18:05:43] WARNING[134] ari/ari_websockets.c: WebSocket read error: Success
[May 23 18:06:55] ERROR[45] cdr_csv.c: Unable to open file /var/log/asterisk//cdr-csv//Master.csv : No such file or directory
[May 23 18:06:55] WARNING[45] cdr_csv.c: Unable to write CSV record to master '/var/log/asterisk//cdr-csv//Master.csv' : No such file or directory
[May 23 18:07:17] WARNING[214] res_http_websocket.c: Web socket closed abruptly
[May 23 18:07:17] WARNING[214] ari/ari_websockets.c: WebSocket read error: Success
[May 23 18:07:21] WARNING[338] stasis/app.c: Not creating context 'stasis-main-app' for Stasis application 'main-app' because it already exists
[May 23 18:09:40] ERROR[45] cdr_csv.c: Unable to open file /var/log/asterisk//cdr-csv//Master.csv : No such file or directory
[May 23 18:09:40] WARNING[45] cdr_csv.c: Unable to write CSV record to master '/var/log/asterisk//cdr-csv//Master.csv' : No such file or directory
[May 23 18:09:51] WARNING[338] res_http_websocket.c: Web socket closed abruptly
[May 23 18:09:51] WARNING[338] ari/ari_websockets.c: WebSocket read error: Success
[May 23 18:09:54] WARNING[537] stasis/app.c: Not creating context 'stasis-main-app' for Stasis application 'main-app' because it already exists
[May 23 18:11:29] ERROR[45] cdr_csv.c: Unable to open file /var/log/asterisk//cdr-csv//Master.csv : No such file or directory
[May 23 18:11:29] WARNING[45] cdr_csv.c: Unable to write CSV record to master '/var/log/asterisk//cdr-csv//Master.csv' : No such file or directory
[May 23 18:11:39] WARNING[537] res_http_websocket.c: Web socket closed abruptly
[May 23 18:11:39] WARNING[537] ari/ari_websockets.c: WebSocket read error: Success
[May 23 18:48:21] WARNING[3447] stasis/app.c: Not creating context 'stasis-main-app' for Stasis application 'main-app' because it already exists
[May 23 18:49:19] WARNING[3447] res_http_websocket.c: Web socket closed abruptly
[May 23 18:49:19] WARNING[3447] ari/ari_websockets.c: WebSocket read error: Success
[May 23 18:50:46] ERROR[45] cdr_csv.c: Unable to open file /var/log/asterisk//cdr-csv//Master.csv : No such file or directory
[May 23 18:50:46] WARNING[45] cdr_csv.c: Unable to write CSV record to master '/var/log/asterisk//cdr-csv//Master.csv' : No such file or directory
[May 23 18:50:52] WARNING[3527] res_http_websocket.c: Web socket closed abruptly
[May 23 18:50:52] WARNING[3527] ari/ari_websockets.c: WebSocket read error: Success
[May 23 18:53:30] WARNING[3840] stasis/app.c: Not creating context 'stasis-main-app' for Stasis application 'main-app' because it already exists
[May 23 18:53:58] ERROR[45] cdr_csv.c: Unable to open file /var/log/asterisk//cdr-csv//Master.csv : No such file or directory
[May 23 18:53:58] WARNING[45] cdr_csv.c: Unable to write CSV record to master '/var/log/asterisk//cdr-csv//Master.csv' : No such file or directory
[May 23 18:54:17] WARNING[3840] res_http_websocket.c: Web socket closed abruptly
[May 23 18:54:17] WARNING[3840] ari/ari_websockets.c: WebSocket read error: Success
[May 23 18:54:21] WARNING[3925] stasis/app.c: Not creating context 'stasis-main-app' for Stasis application 'main-app' because it already exists
[May 23 18:57:38] ERROR[45] cdr_csv.c: Unable to open file /var/log/asterisk//cdr-csv//Master.csv : No such file or directory
[May 23 18:57:38] WARNING[45] cdr_csv.c: Unable to write CSV record to master '/var/log/asterisk//cdr-csv//Master.csv' : No such file or directory
[May 23 18:57:40] WARNING[3925] res_http_websocket.c: Web socket closed abruptly
[May 23 18:57:40] WARNING[3925] ari/ari_websockets.c: WebSocket read error: Success
[May 23 19:12:03] WARNING[5189] stasis/app.c: Not creating context 'stasis-main-app' for Stasis application 'main-app' because it already exists
[May 23 19:12:27] ERROR[45] cdr_csv.c: Unable to open file /var/log/asterisk//cdr-csv//Master.csv : No such file or directory
[May 23 19:12:27] WARNING[45] cdr_csv.c: Unable to write CSV record to master '/var/log/asterisk//cdr-csv//Master.csv' : No such file or directory
[May 23 19:13:09] WARNING[5189] res_http_websocket.c: Web socket closed abruptly
[May 23 19:13:09] WARNING[5189] ari/ari_websockets.c: WebSocket read error: Success
[May 23 19:13:13] WARNING[5312] stasis/app.c: Not creating context 'stasis-main-app' for Stasis application 'main-app' because it already exists
[May 23 19:15:23] WARNING[5312] res_http_websocket.c: Web socket closed abruptly
[May 23 19:15:23] WARNING[5312] ari/ari_websockets.c: WebSocket read error: Success
[May 23 19:15:28] WARNING[5473] stasis/app.c: Not creating context 'stasis-main-app' for Stasis application 'main-app' because it already exists
[May 23 19:15:31] ERROR[45] cdr_csv.c: Unable to open file /var/log/asterisk//cdr-csv//Master.csv : No such file or directory
[May 23 19:15:31] WARNING[45] cdr_csv.c: Unable to write CSV record to master '/var/log/asterisk//cdr-csv//Master.csv' : No such file or directory
[May 23 19:16:07] WARNING[5473] res_http_websocket.c: Web socket closed abruptly
[May 23 19:16:07] WARNING[5473] ari/ari_websockets.c: WebSocket read error: Success
[May 23 19:16:47] ERROR[45] cdr_csv.c: Unable to open file /var/log/asterisk//cdr-csv//Master.csv : No such file or directory
[May 23 19:16:47] WARNING[45] cdr_csv.c: Unable to write CSV record to master '/var/log/asterisk//cdr-csv//Master.csv' : No such file or directory
[May 23 19:16:53] WARNING[5553] res_http_websocket.c: Web socket closed abruptly
[May 23 19:16:53] WARNING[5553] ari/ari_websockets.c: WebSocket read error: Success
[May 23 19:16:54] ERROR[45] cdr_csv.c: Unable to open file /var/log/asterisk//cdr-csv//Master.csv : No such file or directory
[May 23 19:16:54] WARNING[45] cdr_csv.c: Unable to write CSV record to master '/var/log/asterisk//cdr-csv//Master.csv' : No such file or directory
[May 23 19:16:54] ERROR[45] cdr_csv.c: Unable to open file /var/log/asterisk//cdr-csv//Master.csv : No such file or directory
[May 23 19:16:54] WARNING[45] cdr_csv.c: Unable to write CSV record to master '/var/log/asterisk//cdr-csv//Master.csv' : No such file or directory
[May 23 19:16:54] ERROR[45] cdr_csv.c: Unable to open file /var/log/asterisk//cdr-csv//Master.csv : No such file or directory
[May 23 19:16:54] WARNING[45] cdr_csv.c: Unable to write CSV record to master '/var/log/asterisk//cdr-csv//Master.csv' : No such file or directory
[May 23 19:16:54] ERROR[45] cdr_csv.c: Unable to open file /var/log/asterisk//cdr-csv//Master.csv : No such file or directory
[May 23 19:16:54] WARNING[45] cdr_csv.c: Unable to write CSV record to master '/var/log/asterisk//cdr-csv//Master.csv' : No such file or directory
[May 23 19:16:54] ERROR[45] cdr_csv.c: Unable to open file /var/log/asterisk//cdr-csv//Master.csv : No such file or directory
[May 23 19:16:54] WARNING[45] cdr_csv.c: Unable to write CSV record to master '/var/log/asterisk//cdr-csv//Master.csv' : No such file or directory
[May 23 19:16:54] ERROR[45] cdr_csv.c: Unable to open file /var/log/asterisk//cdr-csv//Master.csv : No such file or directory
[May 23 19:16:54] WARNING[45] cdr_csv.c: Unable to write CSV record to master '/var/log/asterisk//cdr-csv//Master.csv' : No such file or directory
[May 23 19:16:54] ERROR[45] cdr_csv.c: Unable to open file /var/log/asterisk//cdr-csv//Master.csv : No such file or directory
[May 23 19:16:54] WARNING[45] cdr_csv.c: Unable to write CSV record to master '/var/log/asterisk//cdr-csv//Master.csv' : No such file or directory
[May 23 19:16:54] ERROR[45] cdr_csv.c: Unable to open file /var/log/asterisk//cdr-csv//Master.csv : No such file or directory
[May 23 19:16:54] WARNING[45] cdr_csv.c: Unable to write CSV record to master '/var/log/asterisk//cdr-csv//Master.csv' : No such file or directory
[May 23 19:16:54] ERROR[45] cdr_csv.c: Unable to open file /var/log/asterisk//cdr-csv//Master.csv : No such file or directory
[May 23 19:16:54] WARNING[45] cdr_csv.c: Unable to write CSV record to master '/var/log/asterisk//cdr-csv//Master.csv' : No such file or directory
[May 23 19:17:24] Asterisk 22.9.0 built by root @ buildkitsandbox on a x86_64 running Linux on 2026-05-06 10:04:55 UTC
[May 23 19:17:24] NOTICE[1] loader.c: 339 modules will be loaded.
[May 23 19:17:26] NOTICE[1] res_config_ldap.c: No directory user found, anonymous binding as default.
[May 23 19:17:26] ERROR[1] res_config_ldap.c: No directory URL or host found.
[May 23 19:17:26] ERROR[1] res_config_ldap.c: Cannot load LDAP RealTime driver.
[May 23 19:17:26] WARNING[1] res_config_pgsql.c: PostgreSQL RealTime: No database user found, using 'asterisk' as default.
[May 23 19:17:26] WARNING[1] res_config_pgsql.c: PostgreSQL RealTime: No database password found, using 'asterisk' as default.
[May 23 19:17:26] WARNING[1] res_config_pgsql.c: PostgreSQL RealTime: No database host found, using localhost via socket.
[May 23 19:17:26] WARNING[1] res_config_pgsql.c: PostgreSQL RealTime: No database name found, using 'asterisk' as default.
[May 23 19:17:26] WARNING[1] res_config_pgsql.c: PostgreSQL RealTime: No database port found, using 5432 as default.
[May 23 19:17:26] WARNING[1] res_config_pgsql.c: PostgreSQL RealTime: No database socket found, using '/tmp/.s.PGSQL.5432' as default.
[May 23 19:17:26] ERROR[1] res_config_pgsql.c: PostgreSQL RealTime: Failed to connect database asterisk on : 
[May 23 19:17:26] WARNING[1] res_config_pgsql.c: PostgreSQL RealTime: Couldn't establish connection. Check debug.
[May 23 19:17:26] NOTICE[1] cdr.c: CDR simple logging enabled.
[May 23 19:17:26] NOTICE[1] indications.c: Default country for indication tones: us
[May 23 19:17:26] NOTICE[1] indications.c: Setting default indication country to 'us'
[May 23 19:17:26] WARNING[1] res_musiconhold.c: No music on hold classes configured, disabling music on hold.
[May 23 19:17:27] NOTICE[1] res_smdi.c: No SMDI interfaces are available to listen on, not starting SMDI listener.
[May 23 19:17:27] WARNING[1] res_phoneprov.c: Unable to find a valid server address or name.
[May 23 19:17:27] NOTICE[1] confbridge/conf_config_parser.c: Adding default_menu menu to app_confbridge
[May 23 19:17:27] WARNING[1] cel_pgsql.c: CEL pgsql config file missing global section.
[May 23 19:17:27] NOTICE[1] cdr_pgsql.c: cdr_pgsql configuration contains no global section, skipping module load.
[May 23 19:17:27] NOTICE[1] cdrel_custom/config.c: cdr_custom.conf: Loaded 0 configs
[May 23 19:17:27] WARNING[1] config.c: parse error: No category context for line 64 of /etc/asterisk/cel_sqlite3_custom.conf
[May 23 19:17:27] ERROR[1] cdrel_custom/config.c: Unable to load cel_sqlite3_custom.conf. Not logging CELs to custom database
[May 23 19:17:27] NOTICE[1] cdrel_custom/config.c: cel_custom.conf: Loaded 0 configs
[May 23 19:17:27] NOTICE[1] cdrel_custom/config.c: cdr_sqlite3_custom.conf: Loaded 0 configs
[May 23 19:17:27] WARNING[1] ael/pval.c: Warning: file /etc/asterisk/extensions.ael, line 196-196: macro call to ael-dundi-e164 cannot be found in the AEL code!
[May 23 19:17:27] WARNING[1] ael/pval.c: Warning: file /etc/asterisk/extensions.ael, line 209-209: macro call to ael-dundi-e164 cannot be found in the AEL code!
[May 23 19:17:27] WARNING[1] ael/pval.c: Warning: file /etc/asterisk/extensions.ael, line 328-328: macro call to ael-std-exten-ael cannot be found in the AEL code!
[May 23 19:17:27] WARNING[1] loader.c: Some non-required modules failed to load.
[May 23 19:17:27] WARNING[1] loader.c: Module 'res_adsi' has been loaded but may be removed in a future release.
[May 23 19:17:27] WARNING[1] loader.c: Module 'app_getcpeid' has been loaded but may be removed in a future release.
[May 23 19:17:27] WARNING[1] loader.c: Module 'app_adsiprog' has been loaded but may be removed in a future release.
[May 23 19:17:27] ERROR[1] loader.c: Error loading module 'format_ogg_vorbis.so': libvorbisenc.so.2: cannot open shared object file: No such file or directory
[May 23 19:17:27] ERROR[1] loader.c: cdr_pgsql declined to load.
[May 23 19:17:27] ERROR[1] loader.c: cdr_custom declined to load.
[May 23 19:17:27] ERROR[1] loader.c: cel_sqlite3_custom declined to load.
[May 23 19:17:27] ERROR[1] loader.c: cel_custom declined to load.
[May 23 19:17:27] ERROR[1] loader.c: cdr_sqlite3_custom declined to load.
[May 23 19:17:27] WARNING[24] pbx_config.c: users.conf is deprecated and will be removed in a future version of Asterisk
[May 23 19:18:49] ERROR[44] cdr_csv.c: Unable to open file /var/log/asterisk//cdr-csv//Master.csv : No such file or directory
[May 23 19:18:49] WARNING[44] cdr_csv.c: Unable to write CSV record to master '/var/log/asterisk//cdr-csv//Master.csv' : No such file or directory
[May 23 19:22:34] WARNING[133] res_http_websocket.c: Web socket closed abruptly
[May 23 19:22:34] WARNING[133] ari/ari_websockets.c: WebSocket read error: Success
[May 23 19:25:26] WARNING[715] stasis/app.c: Not creating context 'stasis-main-app' for Stasis application 'main-app' because it already exists
[May 23 19:28:07] ERROR[44] cdr_csv.c: Unable to open file /var/log/asterisk//cdr-csv//Master.csv : No such file or directory
[May 23 19:28:07] WARNING[44] cdr_csv.c: Unable to write CSV record to master '/var/log/asterisk//cdr-csv//Master.csv' : No such file or directory
[May 23 19:28:11] WARNING[715] res_http_websocket.c: Web socket closed abruptly
[May 23 19:28:11] WARNING[715] ari/ari_websockets.c: WebSocket read error: Success
[May 23 19:48:36] WARNING[2477] stasis/app.c: Not creating context 'stasis-main-app' for Stasis application 'main-app' because it already exists
[May 23 19:49:22] WARNING[2477] res_http_websocket.c: Web socket closed abruptly
[May 23 19:49:22] WARNING[2477] ari/ari_websockets.c: WebSocket read error: Success
[May 23 19:50:20] WARNING[2557] res_http_websocket.c: Web socket closed abruptly
[May 23 19:50:20] WARNING[2557] ari/ari_websockets.c: WebSocket read error: Success
[May 23 19:50:32] WARNING[2638] res_http_websocket.c: Web socket closed abruptly
[May 23 19:50:32] WARNING[2638] ari/ari_websockets.c: WebSocket read error: Success
[May 23 19:50:52] ERROR[44] cdr_csv.c: Unable to open file /var/log/asterisk//cdr-csv//Master.csv : No such file or directory
[May 23 19:50:52] WARNING[44] cdr_csv.c: Unable to write CSV record to master '/var/log/asterisk//cdr-csv//Master.csv' : No such file or directory
[May 23 19:51:18] WARNING[2642] res_http_websocket.c: Web socket closed abruptly
[May 23 19:51:18] WARNING[2642] ari/ari_websockets.c: WebSocket read error: Success
[May 23 19:51:21] WARNING[2689] stasis/app.c: Not creating context 'stasis-main-app' for Stasis application 'main-app' because it already exists
[May 23 19:51:45] ERROR[44] cdr_csv.c: Unable to open file /var/log/asterisk//cdr-csv//Master.csv : No such file or directory
[May 23 19:51:45] WARNING[44] cdr_csv.c: Unable to write CSV record to master '/var/log/asterisk//cdr-csv//Master.csv' : No such file or directory
[May 23 19:53:57] WARNING[2689] res_http_websocket.c: Web socket closed abruptly
[May 23 19:53:57] WARNING[2689] ari/ari_websockets.c: WebSocket read error: Success
[May 23 19:54:01] WARNING[2927] stasis/app.c: Not creating context 'stasis-main-app' for Stasis application 'main-app' because it already exists
[May 23 19:54:05] WARNING[2927] res_http_websocket.c: Web socket closed abruptly
[May 23 19:54:05] WARNING[2927] ari/ari_websockets.c: WebSocket read error: Success
[May 23 19:54:15] WARNING[2931] res_http_websocket.c: Web socket closed abruptly
[May 23 19:54:15] WARNING[2931] ari/ari_websockets.c: WebSocket read error: Success
[May 23 19:56:43] ERROR[44] cdr_csv.c: Unable to open file /var/log/asterisk//cdr-csv//Master.csv : No such file or directory
[May 23 19:56:43] WARNING[44] cdr_csv.c: Unable to write CSV record to master '/var/log/asterisk//cdr-csv//Master.csv' : No such file or directory
[May 23 19:59:44] WARNING[2935] res_http_websocket.c: Web socket closed abruptly
[May 23 19:59:44] WARNING[2935] ari/ari_websockets.c: WebSocket read error: Success
[May 23 19:59:48] WARNING[3363] stasis/app.c: Not creating context 'stasis-main-app' for Stasis application 'main-app' because it already exists
[May 23 20:00:32] WARNING[3363] res_http_websocket.c: Web socket closed abruptly
[May 23 20:00:32] WARNING[3363] ari/ari_websockets.c: WebSocket read error: Success
[May 23 20:00:52] WARNING[3443] res_http_websocket.c: Web socket closed abruptly
[May 23 20:00:52] WARNING[3443] ari/ari_websockets.c: WebSocket read error: Success
[May 23 20:01:02] WARNING[3447] res_http_websocket.c: Web socket closed abruptly
[May 23 20:01:02] WARNING[3447] ari/ari_websockets.c: WebSocket read error: Success
[May 23 20:01:24] WARNING[3489] res_http_websocket.c: Web socket closed abruptly
[May 23 20:01:24] WARNING[3489] ari/ari_websockets.c: WebSocket read error: Success
[May 23 20:01:34] WARNING[3493] res_http_websocket.c: Web socket closed abruptly
[May 23 20:01:34] WARNING[3493] ari/ari_websockets.c: WebSocket read error: Success
[May 23 20:01:35] ERROR[44] cdr_csv.c: Unable to open file /var/log/asterisk//cdr-csv//Master.csv : No such file or directory
[May 23 20:01:35] WARNING[44] cdr_csv.c: Unable to write CSV record to master '/var/log/asterisk//cdr-csv//Master.csv' : No such file or directory
[May 23 20:01:35] ERROR[44] cdr_csv.c: Unable to open file /var/log/asterisk//cdr-csv//Master.csv : No such file or directory
[May 23 20:01:35] WARNING[44] cdr_csv.c: Unable to write CSV record to master '/var/log/asterisk//cdr-csv//Master.csv' : No such file or directory
[May 23 20:01:35] ERROR[44] cdr_csv.c: Unable to open file /var/log/asterisk//cdr-csv//Master.csv : No such file or directory
[May 23 20:01:35] WARNING[44] cdr_csv.c: Unable to write CSV record to master '/var/log/asterisk//cdr-csv//Master.csv' : No such file or directory
[May 23 20:01:35] ERROR[44] cdr_csv.c: Unable to open file /var/log/asterisk//cdr-csv//Master.csv : No such file or directory
[May 23 20:01:35] WARNING[44] cdr_csv.c: Unable to write CSV record to master '/var/log/asterisk//cdr-csv//Master.csv' : No such file or directory
[May 23 20:01:35] ERROR[44] cdr_csv.c: Unable to open file /var/log/asterisk//cdr-csv//Master.csv : No such file or directory
[May 23 20:01:35] WARNING[44] cdr_csv.c: Unable to write CSV record to master '/var/log/asterisk//cdr-csv//Master.csv' : No such file or directory
[May 23 20:33:46] Asterisk 22.9.0 built by root @ buildkitsandbox on a x86_64 running Linux on 2026-05-06 10:04:55 UTC
[May 23 20:33:46] NOTICE[1] loader.c: 339 modules will be loaded.
[May 23 20:33:48] NOTICE[1] res_config_ldap.c: No directory user found, anonymous binding as default.
[May 23 20:33:48] ERROR[1] res_config_ldap.c: No directory URL or host found.
[May 23 20:33:48] ERROR[1] res_config_ldap.c: Cannot load LDAP RealTime driver.
[May 23 20:33:48] WARNING[1] res_config_pgsql.c: PostgreSQL RealTime: No database user found, using 'asterisk' as default.
[May 23 20:33:48] WARNING[1] res_config_pgsql.c: PostgreSQL RealTime: No database password found, using 'asterisk' as default.
[May 23 20:33:48] WARNING[1] res_config_pgsql.c: PostgreSQL RealTime: No database host found, using localhost via socket.
[May 23 20:33:48] WARNING[1] res_config_pgsql.c: PostgreSQL RealTime: No database name found, using 'asterisk' as default.
[May 23 20:33:48] WARNING[1] res_config_pgsql.c: PostgreSQL RealTime: No database port found, using 5432 as default.
[May 23 20:33:48] WARNING[1] res_config_pgsql.c: PostgreSQL RealTime: No database socket found, using '/tmp/.s.PGSQL.5432' as default.
[May 23 20:33:48] ERROR[1] res_config_pgsql.c: PostgreSQL RealTime: Failed to connect database asterisk on : 
[May 23 20:33:48] WARNING[1] res_config_pgsql.c: PostgreSQL RealTime: Couldn't establish connection. Check debug.
[May 23 20:33:48] NOTICE[1] cdr.c: CDR simple logging enabled.
[May 23 20:33:48] NOTICE[1] indications.c: Default country for indication tones: us
[May 23 20:33:48] NOTICE[1] indications.c: Setting default indication country to 'us'
[May 23 20:33:49] WARNING[1] res_musiconhold.c: No music on hold classes configured, disabling music on hold.
[May 23 20:33:49] NOTICE[1] res_smdi.c: No SMDI interfaces are available to listen on, not starting SMDI listener.
[May 23 20:33:49] WARNING[1] res_phoneprov.c: Unable to find a valid server address or name.
[May 23 20:33:50] NOTICE[1] confbridge/conf_config_parser.c: Adding default_menu menu to app_confbridge
[May 23 20:33:50] WARNING[1] cel_pgsql.c: CEL pgsql config file missing global section.
[May 23 20:33:50] NOTICE[1] cdr_pgsql.c: cdr_pgsql configuration contains no global section, skipping module load.
[May 23 20:33:50] NOTICE[1] cdrel_custom/config.c: cdr_custom.conf: Loaded 0 configs
[May 23 20:33:50] WARNING[1] config.c: parse error: No category context for line 64 of /etc/asterisk/cel_sqlite3_custom.conf
[May 23 20:33:50] ERROR[1] cdrel_custom/config.c: Unable to load cel_sqlite3_custom.conf. Not logging CELs to custom database
[May 23 20:33:50] NOTICE[1] cdrel_custom/config.c: cel_custom.conf: Loaded 0 configs
[May 23 20:33:50] NOTICE[1] cdrel_custom/config.c: cdr_sqlite3_custom.conf: Loaded 0 configs
[May 23 20:33:50] WARNING[1] ael/pval.c: Warning: file /etc/asterisk/extensions.ael, line 196-196: macro call to ael-dundi-e164 cannot be found in the AEL code!
[May 23 20:33:50] WARNING[1] ael/pval.c: Warning: file /etc/asterisk/extensions.ael, line 209-209: macro call to ael-dundi-e164 cannot be found in the AEL code!
[May 23 20:33:50] WARNING[1] ael/pval.c: Warning: file /etc/asterisk/extensions.ael, line 328-328: macro call to ael-std-exten-ael cannot be found in the AEL code!
[May 23 20:33:50] WARNING[1] loader.c: Some non-required modules failed to load.
[May 23 20:33:50] WARNING[1] loader.c: Module 'res_adsi' has been loaded but may be removed in a future release.
[May 23 20:33:51] WARNING[1] loader.c: Module 'app_getcpeid' has been loaded but may be removed in a future release.
[May 23 20:33:51] WARNING[1] loader.c: Module 'app_adsiprog' has been loaded but may be removed in a future release.
[May 23 20:33:51] ERROR[1] loader.c: Error loading module 'format_ogg_vorbis.so': libvorbisenc.so.2: cannot open shared object file: No such file or directory
[May 23 20:33:51] ERROR[1] loader.c: cdr_pgsql declined to load.
[May 23 20:33:51] ERROR[1] loader.c: cdr_custom declined to load.
[May 23 20:33:51] ERROR[1] loader.c: cel_sqlite3_custom declined to load.
[May 23 20:33:51] ERROR[1] loader.c: cel_custom declined to load.
[May 23 20:33:51] ERROR[1] loader.c: cdr_sqlite3_custom declined to load.
[May 23 20:33:51] WARNING[24] pbx_config.c: users.conf is deprecated and will be removed in a future version of Asterisk
[May 23 20:35:20] ERROR[44] cdr_csv.c: Unable to open file /var/log/asterisk//cdr-csv//Master.csv : No such file or directory
[May 23 20:35:20] WARNING[44] cdr_csv.c: Unable to write CSV record to master '/var/log/asterisk//cdr-csv//Master.csv' : No such file or directory
[May 23 20:36:07] WARNING[133] res_http_websocket.c: Web socket closed abruptly
[May 23 20:36:07] WARNING[133] ari/ari_websockets.c: WebSocket read error: Success
[May 23 20:36:14] WARNING[296] stasis/app.c: Not creating context 'stasis-main-app' for Stasis application 'main-app' because it already exists
[May 23 20:38:26] WARNING[296] res_http_websocket.c: Web socket closed abruptly
[May 23 20:38:26] WARNING[296] ari/ari_websockets.c: WebSocket read error: Success
[May 23 20:38:43] ERROR[44] cdr_csv.c: Unable to open file /var/log/asterisk//cdr-csv//Master.csv : No such file or directory
[May 23 20:38:43] WARNING[44] cdr_csv.c: Unable to write CSV record to master '/var/log/asterisk//cdr-csv//Master.csv' : No such file or directory
[May 24 11:10:40] Asterisk 22.9.0 built by root @ buildkitsandbox on a x86_64 running Linux on 2026-05-06 10:04:55 UTC
[May 24 11:10:41] NOTICE[1] loader.c: 339 modules will be loaded.
[May 24 11:10:45] NOTICE[1] res_config_ldap.c: No directory user found, anonymous binding as default.
[May 24 11:10:45] ERROR[1] res_config_ldap.c: No directory URL or host found.
[May 24 11:10:45] ERROR[1] res_config_ldap.c: Cannot load LDAP RealTime driver.
[May 24 11:10:45] WARNING[1] res_config_pgsql.c: PostgreSQL RealTime: No database user found, using 'asterisk' as default.
[May 24 11:10:45] WARNING[1] res_config_pgsql.c: PostgreSQL RealTime: No database password found, using 'asterisk' as default.
[May 24 11:10:45] WARNING[1] res_config_pgsql.c: PostgreSQL RealTime: No database host found, using localhost via socket.
[May 24 11:10:45] WARNING[1] res_config_pgsql.c: PostgreSQL RealTime: No database name found, using 'asterisk' as default.
[May 24 11:10:45] WARNING[1] res_config_pgsql.c: PostgreSQL RealTime: No database port found, using 5432 as default.
[May 24 11:10:45] WARNING[1] res_config_pgsql.c: PostgreSQL RealTime: No database socket found, using '/tmp/.s.PGSQL.5432' as default.
[May 24 11:10:45] ERROR[1] res_config_pgsql.c: PostgreSQL RealTime: Failed to connect database asterisk on : 
[May 24 11:10:45] WARNING[1] res_config_pgsql.c: PostgreSQL RealTime: Couldn't establish connection. Check debug.
[May 24 11:10:45] NOTICE[1] cdr.c: CDR simple logging enabled.
[May 24 11:10:45] NOTICE[1] indications.c: Default country for indication tones: us
[May 24 11:10:45] NOTICE[1] indications.c: Setting default indication country to 'us'
[May 24 11:10:46] WARNING[1] res_musiconhold.c: No music on hold classes configured, disabling music on hold.
[May 24 11:10:46] NOTICE[1] res_smdi.c: No SMDI interfaces are available to listen on, not starting SMDI listener.
[May 24 11:10:46] WARNING[1] res_phoneprov.c: Unable to find a valid server address or name.
[May 24 11:10:48] NOTICE[1] confbridge/conf_config_parser.c: Adding default_menu menu to app_confbridge
[May 24 11:10:48] WARNING[1] cel_pgsql.c: CEL pgsql config file missing global section.
[May 24 11:10:48] NOTICE[1] cdr_pgsql.c: cdr_pgsql configuration contains no global section, skipping module load.
[May 24 11:10:48] NOTICE[1] cdrel_custom/config.c: cdr_custom.conf: Loaded 0 configs
[May 24 11:10:48] WARNING[1] config.c: parse error: No category context for line 64 of /etc/asterisk/cel_sqlite3_custom.conf
[May 24 11:10:48] ERROR[1] cdrel_custom/config.c: Unable to load cel_sqlite3_custom.conf. Not logging CELs to custom database
[May 24 11:10:48] NOTICE[1] cdrel_custom/config.c: cel_custom.conf: Loaded 0 configs
[May 24 11:10:48] NOTICE[1] cdrel_custom/config.c: cdr_sqlite3_custom.conf: Loaded 0 configs
[May 24 11:10:48] WARNING[1] ael/pval.c: Warning: file /etc/asterisk/extensions.ael, line 196-196: macro call to ael-dundi-e164 cannot be found in the AEL code!
[May 24 11:10:48] WARNING[1] ael/pval.c: Warning: file /etc/asterisk/extensions.ael, line 209-209: macro call to ael-dundi-e164 cannot be found in the AEL code!
[May 24 11:10:48] WARNING[1] ael/pval.c: Warning: file /etc/asterisk/extensions.ael, line 328-328: macro call to ael-std-exten-ael cannot be found in the AEL code!
[May 24 11:10:49] WARNING[1] loader.c: Some non-required modules failed to load.
[May 24 11:10:49] WARNING[1] loader.c: Module 'res_adsi' has been loaded but may be removed in a future release.
[May 24 11:10:49] WARNING[1] loader.c: Module 'app_getcpeid' has been loaded but may be removed in a future release.
[May 24 11:10:49] WARNING[1] loader.c: Module 'app_adsiprog' has been loaded but may be removed in a future release.
[May 24 11:10:49] ERROR[1] loader.c: Error loading module 'format_ogg_vorbis.so': libvorbisenc.so.2: cannot open shared object file: No such file or directory
[May 24 11:10:49] ERROR[1] loader.c: cdr_pgsql declined to load.
[May 24 11:10:49] ERROR[1] loader.c: cdr_custom declined to load.
[May 24 11:10:49] ERROR[1] loader.c: cel_sqlite3_custom declined to load.
[May 24 11:10:49] ERROR[1] loader.c: cel_custom declined to load.
[May 24 11:10:49] ERROR[1] loader.c: cdr_sqlite3_custom declined to load.
[May 24 11:10:49] WARNING[24] pbx_config.c: users.conf is deprecated and will be removed in a future version of Asterisk
[May 24 11:37:04] ERROR[66] cdr_csv.c: Unable to open file /var/log/asterisk//cdr-csv//Master.csv : No such file or directory
[May 24 11:37:04] WARNING[66] cdr_csv.c: Unable to write CSV record to master '/var/log/asterisk//cdr-csv//Master.csv' : No such file or directory
[May 24 11:37:06] WARNING[1962] res_http_websocket.c: Web socket closed abruptly
[May 24 11:37:06] WARNING[1962] ari/ari_websockets.c: WebSocket read error: Success
[May 24 11:46:31] WARNING[2811] stasis/app.c: Not creating context 'stasis-main-app' for Stasis application 'main-app' because it already exists
[May 24 11:47:41] WARNING[2811] res_http_websocket.c: Web socket closed abruptly
[May 24 11:47:41] WARNING[2811] ari/ari_websockets.c: WebSocket read error: Success
[May 24 11:54:04] WARNING[3391] stasis/app.c: Not creating context 'stasis-main-app' for Stasis application 'main-app' because it already exists
[May 24 11:54:16] WARNING[3391] res_http_websocket.c: Web socket closed abruptly
[May 24 11:54:16] WARNING[3391] ari/ari_websockets.c: WebSocket read error: Success
[May 24 11:54:30] ERROR[66] cdr_csv.c: Unable to open file /var/log/asterisk//cdr-csv//Master.csv : No such file or directory
[May 24 11:54:30] WARNING[66] cdr_csv.c: Unable to write CSV record to master '/var/log/asterisk//cdr-csv//Master.csv' : No such file or directory
[May 24 11:55:29] WARNING[3434] res_http_websocket.c: Web socket closed abruptly
[May 24 11:55:29] WARNING[3434] ari/ari_websockets.c: WebSocket read error: Success
[May 24 11:55:31] ERROR[66] cdr_csv.c: Unable to open file /var/log/asterisk//cdr-csv//Master.csv : No such file or directory
[May 24 11:55:31] WARNING[66] cdr_csv.c: Unable to write CSV record to master '/var/log/asterisk//cdr-csv//Master.csv' : No such file or directory
[May 24 11:55:33] WARNING[3518] stasis/app.c: Not creating context 'stasis-main-app' for Stasis application 'main-app' because it already exists
[May 24 11:56:18] WARNING[3518] res_http_websocket.c: Web socket closed abruptly
[May 24 11:56:18] WARNING[3518] ari/ari_websockets.c: WebSocket read error: Success
[May 24 11:58:04] WARNING[3598] res_http_websocket.c: Web socket closed abruptly
[May 24 11:58:04] WARNING[3598] ari/ari_websockets.c: WebSocket read error: Success
[May 24 11:58:07] ERROR[66] cdr_csv.c: Unable to open file /var/log/asterisk//cdr-csv//Master.csv : No such file or directory
[May 24 11:58:07] WARNING[66] cdr_csv.c: Unable to write CSV record to master '/var/log/asterisk//cdr-csv//Master.csv' : No such file or directory
[May 24 11:58:08] WARNING[3721] stasis/app.c: Not creating context 'stasis-main-app' for Stasis application 'main-app' because it already exists
[May 24 11:59:36] WARNING[3721] res_http_websocket.c: Web socket closed abruptly
[May 24 11:59:36] WARNING[3721] ari/ari_websockets.c: WebSocket read error: Success
[May 24 12:00:35] ERROR[66] cdr_csv.c: Unable to open file /var/log/asterisk//cdr-csv//Master.csv : No such file or directory
[May 24 12:00:35] WARNING[66] cdr_csv.c: Unable to write CSV record to master '/var/log/asterisk//cdr-csv//Master.csv' : No such file or directory
[May 24 12:00:51] WARNING[3839] res_http_websocket.c: Web socket closed abruptly
[May 24 12:00:51] WARNING[3839] ari/ari_websockets.c: WebSocket read error: Success
[May 24 12:00:55] WARNING[3962] stasis/app.c: Not creating context 'stasis-main-app' for Stasis application 'main-app' because it already exists
[May 24 12:01:57] ERROR[66] cdr_csv.c: Unable to open file /var/log/asterisk//cdr-csv//Master.csv : No such file or directory
[May 24 12:01:57] WARNING[66] cdr_csv.c: Unable to write CSV record to master '/var/log/asterisk//cdr-csv//Master.csv' : No such file or directory
[May 24 12:02:18] WARNING[3962] res_http_websocket.c: Web socket closed abruptly
[May 24 12:02:18] WARNING[3962] ari/ari_websockets.c: WebSocket read error: Success
[May 24 12:07:57] WARNING[4505] stasis/app.c: Not creating context 'stasis-main-app' for Stasis application 'main-app' because it already exists
[May 24 12:08:52] ERROR[66] cdr_csv.c: Unable to open file /var/log/asterisk//cdr-csv//Master.csv : No such file or directory
[May 24 12:08:52] WARNING[66] cdr_csv.c: Unable to write CSV record to master '/var/log/asterisk//cdr-csv//Master.csv' : No such file or directory
[May 24 12:09:09] WARNING[4505] res_http_websocket.c: Web socket closed abruptly
[May 24 12:09:09] WARNING[4505] ari/ari_websockets.c: WebSocket read error: Success
[May 24 12:09:17] WARNING[4628] stasis/app.c: Not creating context 'stasis-main-app' for Stasis application 'main-app' because it already exists
[May 24 12:09:58] WARNING[4628] res_http_websocket.c: Web socket closed abruptly
[May 24 12:09:58] WARNING[4628] ari/ari_websockets.c: WebSocket read error: Success
[May 24 12:10:58] WARNING[4670] res_http_websocket.c: Web socket closed abruptly
[May 24 12:10:58] WARNING[4670] ari/ari_websockets.c: WebSocket read error: Success
[May 24 12:11:28] WARNING[4751] res_http_websocket.c: Web socket closed abruptly
[May 24 12:11:28] WARNING[4751] ari/ari_websockets.c: WebSocket read error: Success
[May 24 12:11:34] WARNING[4794] res_http_websocket.c: Web socket closed abruptly
[May 24 12:11:34] WARNING[4794] ari/ari_websockets.c: WebSocket read error: Success
[May 24 12:12:44] ERROR[66] cdr_csv.c: Unable to open file /var/log/asterisk//cdr-csv//Master.csv : No such file or directory
[May 24 12:12:44] WARNING[66] cdr_csv.c: Unable to write CSV record to master '/var/log/asterisk//cdr-csv//Master.csv' : No such file or directory
[May 24 12:15:44] WARNING[4798] res_http_websocket.c: Web socket closed abruptly
[May 24 12:15:44] WARNING[4798] ari/ari_websockets.c: WebSocket read error: Success
[May 24 12:21:53] WARNING[5608] stasis/app.c: Not creating context 'stasis-main-app' for Stasis application 'main-app' because it already exists
[May 24 12:23:23] ERROR[66] cdr_csv.c: Unable to open file /var/log/asterisk//cdr-csv//Master.csv : No such file or directory
[May 24 12:23:23] WARNING[66] cdr_csv.c: Unable to write CSV record to master '/var/log/asterisk//cdr-csv//Master.csv' : No such file or directory
[May 24 12:29:32] WARNING[5608] res_http_websocket.c: Web socket closed abruptly
[May 24 12:29:32] WARNING[5608] ari/ari_websockets.c: WebSocket read error: Success
[May 24 13:14:15] Asterisk 22.9.0 built by root @ buildkitsandbox on a x86_64 running Linux on 2026-05-06 10:04:55 UTC
[May 24 13:14:15] NOTICE[1] loader.c: 339 modules will be loaded.
[May 24 13:14:16] NOTICE[1] res_config_ldap.c: No directory user found, anonymous binding as default.
[May 24 13:14:16] ERROR[1] res_config_ldap.c: No directory URL or host found.
[May 24 13:14:16] ERROR[1] res_config_ldap.c: Cannot load LDAP RealTime driver.
[May 24 13:14:16] WARNING[1] res_config_pgsql.c: PostgreSQL RealTime: No database user found, using 'asterisk' as default.
[May 24 13:14:16] WARNING[1] res_config_pgsql.c: PostgreSQL RealTime: No database password found, using 'asterisk' as default.
[May 24 13:14:16] WARNING[1] res_config_pgsql.c: PostgreSQL RealTime: No database host found, using localhost via socket.
[May 24 13:14:16] WARNING[1] res_config_pgsql.c: PostgreSQL RealTime: No database name found, using 'asterisk' as default.
[May 24 13:14:16] WARNING[1] res_config_pgsql.c: PostgreSQL RealTime: No database port found, using 5432 as default.
[May 24 13:14:16] WARNING[1] res_config_pgsql.c: PostgreSQL RealTime: No database socket found, using '/tmp/.s.PGSQL.5432' as default.
[May 24 13:14:16] ERROR[1] res_config_pgsql.c: PostgreSQL RealTime: Failed to connect database asterisk on : 
[May 24 13:14:16] WARNING[1] res_config_pgsql.c: PostgreSQL RealTime: Couldn't establish connection. Check debug.
[May 24 13:14:16] NOTICE[1] cdr.c: CDR simple logging enabled.
[May 24 13:14:16] NOTICE[1] indications.c: Default country for indication tones: us
[May 24 13:14:16] NOTICE[1] indications.c: Setting default indication country to 'us'
[May 24 13:14:16] WARNING[1] res_musiconhold.c: No music on hold classes configured, disabling music on hold.
[May 24 13:14:16] NOTICE[1] res_smdi.c: No SMDI interfaces are available to listen on, not starting SMDI listener.
[May 24 13:14:16] WARNING[1] res_phoneprov.c: Unable to find a valid server address or name.
[May 24 13:14:17] NOTICE[1] confbridge/conf_config_parser.c: Adding default_menu menu to app_confbridge
[May 24 13:14:17] WARNING[1] cel_pgsql.c: CEL pgsql config file missing global section.
[May 24 13:14:17] NOTICE[1] cdr_pgsql.c: cdr_pgsql configuration contains no global section, skipping module load.
[May 24 13:14:17] NOTICE[1] cdrel_custom/config.c: cdr_custom.conf: Loaded 0 configs
[May 24 13:14:17] WARNING[1] config.c: parse error: No category context for line 64 of /etc/asterisk/cel_sqlite3_custom.conf
[May 24 13:14:17] ERROR[1] cdrel_custom/config.c: Unable to load cel_sqlite3_custom.conf. Not logging CELs to custom database
[May 24 13:14:17] NOTICE[1] cdrel_custom/config.c: cel_custom.conf: Loaded 0 configs
[May 24 13:14:17] NOTICE[1] cdrel_custom/config.c: cdr_sqlite3_custom.conf: Loaded 0 configs
[May 24 13:14:17] WARNING[1] ael/pval.c: Warning: file /etc/asterisk/extensions.ael, line 196-196: macro call to ael-dundi-e164 cannot be found in the AEL code!
[May 24 13:14:17] WARNING[1] ael/pval.c: Warning: file /etc/asterisk/extensions.ael, line 209-209: macro call to ael-dundi-e164 cannot be found in the AEL code!
[May 24 13:14:17] WARNING[1] ael/pval.c: Warning: file /etc/asterisk/extensions.ael, line 328-328: macro call to ael-std-exten-ael cannot be found in the AEL code!
[May 24 13:14:17] WARNING[1] loader.c: Some non-required modules failed to load.
[May 24 13:14:17] WARNING[1] loader.c: Module 'res_adsi' has been loaded but may be removed in a future release.
[May 24 13:14:17] WARNING[1] loader.c: Module 'app_getcpeid' has been loaded but may be removed in a future release.
[May 24 13:14:17] WARNING[1] loader.c: Module 'app_adsiprog' has been loaded but may be removed in a future release.
[May 24 13:14:17] ERROR[1] loader.c: Error loading module 'format_ogg_vorbis.so': libvorbisenc.so.2: cannot open shared object file: No such file or directory
[May 24 13:14:17] ERROR[1] loader.c: cdr_pgsql declined to load.
[May 24 13:14:17] ERROR[1] loader.c: cdr_custom declined to load.
[May 24 13:14:17] ERROR[1] loader.c: cel_sqlite3_custom declined to load.
[May 24 13:14:17] ERROR[1] loader.c: cel_custom declined to load.
[May 24 13:14:17] ERROR[1] loader.c: cdr_sqlite3_custom declined to load.
[May 24 13:14:17] WARNING[24] pbx_config.c: users.conf is deprecated and will be removed in a future version of Asterisk
[May 24 13:21:08] Asterisk 22.9.0 built by root @ buildkitsandbox on a x86_64 running Linux on 2026-05-06 10:04:55 UTC
[May 24 13:21:08] NOTICE[1] loader.c: 339 modules will be loaded.
[May 24 13:21:09] NOTICE[1] res_config_ldap.c: No directory user found, anonymous binding as default.
[May 24 13:21:09] ERROR[1] res_config_ldap.c: No directory URL or host found.
[May 24 13:21:09] ERROR[1] res_config_ldap.c: Cannot load LDAP RealTime driver.
[May 24 13:21:09] WARNING[1] res_config_pgsql.c: PostgreSQL RealTime: No database user found, using 'asterisk' as default.
[May 24 13:21:09] WARNING[1] res_config_pgsql.c: PostgreSQL RealTime: No database password found, using 'asterisk' as default.
[May 24 13:21:09] WARNING[1] res_config_pgsql.c: PostgreSQL RealTime: No database host found, using localhost via socket.
[May 24 13:21:09] WARNING[1] res_config_pgsql.c: PostgreSQL RealTime: No database name found, using 'asterisk' as default.
[May 24 13:21:09] WARNING[1] res_config_pgsql.c: PostgreSQL RealTime: No database port found, using 5432 as default.
[May 24 13:21:09] WARNING[1] res_config_pgsql.c: PostgreSQL RealTime: No database socket found, using '/tmp/.s.PGSQL.5432' as default.
[May 24 13:21:09] ERROR[1] res_config_pgsql.c: PostgreSQL RealTime: Failed to connect database asterisk on : 
[May 24 13:21:09] WARNING[1] res_config_pgsql.c: PostgreSQL RealTime: Couldn't establish connection. Check debug.
[May 24 13:21:09] NOTICE[1] cdr.c: CDR simple logging enabled.
[May 24 13:21:09] NOTICE[1] indications.c: Default country for indication tones: us
[May 24 13:21:09] NOTICE[1] indications.c: Setting default indication country to 'us'
[May 24 13:21:09] WARNING[1] res_musiconhold.c: No music on hold classes configured, disabling music on hold.
[May 24 13:21:10] NOTICE[1] res_smdi.c: No SMDI interfaces are available to listen on, not starting SMDI listener.
[May 24 13:21:10] WARNING[1] res_phoneprov.c: Unable to find a valid server address or name.
[May 24 13:21:10] NOTICE[1] confbridge/conf_config_parser.c: Adding default_menu menu to app_confbridge
[May 24 13:21:10] WARNING[1] cel_pgsql.c: CEL pgsql config file missing global section.
[May 24 13:21:10] NOTICE[1] cdr_pgsql.c: cdr_pgsql configuration contains no global section, skipping module load.
[May 24 13:21:10] NOTICE[1] cdrel_custom/config.c: cdr_custom.conf: Loaded 0 configs
[May 24 13:21:10] WARNING[1] config.c: parse error: No category context for line 64 of /etc/asterisk/cel_sqlite3_custom.conf
[May 24 13:21:10] ERROR[1] cdrel_custom/config.c: Unable to load cel_sqlite3_custom.conf. Not logging CELs to custom database
[May 24 13:21:10] NOTICE[1] cdrel_custom/config.c: cel_custom.conf: Loaded 0 configs
[May 24 13:21:10] NOTICE[1] cdrel_custom/config.c: cdr_sqlite3_custom.conf: Loaded 0 configs
[May 24 13:21:10] WARNING[1] ael/pval.c: Warning: file /etc/asterisk/extensions.ael, line 196-196: macro call to ael-dundi-e164 cannot be found in the AEL code!
[May 24 13:21:10] WARNING[1] ael/pval.c: Warning: file /etc/asterisk/extensions.ael, line 209-209: macro call to ael-dundi-e164 cannot be found in the AEL code!
[May 24 13:21:10] WARNING[1] ael/pval.c: Warning: file /etc/asterisk/extensions.ael, line 328-328: macro call to ael-std-exten-ael cannot be found in the AEL code!
[May 24 13:21:10] WARNING[1] loader.c: Some non-required modules failed to load.
[May 24 13:21:10] WARNING[1] loader.c: Module 'res_adsi' has been loaded but may be removed in a future release.
[May 24 13:21:10] WARNING[1] loader.c: Module 'app_getcpeid' has been loaded but may be removed in a future release.
[May 24 13:21:10] WARNING[1] loader.c: Module 'app_adsiprog' has been loaded but may be removed in a future release.
[May 24 13:21:10] ERROR[1] loader.c: Error loading module 'format_ogg_vorbis.so': libvorbisenc.so.2: cannot open shared object file: No such file or directory
[May 24 13:21:10] ERROR[1] loader.c: cdr_pgsql declined to load.
[May 24 13:21:10] ERROR[1] loader.c: cdr_custom declined to load.
[May 24 13:21:10] ERROR[1] loader.c: cel_sqlite3_custom declined to load.
[May 24 13:21:10] ERROR[1] loader.c: cel_custom declined to load.
[May 24 13:21:10] ERROR[1] loader.c: cdr_sqlite3_custom declined to load.
[May 24 13:21:10] WARNING[25] pbx_config.c: users.conf is deprecated and will be removed in a future version of Asterisk
[May 24 14:21:38] Asterisk 22.9.0 built by root @ buildkitsandbox on a x86_64 running Linux on 2026-05-20 09:05:33 UTC
[May 24 14:21:38] NOTICE[1] loader.c: 339 modules will be loaded.
[May 24 14:21:39] NOTICE[1] res_config_ldap.c: No directory user found, anonymous binding as default.
[May 24 14:21:39] ERROR[1] res_config_ldap.c: No directory URL or host found.
[May 24 14:21:39] ERROR[1] res_config_ldap.c: Cannot load LDAP RealTime driver.
[May 24 14:21:39] WARNING[1] res_config_pgsql.c: PostgreSQL RealTime: No database user found, using 'asterisk' as default.
[May 24 14:21:39] WARNING[1] res_config_pgsql.c: PostgreSQL RealTime: No database password found, using 'asterisk' as default.
[May 24 14:21:39] WARNING[1] res_config_pgsql.c: PostgreSQL RealTime: No database host found, using localhost via socket.
[May 24 14:21:39] WARNING[1] res_config_pgsql.c: PostgreSQL RealTime: No database name found, using 'asterisk' as default.
[May 24 14:21:39] WARNING[1] res_config_pgsql.c: PostgreSQL RealTime: No database port found, using 5432 as default.
[May 24 14:21:39] WARNING[1] res_config_pgsql.c: PostgreSQL RealTime: No database socket found, using '/tmp/.s.PGSQL.5432' as default.
[May 24 14:21:39] ERROR[1] res_config_pgsql.c: PostgreSQL RealTime: Failed to connect database asterisk on : 
[May 24 14:21:39] WARNING[1] res_config_pgsql.c: PostgreSQL RealTime: Couldn't establish connection. Check debug.
[May 24 14:21:39] NOTICE[1] cdr.c: CDR simple logging enabled.
[May 24 14:21:39] NOTICE[1] indications.c: Default country for indication tones: us
[May 24 14:21:39] NOTICE[1] indications.c: Setting default indication country to 'us'
[May 24 14:21:40] WARNING[1] res_musiconhold.c: No music on hold classes configured, disabling music on hold.
[May 24 14:21:40] NOTICE[1] res_smdi.c: No SMDI interfaces are available to listen on, not starting SMDI listener.
[May 24 14:21:40] WARNING[1] res_phoneprov.c: Unable to find a valid server address or name.
[May 24 14:21:40] NOTICE[1] confbridge/conf_config_parser.c: Adding default_menu menu to app_confbridge
[May 24 14:21:40] WARNING[1] cel_pgsql.c: CEL pgsql config file missing global section.
[May 24 14:21:40] NOTICE[1] cdr_pgsql.c: cdr_pgsql configuration contains no global section, skipping module load.
[May 24 14:21:40] NOTICE[1] cdrel_custom/config.c: cdr_custom.conf: Loaded 0 configs
[May 24 14:21:40] WARNING[1] config.c: parse error: No category context for line 64 of /etc/asterisk/cel_sqlite3_custom.conf
[May 24 14:21:40] ERROR[1] cdrel_custom/config.c: Unable to load cel_sqlite3_custom.conf. Not logging CELs to custom database
[May 24 14:21:40] NOTICE[1] cdrel_custom/config.c: cel_custom.conf: Loaded 0 configs
[May 24 14:21:40] NOTICE[1] cdrel_custom/config.c: cdr_sqlite3_custom.conf: Loaded 0 configs
[May 24 14:21:40] WARNING[1] ael/pval.c: Warning: file /etc/asterisk/extensions.ael, line 196-196: macro call to ael-dundi-e164 cannot be found in the AEL code!
[May 24 14:21:40] WARNING[1] ael/pval.c: Warning: file /etc/asterisk/extensions.ael, line 209-209: macro call to ael-dundi-e164 cannot be found in the AEL code!
[May 24 14:21:40] WARNING[1] ael/pval.c: Warning: file /etc/asterisk/extensions.ael, line 328-328: macro call to ael-std-exten-ael cannot be found in the AEL code!
[May 24 14:21:41] WARNING[1] loader.c: Some non-required modules failed to load.
[May 24 14:21:41] WARNING[1] loader.c: Module 'res_adsi' has been loaded but may be removed in a future release.
[May 24 14:21:41] WARNING[1] loader.c: Module 'app_getcpeid' has been loaded but may be removed in a future release.
[May 24 14:21:41] WARNING[1] loader.c: Module 'app_adsiprog' has been loaded but may be removed in a future release.
[May 24 14:21:41] ERROR[1] loader.c: Error loading module 'format_ogg_vorbis.so': libvorbisenc.so.2: cannot open shared object file: No such file or directory
[May 24 14:21:41] ERROR[1] loader.c: cdr_pgsql declined to load.
[May 24 14:21:41] ERROR[1] loader.c: cdr_custom declined to load.
[May 24 14:21:41] ERROR[1] loader.c: cel_sqlite3_custom declined to load.
[May 24 14:21:41] ERROR[1] loader.c: cel_custom declined to load.
[May 24 14:21:41] ERROR[1] loader.c: cdr_sqlite3_custom declined to load.
[May 24 14:21:41] WARNING[35] pbx_config.c: users.conf is deprecated and will be removed in a future version of Asterisk
[May 24 14:33:00] WARNING[940] res_http_websocket.c: Web socket closed abruptly
[May 24 14:33:00] WARNING[940] ari/ari_websockets.c: WebSocket read error: Success
[May 24 14:33:06] WARNING[982] res_http_websocket.c: Web socket closed abruptly
[May 24 14:33:06] WARNING[982] ari/ari_websockets.c: WebSocket read error: Success
[May 24 14:40:06] WARNING[986] res_http_websocket.c: Web socket closed abruptly
[May 24 14:40:06] WARNING[986] ari/ari_websockets.c: WebSocket read error: Success
[May 24 14:52:49] Asterisk 22.9.0 built by root @ buildkitsandbox on a x86_64 running Linux on 2026-05-20 09:05:33 UTC
[May 24 14:52:49] NOTICE[1] loader.c: 339 modules will be loaded.
[May 24 14:52:51] NOTICE[1] res_config_ldap.c: No directory user found, anonymous binding as default.
[May 24 14:52:51] ERROR[1] res_config_ldap.c: No directory URL or host found.
[May 24 14:52:51] ERROR[1] res_config_ldap.c: Cannot load LDAP RealTime driver.
[May 24 14:52:51] WARNING[1] res_config_pgsql.c: PostgreSQL RealTime: No database user found, using 'asterisk' as default.
[May 24 14:52:51] WARNING[1] res_config_pgsql.c: PostgreSQL RealTime: No database password found, using 'asterisk' as default.
[May 24 14:52:51] WARNING[1] res_config_pgsql.c: PostgreSQL RealTime: No database host found, using localhost via socket.
[May 24 14:52:51] WARNING[1] res_config_pgsql.c: PostgreSQL RealTime: No database name found, using 'asterisk' as default.
[May 24 14:52:51] WARNING[1] res_config_pgsql.c: PostgreSQL RealTime: No database port found, using 5432 as default.
[May 24 14:52:51] WARNING[1] res_config_pgsql.c: PostgreSQL RealTime: No database socket found, using '/tmp/.s.PGSQL.5432' as default.
[May 24 14:52:51] ERROR[1] res_config_pgsql.c: PostgreSQL RealTime: Failed to connect database asterisk on : 
[May 24 14:52:51] WARNING[1] res_config_pgsql.c: PostgreSQL RealTime: Couldn't establish connection. Check debug.
[May 24 14:52:51] NOTICE[1] cdr.c: CDR simple logging enabled.
[May 24 14:52:51] NOTICE[1] indications.c: Default country for indication tones: us
[May 24 14:52:51] NOTICE[1] indications.c: Setting default indication country to 'us'
[May 24 14:52:52] WARNING[1] res_musiconhold.c: No music on hold classes configured, disabling music on hold.
[May 24 14:52:52] NOTICE[1] res_smdi.c: No SMDI interfaces are available to listen on, not starting SMDI listener.
[May 24 14:52:52] WARNING[1] res_phoneprov.c: Unable to find a valid server address or name.
[May 24 14:52:53] NOTICE[1] confbridge/conf_config_parser.c: Adding default_menu menu to app_confbridge
[May 24 14:52:53] WARNING[1] cel_pgsql.c: CEL pgsql config file missing global section.
[May 24 14:52:53] NOTICE[1] cdr_pgsql.c: cdr_pgsql configuration contains no global section, skipping module load.
[May 24 14:52:53] NOTICE[1] cdrel_custom/config.c: cdr_custom.conf: Loaded 0 configs
[May 24 14:52:53] WARNING[1] config.c: parse error: No category context for line 64 of /etc/asterisk/cel_sqlite3_custom.conf
[May 24 14:52:53] ERROR[1] cdrel_custom/config.c: Unable to load cel_sqlite3_custom.conf. Not logging CELs to custom database
[May 24 14:52:53] NOTICE[1] cdrel_custom/config.c: cel_custom.conf: Loaded 0 configs
[May 24 14:52:53] NOTICE[1] cdrel_custom/config.c: cdr_sqlite3_custom.conf: Loaded 0 configs
[May 24 14:52:53] WARNING[1] ael/pval.c: Warning: file /etc/asterisk/extensions.ael, line 196-196: macro call to ael-dundi-e164 cannot be found in the AEL code!
[May 24 14:52:53] WARNING[1] ael/pval.c: Warning: file /etc/asterisk/extensions.ael, line 209-209: macro call to ael-dundi-e164 cannot be found in the AEL code!
[May 24 14:52:53] WARNING[1] ael/pval.c: Warning: file /etc/asterisk/extensions.ael, line 328-328: macro call to ael-std-exten-ael cannot be found in the AEL code!
[May 24 14:52:53] WARNING[1] loader.c: Some non-required modules failed to load.
[May 24 14:52:54] WARNING[1] loader.c: Module 'res_adsi' has been loaded but may be removed in a future release.
[May 24 14:52:54] WARNING[1] loader.c: Module 'app_getcpeid' has been loaded but may be removed in a future release.
[May 24 14:52:54] WARNING[1] loader.c: Module 'app_adsiprog' has been loaded but may be removed in a future release.
[May 24 14:52:54] ERROR[1] loader.c: Error loading module 'format_ogg_vorbis.so': libvorbisenc.so.2: cannot open shared object file: No such file or directory
[May 24 14:52:54] ERROR[1] loader.c: cdr_pgsql declined to load.
[May 24 14:52:54] ERROR[1] loader.c: cdr_custom declined to load.
[May 24 14:52:54] ERROR[1] loader.c: cel_sqlite3_custom declined to load.
[May 24 14:52:54] ERROR[1] loader.c: cel_custom declined to load.
[May 24 14:52:54] ERROR[1] loader.c: cdr_sqlite3_custom declined to load.
[May 24 14:52:54] WARNING[25] pbx_config.c: users.conf is deprecated and will be removed in a future version of Asterisk
[May 24 14:53:53] ERROR[45] cdr_csv.c: Unable to open file /var/log/asterisk//cdr-csv//Master.csv : No such file or directory
[May 24 14:53:53] WARNING[45] cdr_csv.c: Unable to write CSV record to master '/var/log/asterisk//cdr-csv//Master.csv' : No such file or directory
[May 24 14:54:21] WARNING[134] res_http_websocket.c: Web socket closed abruptly
[May 24 14:54:21] WARNING[134] ari/ari_websockets.c: WebSocket read error: Success
[May 24 14:56:17] ERROR[45] cdr_csv.c: Unable to open file /var/log/asterisk//cdr-csv//Master.csv : No such file or directory
[May 24 14:56:17] WARNING[45] cdr_csv.c: Unable to write CSV record to master '/var/log/asterisk//cdr-csv//Master.csv' : No such file or directory
[May 24 15:02:40] WARNING[218] res_http_websocket.c: Web socket closed abruptly
[May 24 15:02:40] WARNING[218] ari/ari_websockets.c: WebSocket read error: Success
[May 24 15:02:45] ERROR[45] cdr_csv.c: Unable to open file /var/log/asterisk//cdr-csv//Master.csv : No such file or directory
[May 24 15:02:45] WARNING[45] cdr_csv.c: Unable to write CSV record to master '/var/log/asterisk//cdr-csv//Master.csv' : No such file or directory
[May 24 15:07:04] Asterisk 22.9.0 built by root @ buildkitsandbox on a x86_64 running Linux on 2026-05-20 09:05:33 UTC
[May 24 15:07:04] NOTICE[1] loader.c: 339 modules will be loaded.
[May 24 15:07:05] NOTICE[1] res_config_ldap.c: No directory user found, anonymous binding as default.
[May 24 15:07:05] ERROR[1] res_config_ldap.c: No directory URL or host found.
[May 24 15:07:05] ERROR[1] res_config_ldap.c: Cannot load LDAP RealTime driver.
[May 24 15:07:05] WARNING[1] res_config_pgsql.c: PostgreSQL RealTime: No database user found, using 'asterisk' as default.
[May 24 15:07:05] WARNING[1] res_config_pgsql.c: PostgreSQL RealTime: No database password found, using 'asterisk' as default.
[May 24 15:07:05] WARNING[1] res_config_pgsql.c: PostgreSQL RealTime: No database host found, using localhost via socket.
[May 24 15:07:05] WARNING[1] res_config_pgsql.c: PostgreSQL RealTime: No database name found, using 'asterisk' as default.
[May 24 15:07:05] WARNING[1] res_config_pgsql.c: PostgreSQL RealTime: No database port found, using 5432 as default.
[May 24 15:07:05] WARNING[1] res_config_pgsql.c: PostgreSQL RealTime: No database socket found, using '/tmp/.s.PGSQL.5432' as default.
[May 24 15:07:05] ERROR[1] res_config_pgsql.c: PostgreSQL RealTime: Failed to connect database asterisk on : 
[May 24 15:07:05] WARNING[1] res_config_pgsql.c: PostgreSQL RealTime: Couldn't establish connection. Check debug.
[May 24 15:07:05] NOTICE[1] cdr.c: CDR simple logging enabled.
[May 24 15:07:05] NOTICE[1] indications.c: Default country for indication tones: us
[May 24 15:07:05] NOTICE[1] indications.c: Setting default indication country to 'us'
[May 24 15:07:06] WARNING[1] res_musiconhold.c: No music on hold classes configured, disabling music on hold.
[May 24 15:07:06] NOTICE[1] res_smdi.c: No SMDI interfaces are available to listen on, not starting SMDI listener.
[May 24 15:07:06] WARNING[1] res_phoneprov.c: Unable to find a valid server address or name.
[May 24 15:07:07] NOTICE[1] confbridge/conf_config_parser.c: Adding default_menu menu to app_confbridge
[May 24 15:07:07] WARNING[1] cel_pgsql.c: CEL pgsql config file missing global section.
[May 24 15:07:07] NOTICE[1] cdr_pgsql.c: cdr_pgsql configuration contains no global section, skipping module load.
[May 24 15:07:07] NOTICE[1] cdrel_custom/config.c: cdr_custom.conf: Loaded 0 configs
[May 24 15:07:07] WARNING[1] config.c: parse error: No category context for line 64 of /etc/asterisk/cel_sqlite3_custom.conf
[May 24 15:07:07] ERROR[1] cdrel_custom/config.c: Unable to load cel_sqlite3_custom.conf. Not logging CELs to custom database
[May 24 15:07:07] NOTICE[1] cdrel_custom/config.c: cel_custom.conf: Loaded 0 configs
[May 24 15:07:07] NOTICE[1] cdrel_custom/config.c: cdr_sqlite3_custom.conf: Loaded 0 configs
[May 24 15:07:07] WARNING[1] ael/pval.c: Warning: file /etc/asterisk/extensions.ael, line 196-196: macro call to ael-dundi-e164 cannot be found in the AEL code!
[May 24 15:07:07] WARNING[1] ael/pval.c: Warning: file /etc/asterisk/extensions.ael, line 209-209: macro call to ael-dundi-e164 cannot be found in the AEL code!
[May 24 15:07:07] WARNING[1] ael/pval.c: Warning: file /etc/asterisk/extensions.ael, line 328-328: macro call to ael-std-exten-ael cannot be found in the AEL code!
[May 24 15:07:07] WARNING[1] loader.c: Some non-required modules failed to load.
[May 24 15:07:07] WARNING[1] loader.c: Module 'res_adsi' has been loaded but may be removed in a future release.
[May 24 15:07:08] WARNING[1] loader.c: Module 'app_getcpeid' has been loaded but may be removed in a future release.
[May 24 15:07:08] WARNING[1] loader.c: Module 'app_adsiprog' has been loaded but may be removed in a future release.
[May 24 15:07:08] ERROR[1] loader.c: Error loading module 'format_ogg_vorbis.so': libvorbisenc.so.2: cannot open shared object file: No such file or directory
[May 24 15:07:08] ERROR[1] loader.c: cdr_pgsql declined to load.
[May 24 15:07:08] ERROR[1] loader.c: cdr_custom declined to load.
[May 24 15:07:08] ERROR[1] loader.c: cel_sqlite3_custom declined to load.
[May 24 15:07:08] ERROR[1] loader.c: cel_custom declined to load.
[May 24 15:07:08] ERROR[1] loader.c: cdr_sqlite3_custom declined to load.
[May 24 15:07:08] WARNING[27] pbx_config.c: users.conf is deprecated and will be removed in a future version of Asterisk
[May 24 15:08:30] ERROR[45] cdr_csv.c: Unable to open file /var/log/asterisk//cdr-csv//Master.csv : No such file or directory
[May 24 15:08:30] WARNING[45] cdr_csv.c: Unable to write CSV record to master '/var/log/asterisk//cdr-csv//Master.csv' : No such file or directory
[May 24 15:11:22] WARNING[134] res_http_websocket.c: Web socket closed abruptly
[May 24 15:11:22] WARNING[134] ari/ari_websockets.c: WebSocket read error: Success
[May 24 15:11:27] WARNING[450] stasis/app.c: Not creating context 'stasis-main-app' for Stasis application 'main-app' because it already exists
[May 24 15:14:12] ERROR[45] cdr_csv.c: Unable to open file /var/log/asterisk//cdr-csv//Master.csv : No such file or directory
[May 24 15:14:12] WARNING[45] cdr_csv.c: Unable to write CSV record to master '/var/log/asterisk//cdr-csv//Master.csv' : No such file or directory
[May 24 15:24:09] WARNING[450] res_http_websocket.c: Web socket closed abruptly
[May 24 15:24:09] WARNING[450] ari/ari_websockets.c: WebSocket read error: Success
[May 24 15:24:15] WARNING[1410] stasis/app.c: Not creating context 'stasis-main-app' for Stasis application 'main-app' because it already exists
[May 24 15:24:36] WARNING[1410] res_http_websocket.c: Web socket closed abruptly
[May 24 15:24:36] WARNING[1410] ari/ari_websockets.c: WebSocket read error: Success
[May 24 15:25:00] WARNING[1453] res_http_websocket.c: Web socket closed abruptly
[May 24 15:25:00] WARNING[1453] ari/ari_websockets.c: WebSocket read error: Success
[May 24 15:27:23] ERROR[45] cdr_csv.c: Unable to open file /var/log/asterisk//cdr-csv//Master.csv : No such file or directory
[May 24 15:27:23] WARNING[45] cdr_csv.c: Unable to write CSV record to master '/var/log/asterisk//cdr-csv//Master.csv' : No such file or directory
[May 24 15:28:23] WARNING[1495] res_http_websocket.c: Web socket closed abruptly
[May 24 15:28:23] WARNING[1495] ari/ari_websockets.c: WebSocket read error: Success
[May 24 15:28:27] WARNING[1770] stasis/app.c: Not creating context 'stasis-main-app' for Stasis application 'main-app' because it already exists
[May 24 15:29:29] ERROR[45] cdr_csv.c: Unable to open file /var/log/asterisk//cdr-csv//Master.csv : No such file or directory
[May 24 15:29:29] WARNING[45] cdr_csv.c: Unable to write CSV record to master '/var/log/asterisk//cdr-csv//Master.csv' : No such file or directory
[May 24 15:32:18] WARNING[1770] res_http_websocket.c: Web socket closed abruptly
[May 24 15:32:18] WARNING[1770] ari/ari_websockets.c: WebSocket read error: Success
[May 24 15:32:24] ERROR[45] cdr_csv.c: Unable to open file /var/log/asterisk//cdr-csv//Master.csv : No such file or directory
[May 24 15:32:24] WARNING[45] cdr_csv.c: Unable to write CSV record to master '/var/log/asterisk//cdr-csv//Master.csv' : No such file or directory
[May 24 15:32:24] ERROR[45] cdr_csv.c: Unable to open file /var/log/asterisk//cdr-csv//Master.csv : No such file or directory
[May 24 15:32:24] WARNING[45] cdr_csv.c: Unable to write CSV record to master '/var/log/asterisk//cdr-csv//Master.csv' : No such file or directory
[May 24 15:32:24] ERROR[45] cdr_csv.c: Unable to open file /var/log/asterisk//cdr-csv//Master.csv : No such file or directory
[May 24 15:32:24] WARNING[45] cdr_csv.c: Unable to write CSV record to master '/var/log/asterisk//cdr-csv//Master.csv' : No such file or directory
[May 24 15:32:24] ERROR[45] cdr_csv.c: Unable to open file /var/log/asterisk//cdr-csv//Master.csv : No such file or directory
[May 24 15:32:24] WARNING[45] cdr_csv.c: Unable to write CSV record to master '/var/log/asterisk//cdr-csv//Master.csv' : No such file or directory
[May 24 15:37:53] Asterisk 22.9.0 built by root @ buildkitsandbox on a x86_64 running Linux on 2026-05-20 09:05:33 UTC
[May 24 15:37:53] NOTICE[1] loader.c: 339 modules will be loaded.
[May 24 15:37:56] NOTICE[1] res_config_ldap.c: No directory user found, anonymous binding as default.
[May 24 15:37:56] ERROR[1] res_config_ldap.c: No directory URL or host found.
[May 24 15:37:56] ERROR[1] res_config_ldap.c: Cannot load LDAP RealTime driver.
[May 24 15:37:56] WARNING[1] res_config_pgsql.c: PostgreSQL RealTime: No database user found, using 'asterisk' as default.
[May 24 15:37:56] WARNING[1] res_config_pgsql.c: PostgreSQL RealTime: No database password found, using 'asterisk' as default.
[May 24 15:37:56] WARNING[1] res_config_pgsql.c: PostgreSQL RealTime: No database host found, using localhost via socket.
[May 24 15:37:56] WARNING[1] res_config_pgsql.c: PostgreSQL RealTime: No database name found, using 'asterisk' as default.
[May 24 15:37:56] WARNING[1] res_config_pgsql.c: PostgreSQL RealTime: No database port found, using 5432 as default.
[May 24 15:37:56] WARNING[1] res_config_pgsql.c: PostgreSQL RealTime: No database socket found, using '/tmp/.s.PGSQL.5432' as default.
[May 24 15:37:56] ERROR[1] res_config_pgsql.c: PostgreSQL RealTime: Failed to connect database asterisk on : 
[May 24 15:37:56] WARNING[1] res_config_pgsql.c: PostgreSQL RealTime: Couldn't establish connection. Check debug.
[May 24 15:37:56] NOTICE[1] cdr.c: CDR simple logging enabled.
[May 24 15:37:56] NOTICE[1] indications.c: Default country for indication tones: us
[May 24 15:37:56] NOTICE[1] indications.c: Setting default indication country to 'us'
[May 24 15:37:56] WARNING[1] res_musiconhold.c: No music on hold classes configured, disabling music on hold.
[May 24 15:37:56] NOTICE[1] res_smdi.c: No SMDI interfaces are available to listen on, not starting SMDI listener.
[May 24 15:37:57] WARNING[1] res_phoneprov.c: Unable to find a valid server address or name.
[May 24 15:37:57] NOTICE[1] confbridge/conf_config_parser.c: Adding default_menu menu to app_confbridge
[May 24 15:37:57] WARNING[1] cel_pgsql.c: CEL pgsql config file missing global section.
[May 24 15:37:57] NOTICE[1] cdr_pgsql.c: cdr_pgsql configuration contains no global section, skipping module load.
[May 24 15:37:57] NOTICE[1] cdrel_custom/config.c: cdr_custom.conf: Loaded 0 configs
[May 24 15:37:57] WARNING[1] config.c: parse error: No category context for line 64 of /etc/asterisk/cel_sqlite3_custom.conf
[May 24 15:37:57] ERROR[1] cdrel_custom/config.c: Unable to load cel_sqlite3_custom.conf. Not logging CELs to custom database
[May 24 15:37:57] NOTICE[1] cdrel_custom/config.c: cel_custom.conf: Loaded 0 configs
[May 24 15:37:57] NOTICE[1] cdrel_custom/config.c: cdr_sqlite3_custom.conf: Loaded 0 configs
[May 24 15:37:57] WARNING[1] ael/pval.c: Warning: file /etc/asterisk/extensions.ael, line 196-196: macro call to ael-dundi-e164 cannot be found in the AEL code!
[May 24 15:37:57] WARNING[1] ael/pval.c: Warning: file /etc/asterisk/extensions.ael, line 209-209: macro call to ael-dundi-e164 cannot be found in the AEL code!
[May 24 15:37:57] WARNING[1] ael/pval.c: Warning: file /etc/asterisk/extensions.ael, line 328-328: macro call to ael-std-exten-ael cannot be found in the AEL code!
[May 24 15:37:58] WARNING[1] loader.c: Some non-required modules failed to load.
[May 24 15:37:58] WARNING[1] loader.c: Module 'res_adsi' has been loaded but may be removed in a future release.
[May 24 15:37:58] WARNING[1] loader.c: Module 'app_getcpeid' has been loaded but may be removed in a future release.
[May 24 15:37:58] WARNING[1] loader.c: Module 'app_adsiprog' has been loaded but may be removed in a future release.
[May 24 15:37:58] ERROR[1] loader.c: Error loading module 'format_ogg_vorbis.so': libvorbisenc.so.2: cannot open shared object file: No such file or directory
[May 24 15:37:58] ERROR[1] loader.c: cdr_pgsql declined to load.
[May 24 15:37:58] ERROR[1] loader.c: cdr_custom declined to load.
[May 24 15:37:58] ERROR[1] loader.c: cel_sqlite3_custom declined to load.
[May 24 15:37:58] ERROR[1] loader.c: cel_custom declined to load.
[May 24 15:37:58] ERROR[1] loader.c: cdr_sqlite3_custom declined to load.
[May 24 15:37:58] WARNING[25] pbx_config.c: users.conf is deprecated and will be removed in a future version of Asterisk
[May 24 15:42:37] WARNING[134] res_http_websocket.c: Web socket closed abruptly
[May 24 15:42:37] WARNING[134] ari/ari_websockets.c: WebSocket read error: Success
[May 24 15:42:40] ERROR[45] cdr_csv.c: Unable to open file /var/log/asterisk//cdr-csv//Master.csv : No such file or directory
[May 24 15:42:40] WARNING[45] cdr_csv.c: Unable to write CSV record to master '/var/log/asterisk//cdr-csv//Master.csv' : No such file or directory
[May 24 15:42:44] WARNING[487] stasis/app.c: Not creating context 'stasis-main-app' for Stasis application 'main-app' because it already exists
[May 24 15:45:12] ERROR[45] cdr_csv.c: Unable to open file /var/log/asterisk//cdr-csv//Master.csv : No such file or directory
[May 24 15:45:12] WARNING[45] cdr_csv.c: Unable to write CSV record to master '/var/log/asterisk//cdr-csv//Master.csv' : No such file or directory
[May 24 15:50:29] WARNING[487] res_http_websocket.c: Web socket closed abruptly
[May 24 15:50:29] WARNING[487] ari/ari_websockets.c: WebSocket read error: Success
[May 24 15:50:35] WARNING[1068] stasis/app.c: Not creating context 'stasis-main-app' for Stasis application 'main-app' because it already exists
[May 24 15:52:27] WARNING[1068] res_http_websocket.c: Web socket closed abruptly
[May 24 15:52:27] WARNING[1068] ari/ari_websockets.c: WebSocket read error: Success
[May 24 15:52:32] WARNING[1229] stasis/app.c: Not creating context 'stasis-main-app' for Stasis application 'main-app' because it already exists
[May 24 15:52:32] WARNING[1229] res_http_websocket.c: Web socket closed abruptly
[May 24 15:52:32] WARNING[1229] ari/ari_websockets.c: WebSocket read error: Success
[May 24 15:52:40] WARNING[1233] res_http_websocket.c: Web socket closed abruptly
[May 24 15:52:40] WARNING[1233] ari/ari_websockets.c: WebSocket read error: Success
[May 24 15:52:42] ERROR[45] cdr_csv.c: Unable to open file /var/log/asterisk//cdr-csv//Master.csv : No such file or directory
[May 24 15:52:42] WARNING[45] cdr_csv.c: Unable to write CSV record to master '/var/log/asterisk//cdr-csv//Master.csv' : No such file or directory
[May 24 15:54:32] ERROR[45] cdr_csv.c: Unable to open file /var/log/asterisk//cdr-csv//Master.csv : No such file or directory
[May 24 15:54:32] WARNING[45] cdr_csv.c: Unable to write CSV record to master '/var/log/asterisk//cdr-csv//Master.csv' : No such file or directory
[May 24 15:54:41] WARNING[1275] res_http_websocket.c: Web socket closed abruptly
[May 24 15:54:41] WARNING[1275] ari/ari_websockets.c: WebSocket read error: Success
[May 24 15:54:50] WARNING[1436] stasis/app.c: Not creating context 'stasis-main-app' for Stasis application 'main-app' because it already exists
[May 24 15:56:09] WARNING[1436] res_http_websocket.c: Web socket closed abruptly
[May 24 15:56:09] WARNING[1436] ari/ari_websockets.c: WebSocket read error: Success
[May 24 15:56:14] WARNING[1521] stasis/app.c: Not creating context 'stasis-main-app' for Stasis application 'main-app' because it already exists
[May 24 15:56:26] WARNING[1521] res_http_websocket.c: Web socket closed abruptly
[May 24 15:56:26] WARNING[1521] ari/ari_websockets.c: WebSocket read error: Success
[May 24 15:56:28] ERROR[45] cdr_csv.c: Unable to open file /var/log/asterisk//cdr-csv//Master.csv : No such file or directory
[May 24 15:56:28] WARNING[45] cdr_csv.c: Unable to write CSV record to master '/var/log/asterisk//cdr-csv//Master.csv' : No such file or directory
[May 24 15:57:32] WARNING[1563] res_http_websocket.c: Web socket closed abruptly
[May 24 15:57:32] WARNING[1563] ari/ari_websockets.c: WebSocket read error: Success
[May 24 15:57:36] ERROR[45] cdr_csv.c: Unable to open file /var/log/asterisk//cdr-csv//Master.csv : No such file or directory
[May 24 15:57:36] WARNING[45] cdr_csv.c: Unable to write CSV record to master '/var/log/asterisk//cdr-csv//Master.csv' : No such file or directory
[May 24 15:57:37] WARNING[1648] stasis/app.c: Not creating context 'stasis-main-app' for Stasis application 'main-app' because it already exists
[May 24 15:58:50] WARNING[1648] res_http_websocket.c: Web socket closed abruptly
[May 24 15:58:50] WARNING[1648] ari/ari_websockets.c: WebSocket read error: Success
[May 24 15:58:55] WARNING[1772] stasis/app.c: Not creating context 'stasis-main-app' for Stasis application 'main-app' because it already exists
[May 24 15:58:55] WARNING[1772] res_http_websocket.c: Web socket closed abruptly
[May 24 15:58:55] WARNING[1772] ari/ari_websockets.c: WebSocket read error: Success
[May 24 16:00:14] ERROR[45] cdr_csv.c: Unable to open file /var/log/asterisk//cdr-csv//Master.csv : No such file or directory
[May 24 16:00:14] WARNING[45] cdr_csv.c: Unable to write CSV record to master '/var/log/asterisk//cdr-csv//Master.csv' : No such file or directory
[May 24 16:01:09] ERROR[45] cdr_csv.c: Unable to open file /var/log/asterisk//cdr-csv//Master.csv : No such file or directory
[May 24 16:01:09] WARNING[45] cdr_csv.c: Unable to write CSV record to master '/var/log/asterisk//cdr-csv//Master.csv' : No such file or directory
[May 24 16:05:17] WARNING[1776] res_http_websocket.c: Web socket closed abruptly
[May 24 16:05:17] WARNING[1776] ari/ari_websockets.c: WebSocket read error: Success
[May 24 16:05:21] WARNING[2270] stasis/app.c: Not creating context 'stasis-main-app' for Stasis application 'main-app' because it already exists
[May 24 16:05:45] WARNING[2270] res_http_websocket.c: Web socket closed abruptly
[May 24 16:05:45] WARNING[2270] ari/ari_websockets.c: WebSocket read error: Success
[May 24 16:07:22] ERROR[45] cdr_csv.c: Unable to open file /var/log/asterisk//cdr-csv//Master.csv : No such file or directory
[May 24 16:07:22] WARNING[45] cdr_csv.c: Unable to write CSV record to master '/var/log/asterisk//cdr-csv//Master.csv' : No such file or directory
[May 24 16:11:18] WARNING[2286] res_http_websocket.c: Web socket closed abruptly
[May 24 16:11:18] WARNING[2286] ari/ari_websockets.c: WebSocket read error: Success
[May 24 16:11:22] WARNING[2715] stasis/app.c: Not creating context 'stasis-main-app' for Stasis application 'main-app' because it already exists
[May 24 16:13:24] WARNING[2715] res_http_websocket.c: Web socket closed abruptly
[May 24 16:13:24] WARNING[2715] ari/ari_websockets.c: WebSocket read error: Success
[May 24 16:13:36] WARNING[2910] res_http_websocket.c: Web socket closed abruptly
[May 24 16:13:36] WARNING[2910] ari/ari_websockets.c: WebSocket read error: Success
[May 24 16:13:43] WARNING[2914] res_http_websocket.c: Web socket closed abruptly
[May 24 16:13:43] WARNING[2914] ari/ari_websockets.c: WebSocket read error: Success
[May 24 16:22:35] ERROR[45] cdr_csv.c: Unable to open file /var/log/asterisk//cdr-csv//Master.csv : No such file or directory
[May 24 16:22:35] WARNING[45] cdr_csv.c: Unable to write CSV record to master '/var/log/asterisk//cdr-csv//Master.csv' : No such file or directory
[May 24 16:22:35] ERROR[45] cdr_csv.c: Unable to open file /var/log/asterisk//cdr-csv//Master.csv : No such file or directory
[May 24 16:22:35] WARNING[45] cdr_csv.c: Unable to write CSV record to master '/var/log/asterisk//cdr-csv//Master.csv' : No such file or directory
[May 24 16:22:35] ERROR[45] cdr_csv.c: Unable to open file /var/log/asterisk//cdr-csv//Master.csv : No such file or directory
[May 24 16:22:35] WARNING[45] cdr_csv.c: Unable to write CSV record to master '/var/log/asterisk//cdr-csv//Master.csv' : No such file or directory
[May 24 16:22:35] ERROR[45] cdr_csv.c: Unable to open file /var/log/asterisk//cdr-csv//Master.csv : No such file or directory
[May 24 16:22:35] WARNING[45] cdr_csv.c: Unable to write CSV record to master '/var/log/asterisk//cdr-csv//Master.csv' : No such file or directory
[May 24 16:22:35] ERROR[45] cdr_csv.c: Unable to open file /var/log/asterisk//cdr-csv//Master.csv : No such file or directory
[May 24 16:22:35] WARNING[45] cdr_csv.c: Unable to write CSV record to master '/var/log/asterisk//cdr-csv//Master.csv' : No such file or directory
[May 24 16:22:35] ERROR[45] cdr_csv.c: Unable to open file /var/log/asterisk//cdr-csv//Master.csv : No such file or directory
[May 24 16:22:35] WARNING[45] cdr_csv.c: Unable to write CSV record to master '/var/log/asterisk//cdr-csv//Master.csv' : No such file or directory
[May 24 16:22:35] ERROR[45] cdr_csv.c: Unable to open file /var/log/asterisk//cdr-csv//Master.csv : No such file or directory
[May 24 16:22:35] WARNING[45] cdr_csv.c: Unable to write CSV record to master '/var/log/asterisk//cdr-csv//Master.csv' : No such file or directory
[May 24 16:22:35] ERROR[45] cdr_csv.c: Unable to open file /var/log/asterisk//cdr-csv//Master.csv : No such file or directory
[May 24 16:22:35] WARNING[45] cdr_csv.c: Unable to write CSV record to master '/var/log/asterisk//cdr-csv//Master.csv' : No such file or directory
[May 24 16:22:35] ERROR[45] cdr_csv.c: Unable to open file /var/log/asterisk//cdr-csv//Master.csv : No such file or directory
[May 24 16:22:35] WARNING[45] cdr_csv.c: Unable to write CSV record to master '/var/log/asterisk//cdr-csv//Master.csv' : No such file or directory
[May 24 16:38:17] Asterisk 22.9.0 built by root @ buildkitsandbox on a x86_64 running Linux on 2026-05-20 09:05:33 UTC
[May 24 16:38:17] NOTICE[1] loader.c: 339 modules will be loaded.
[May 24 16:38:19] NOTICE[1] res_config_ldap.c: No directory user found, anonymous binding as default.
[May 24 16:38:19] ERROR[1] res_config_ldap.c: No directory URL or host found.
[May 24 16:38:19] ERROR[1] res_config_ldap.c: Cannot load LDAP RealTime driver.
[May 24 16:38:19] WARNING[1] res_config_pgsql.c: PostgreSQL RealTime: No database user found, using 'asterisk' as default.
[May 24 16:38:19] WARNING[1] res_config_pgsql.c: PostgreSQL RealTime: No database password found, using 'asterisk' as default.
[May 24 16:38:19] WARNING[1] res_config_pgsql.c: PostgreSQL RealTime: No database host found, using localhost via socket.
[May 24 16:38:19] WARNING[1] res_config_pgsql.c: PostgreSQL RealTime: No database name found, using 'asterisk' as default.
[May 24 16:38:19] WARNING[1] res_config_pgsql.c: PostgreSQL RealTime: No database port found, using 5432 as default.
[May 24 16:38:19] WARNING[1] res_config_pgsql.c: PostgreSQL RealTime: No database socket found, using '/tmp/.s.PGSQL.5432' as default.
[May 24 16:38:19] ERROR[1] res_config_pgsql.c: PostgreSQL RealTime: Failed to connect database asterisk on : 
[May 24 16:38:19] WARNING[1] res_config_pgsql.c: PostgreSQL RealTime: Couldn't establish connection. Check debug.
[May 24 16:38:19] NOTICE[1] cdr.c: CDR simple logging enabled.
[May 24 16:38:19] NOTICE[1] indications.c: Default country for indication tones: us
[May 24 16:38:19] NOTICE[1] indications.c: Setting default indication country to 'us'
[May 24 16:38:20] WARNING[1] res_musiconhold.c: No music on hold classes configured, disabling music on hold.
[May 24 16:38:20] NOTICE[1] res_smdi.c: No SMDI interfaces are available to listen on, not starting SMDI listener.
[May 24 16:38:20] WARNING[1] res_phoneprov.c: Unable to find a valid server address or name.
[May 24 16:38:21] NOTICE[1] confbridge/conf_config_parser.c: Adding default_menu menu to app_confbridge
[May 24 16:38:21] WARNING[1] cel_pgsql.c: CEL pgsql config file missing global section.
[May 24 16:38:21] NOTICE[1] cdr_pgsql.c: cdr_pgsql configuration contains no global section, skipping module load.
[May 24 16:38:21] NOTICE[1] cdrel_custom/config.c: cdr_custom.conf: Loaded 0 configs
[May 24 16:38:21] WARNING[1] config.c: parse error: No category context for line 64 of /etc/asterisk/cel_sqlite3_custom.conf
[May 24 16:38:21] ERROR[1] cdrel_custom/config.c: Unable to load cel_sqlite3_custom.conf. Not logging CELs to custom database
[May 24 16:38:21] NOTICE[1] cdrel_custom/config.c: cel_custom.conf: Loaded 0 configs
[May 24 16:38:21] NOTICE[1] cdrel_custom/config.c: cdr_sqlite3_custom.conf: Loaded 0 configs
[May 24 16:38:21] WARNING[1] ael/pval.c: Warning: file /etc/asterisk/extensions.ael, line 196-196: macro call to ael-dundi-e164 cannot be found in the AEL code!
[May 24 16:38:21] WARNING[1] ael/pval.c: Warning: file /etc/asterisk/extensions.ael, line 209-209: macro call to ael-dundi-e164 cannot be found in the AEL code!
[May 24 16:38:21] WARNING[1] ael/pval.c: Warning: file /etc/asterisk/extensions.ael, line 328-328: macro call to ael-std-exten-ael cannot be found in the AEL code!
[May 24 16:38:21] WARNING[1] loader.c: Some non-required modules failed to load.
[May 24 16:38:22] WARNING[1] loader.c: Module 'res_adsi' has been loaded but may be removed in a future release.
[May 24 16:38:22] WARNING[1] loader.c: Module 'app_getcpeid' has been loaded but may be removed in a future release.
[May 24 16:38:22] WARNING[1] loader.c: Module 'app_adsiprog' has been loaded but may be removed in a future release.
[May 24 16:38:22] ERROR[1] loader.c: Error loading module 'format_ogg_vorbis.so': libvorbisenc.so.2: cannot open shared object file: No such file or directory
[May 24 16:38:22] ERROR[1] loader.c: cdr_pgsql declined to load.
[May 24 16:38:22] ERROR[1] loader.c: cdr_custom declined to load.
[May 24 16:38:22] ERROR[1] loader.c: cel_sqlite3_custom declined to load.
[May 24 16:38:22] ERROR[1] loader.c: cel_custom declined to load.
[May 24 16:38:22] ERROR[1] loader.c: cdr_sqlite3_custom declined to load.
[May 24 16:38:22] WARNING[26] pbx_config.c: users.conf is deprecated and will be removed in a future version of Asterisk
[May 24 16:40:18] ERROR[44] cdr_csv.c: Unable to open file /var/log/asterisk//cdr-csv//Master.csv : No such file or directory
[May 24 16:40:18] WARNING[44] cdr_csv.c: Unable to write CSV record to master '/var/log/asterisk//cdr-csv//Master.csv' : No such file or directory
[May 24 16:40:49] WARNING[133] res_http_websocket.c: Web socket closed abruptly
[May 24 16:40:49] WARNING[133] ari/ari_websockets.c: WebSocket read error: Success
[May 24 16:40:57] WARNING[294] stasis/app.c: Not creating context 'stasis-main-app' for Stasis application 'main-app' because it already exists
[May 24 16:41:53] ERROR[44] cdr_csv.c: Unable to open file /var/log/asterisk//cdr-csv//Master.csv : No such file or directory
[May 24 16:41:53] WARNING[44] cdr_csv.c: Unable to write CSV record to master '/var/log/asterisk//cdr-csv//Master.csv' : No such file or directory
[May 24 16:41:58] WARNING[294] res_http_websocket.c: Web socket closed abruptly
[May 24 16:41:58] WARNING[294] ari/ari_websockets.c: WebSocket read error: Success
[May 24 16:42:47] ERROR[44] cdr_csv.c: Unable to open file /var/log/asterisk//cdr-csv//Master.csv : No such file or directory
[May 24 16:42:47] WARNING[44] cdr_csv.c: Unable to write CSV record to master '/var/log/asterisk//cdr-csv//Master.csv' : No such file or directory
[May 24 16:42:47] ERROR[44] cdr_csv.c: Unable to open file /var/log/asterisk//cdr-csv//Master.csv : No such file or directory
[May 24 16:42:47] WARNING[44] cdr_csv.c: Unable to write CSV record to master '/var/log/asterisk//cdr-csv//Master.csv' : No such file or directory
[May 26 17:49:43] Asterisk 22.9.0 built by root @ buildkitsandbox on a x86_64 running Linux on 2026-05-20 09:05:33 UTC
[May 26 17:49:43] NOTICE[1] loader.c: 339 modules will be loaded.
[May 26 17:49:47] NOTICE[1] res_config_ldap.c: No directory user found, anonymous binding as default.
[May 26 17:49:47] ERROR[1] res_config_ldap.c: No directory URL or host found.
[May 26 17:49:47] ERROR[1] res_config_ldap.c: Cannot load LDAP RealTime driver.
[May 26 17:49:47] WARNING[1] res_config_pgsql.c: PostgreSQL RealTime: No database user found, using 'asterisk' as default.
[May 26 17:49:47] WARNING[1] res_config_pgsql.c: PostgreSQL RealTime: No database password found, using 'asterisk' as default.
[May 26 17:49:47] WARNING[1] res_config_pgsql.c: PostgreSQL RealTime: No database host found, using localhost via socket.
[May 26 17:49:47] WARNING[1] res_config_pgsql.c: PostgreSQL RealTime: No database name found, using 'asterisk' as default.
[May 26 17:49:47] WARNING[1] res_config_pgsql.c: PostgreSQL RealTime: No database port found, using 5432 as default.
[May 26 17:49:47] WARNING[1] res_config_pgsql.c: PostgreSQL RealTime: No database socket found, using '/tmp/.s.PGSQL.5432' as default.
[May 26 17:49:47] ERROR[1] res_config_pgsql.c: PostgreSQL RealTime: Failed to connect database asterisk on : 
[May 26 17:49:47] WARNING[1] res_config_pgsql.c: PostgreSQL RealTime: Couldn't establish connection. Check debug.
[May 26 17:49:47] NOTICE[1] cdr.c: CDR simple logging enabled.
[May 26 17:49:47] NOTICE[1] indications.c: Default country for indication tones: us
[May 26 17:49:47] NOTICE[1] indications.c: Setting default indication country to 'us'
[May 26 17:49:47] WARNING[1] res_musiconhold.c: No music on hold classes configured, disabling music on hold.
[May 26 17:49:47] NOTICE[1] res_smdi.c: No SMDI interfaces are available to listen on, not starting SMDI listener.
[May 26 17:49:47] WARNING[1] res_phoneprov.c: Unable to find a valid server address or name.
[May 26 17:49:48] NOTICE[1] confbridge/conf_config_parser.c: Adding default_menu menu to app_confbridge
[May 26 17:49:48] WARNING[1] cel_pgsql.c: CEL pgsql config file missing global section.
[May 26 17:49:48] NOTICE[1] cdr_pgsql.c: cdr_pgsql configuration contains no global section, skipping module load.
[May 26 17:49:48] NOTICE[1] cdrel_custom/config.c: cdr_custom.conf: Loaded 0 configs
[May 26 17:49:48] WARNING[1] config.c: parse error: No category context for line 64 of /etc/asterisk/cel_sqlite3_custom.conf
[May 26 17:49:48] ERROR[1] cdrel_custom/config.c: Unable to load cel_sqlite3_custom.conf. Not logging CELs to custom database
[May 26 17:49:48] NOTICE[1] cdrel_custom/config.c: cel_custom.conf: Loaded 0 configs
[May 26 17:49:48] NOTICE[1] cdrel_custom/config.c: cdr_sqlite3_custom.conf: Loaded 0 configs
[May 26 17:49:48] WARNING[1] ael/pval.c: Warning: file /etc/asterisk/extensions.ael, line 196-196: macro call to ael-dundi-e164 cannot be found in the AEL code!
[May 26 17:49:48] WARNING[1] ael/pval.c: Warning: file /etc/asterisk/extensions.ael, line 209-209: macro call to ael-dundi-e164 cannot be found in the AEL code!
[May 26 17:49:48] WARNING[1] ael/pval.c: Warning: file /etc/asterisk/extensions.ael, line 328-328: macro call to ael-std-exten-ael cannot be found in the AEL code!
[May 26 17:49:48] WARNING[1] loader.c: Some non-required modules failed to load.
[May 26 17:49:48] WARNING[1] loader.c: Module 'res_adsi' has been loaded but may be removed in a future release.
[May 26 17:49:48] WARNING[1] loader.c: Module 'app_getcpeid' has been loaded but may be removed in a future release.
[May 26 17:49:48] WARNING[1] loader.c: Module 'app_adsiprog' has been loaded but may be removed in a future release.
[May 26 17:49:48] ERROR[1] loader.c: Error loading module 'format_ogg_vorbis.so': libvorbisenc.so.2: cannot open shared object file: No such file or directory
[May 26 17:49:48] ERROR[1] loader.c: cdr_pgsql declined to load.
[May 26 17:49:48] ERROR[1] loader.c: cdr_custom declined to load.
[May 26 17:49:48] ERROR[1] loader.c: cel_sqlite3_custom declined to load.
[May 26 17:49:48] ERROR[1] loader.c: cel_custom declined to load.
[May 26 17:49:48] ERROR[1] loader.c: cdr_sqlite3_custom declined to load.
[May 26 17:49:48] WARNING[33] pbx_config.c: users.conf is deprecated and will be removed in a future version of Asterisk
[May 26 18:01:21] Asterisk 22.9.0 built by root @ buildkitsandbox on a x86_64 running Linux on 2026-05-20 09:05:33 UTC
[May 26 18:01:21] NOTICE[1] loader.c: 339 modules will be loaded.
[May 26 18:01:22] NOTICE[1] res_config_ldap.c: No directory user found, anonymous binding as default.
[May 26 18:01:22] ERROR[1] res_config_ldap.c: No directory URL or host found.
[May 26 18:01:22] ERROR[1] res_config_ldap.c: Cannot load LDAP RealTime driver.
[May 26 18:01:22] WARNING[1] res_config_pgsql.c: PostgreSQL RealTime: No database user found, using 'asterisk' as default.
[May 26 18:01:22] WARNING[1] res_config_pgsql.c: PostgreSQL RealTime: No database password found, using 'asterisk' as default.
[May 26 18:01:22] WARNING[1] res_config_pgsql.c: PostgreSQL RealTime: No database host found, using localhost via socket.
[May 26 18:01:22] WARNING[1] res_config_pgsql.c: PostgreSQL RealTime: No database name found, using 'asterisk' as default.
[May 26 18:01:22] WARNING[1] res_config_pgsql.c: PostgreSQL RealTime: No database port found, using 5432 as default.
[May 26 18:01:22] WARNING[1] res_config_pgsql.c: PostgreSQL RealTime: No database socket found, using '/tmp/.s.PGSQL.5432' as default.
[May 26 18:01:22] ERROR[1] res_config_pgsql.c: PostgreSQL RealTime: Failed to connect database asterisk on : 
[May 26 18:01:22] WARNING[1] res_config_pgsql.c: PostgreSQL RealTime: Couldn't establish connection. Check debug.
[May 26 18:01:22] NOTICE[1] cdr.c: CDR simple logging enabled.
[May 26 18:01:22] NOTICE[1] indications.c: Default country for indication tones: us
[May 26 18:01:22] NOTICE[1] indications.c: Setting default indication country to 'us'
[May 26 18:01:22] WARNING[1] res_musiconhold.c: No music on hold classes configured, disabling music on hold.
[May 26 18:01:22] NOTICE[1] res_smdi.c: No SMDI interfaces are available to listen on, not starting SMDI listener.
[May 26 18:01:22] WARNING[1] res_phoneprov.c: Unable to find a valid server address or name.
[May 26 18:01:23] NOTICE[1] confbridge/conf_config_parser.c: Adding default_menu menu to app_confbridge
[May 26 18:01:23] WARNING[1] cel_pgsql.c: CEL pgsql config file missing global section.
[May 26 18:01:23] NOTICE[1] cdr_pgsql.c: cdr_pgsql configuration contains no global section, skipping module load.
[May 26 18:01:23] NOTICE[1] cdrel_custom/config.c: cdr_custom.conf: Loaded 0 configs
[May 26 18:01:23] WARNING[1] config.c: parse error: No category context for line 64 of /etc/asterisk/cel_sqlite3_custom.conf
[May 26 18:01:23] ERROR[1] cdrel_custom/config.c: Unable to load cel_sqlite3_custom.conf. Not logging CELs to custom database
[May 26 18:01:23] NOTICE[1] cdrel_custom/config.c: cel_custom.conf: Loaded 0 configs
[May 26 18:01:23] NOTICE[1] cdrel_custom/config.c: cdr_sqlite3_custom.conf: Loaded 0 configs
[May 26 18:01:23] WARNING[1] ael/pval.c: Warning: file /etc/asterisk/extensions.ael, line 196-196: macro call to ael-dundi-e164 cannot be found in the AEL code!
[May 26 18:01:23] WARNING[1] ael/pval.c: Warning: file /etc/asterisk/extensions.ael, line 209-209: macro call to ael-dundi-e164 cannot be found in the AEL code!
[May 26 18:01:23] WARNING[1] ael/pval.c: Warning: file /etc/asterisk/extensions.ael, line 328-328: macro call to ael-std-exten-ael cannot be found in the AEL code!
[May 26 18:01:23] WARNING[1] loader.c: Some non-required modules failed to load.
[May 26 18:01:23] WARNING[1] loader.c: Module 'res_adsi' has been loaded but may be removed in a future release.
[May 26 18:01:23] WARNING[1] loader.c: Module 'app_getcpeid' has been loaded but may be removed in a future release.
[May 26 18:01:23] WARNING[1] loader.c: Module 'app_adsiprog' has been loaded but may be removed in a future release.
[May 26 18:01:23] ERROR[1] loader.c: Error loading module 'format_ogg_vorbis.so': libvorbisenc.so.2: cannot open shared object file: No such file or directory
[May 26 18:01:23] ERROR[1] loader.c: cdr_pgsql declined to load.
[May 26 18:01:23] ERROR[1] loader.c: cdr_custom declined to load.
[May 26 18:01:23] ERROR[1] loader.c: cel_sqlite3_custom declined to load.
[May 26 18:01:23] ERROR[1] loader.c: cel_custom declined to load.
[May 26 18:01:23] ERROR[1] loader.c: cdr_sqlite3_custom declined to load.
[May 26 18:01:23] WARNING[35] pbx_config.c: users.conf is deprecated and will be removed in a future version of Asterisk
[May 26 18:44:03] Asterisk 22.9.0 built by root @ buildkitsandbox on a x86_64 running Linux on 2026-05-20 09:05:33 UTC
[May 26 18:44:03] NOTICE[1] loader.c: 339 modules will be loaded.
[May 26 18:44:04] NOTICE[1] res_config_ldap.c: No directory user found, anonymous binding as default.
[May 26 18:44:04] ERROR[1] res_config_ldap.c: No directory URL or host found.
[May 26 18:44:04] ERROR[1] res_config_ldap.c: Cannot load LDAP RealTime driver.
[May 26 18:44:04] WARNING[1] res_config_pgsql.c: PostgreSQL RealTime: No database user found, using 'asterisk' as default.
[May 26 18:44:04] WARNING[1] res_config_pgsql.c: PostgreSQL RealTime: No database password found, using 'asterisk' as default.
[May 26 18:44:04] WARNING[1] res_config_pgsql.c: PostgreSQL RealTime: No database host found, using localhost via socket.
[May 26 18:44:04] WARNING[1] res_config_pgsql.c: PostgreSQL RealTime: No database name found, using 'asterisk' as default.
[May 26 18:44:04] WARNING[1] res_config_pgsql.c: PostgreSQL RealTime: No database port found, using 5432 as default.
[May 26 18:44:04] WARNING[1] res_config_pgsql.c: PostgreSQL RealTime: No database socket found, using '/tmp/.s.PGSQL.5432' as default.
[May 26 18:44:04] ERROR[1] res_config_pgsql.c: PostgreSQL RealTime: Failed to connect database asterisk on : 
[May 26 18:44:04] WARNING[1] res_config_pgsql.c: PostgreSQL RealTime: Couldn't establish connection. Check debug.
[May 26 18:44:04] NOTICE[1] cdr.c: CDR simple logging enabled.
[May 26 18:44:04] NOTICE[1] indications.c: Default country for indication tones: us
[May 26 18:44:04] NOTICE[1] indications.c: Setting default indication country to 'us'
[May 26 18:44:04] WARNING[1] res_musiconhold.c: No music on hold classes configured, disabling music on hold.
[May 26 18:44:04] NOTICE[1] res_smdi.c: No SMDI interfaces are available to listen on, not starting SMDI listener.
[May 26 18:44:04] WARNING[1] res_phoneprov.c: Unable to find a valid server address or name.
[May 26 18:44:05] NOTICE[1] confbridge/conf_config_parser.c: Adding default_menu menu to app_confbridge
[May 26 18:44:05] WARNING[1] cel_pgsql.c: CEL pgsql config file missing global section.
[May 26 18:44:05] NOTICE[1] cdr_pgsql.c: cdr_pgsql configuration contains no global section, skipping module load.
[May 26 18:44:05] NOTICE[1] cdrel_custom/config.c: cdr_custom.conf: Loaded 0 configs
[May 26 18:44:05] WARNING[1] config.c: parse error: No category context for line 64 of /etc/asterisk/cel_sqlite3_custom.conf
[May 26 18:44:05] ERROR[1] cdrel_custom/config.c: Unable to load cel_sqlite3_custom.conf. Not logging CELs to custom database
[May 26 18:44:05] NOTICE[1] cdrel_custom/config.c: cel_custom.conf: Loaded 0 configs
[May 26 18:44:05] NOTICE[1] cdrel_custom/config.c: cdr_sqlite3_custom.conf: Loaded 0 configs
[May 26 18:44:05] WARNING[1] ael/pval.c: Warning: file /etc/asterisk/extensions.ael, line 196-196: macro call to ael-dundi-e164 cannot be found in the AEL code!
[May 26 18:44:05] WARNING[1] ael/pval.c: Warning: file /etc/asterisk/extensions.ael, line 209-209: macro call to ael-dundi-e164 cannot be found in the AEL code!
[May 26 18:44:05] WARNING[1] ael/pval.c: Warning: file /etc/asterisk/extensions.ael, line 328-328: macro call to ael-std-exten-ael cannot be found in the AEL code!
[May 26 18:44:05] WARNING[1] loader.c: Some non-required modules failed to load.
[May 26 18:44:06] WARNING[1] loader.c: Module 'res_adsi' has been loaded but may be removed in a future release.
[May 26 18:44:06] WARNING[1] loader.c: Module 'app_getcpeid' has been loaded but may be removed in a future release.
[May 26 18:44:06] WARNING[1] loader.c: Module 'app_adsiprog' has been loaded but may be removed in a future release.
[May 26 18:44:06] ERROR[1] loader.c: Error loading module 'format_ogg_vorbis.so': libvorbisenc.so.2: cannot open shared object file: No such file or directory
[May 26 18:44:06] ERROR[1] loader.c: cdr_pgsql declined to load.
[May 26 18:44:06] ERROR[1] loader.c: cdr_custom declined to load.
[May 26 18:44:06] ERROR[1] loader.c: cel_sqlite3_custom declined to load.
[May 26 18:44:06] ERROR[1] loader.c: cel_custom declined to load.
[May 26 18:44:06] ERROR[1] loader.c: cdr_sqlite3_custom declined to load.
[May 26 18:44:06] WARNING[35] pbx_config.c: users.conf is deprecated and will be removed in a future version of Asterisk
[May 31 08:23:58] Asterisk 22.9.0 built by root @ buildkitsandbox on a x86_64 running Linux on 2026-05-20 09:05:33 UTC
[May 31 08:23:59] NOTICE[1] loader.c: 339 modules will be loaded.
[May 31 08:24:01] NOTICE[1] res_config_ldap.c: No directory user found, anonymous binding as default.
[May 31 08:24:01] ERROR[1] res_config_ldap.c: No directory URL or host found.
[May 31 08:24:01] ERROR[1] res_config_ldap.c: Cannot load LDAP RealTime driver.
[May 31 08:24:01] WARNING[1] res_config_pgsql.c: PostgreSQL RealTime: No database user found, using 'asterisk' as default.
[May 31 08:24:01] WARNING[1] res_config_pgsql.c: PostgreSQL RealTime: No database password found, using 'asterisk' as default.
[May 31 08:24:01] WARNING[1] res_config_pgsql.c: PostgreSQL RealTime: No database host found, using localhost via socket.
[May 31 08:24:01] WARNING[1] res_config_pgsql.c: PostgreSQL RealTime: No database name found, using 'asterisk' as default.
[May 31 08:24:01] WARNING[1] res_config_pgsql.c: PostgreSQL RealTime: No database port found, using 5432 as default.
[May 31 08:24:01] WARNING[1] res_config_pgsql.c: PostgreSQL RealTime: No database socket found, using '/tmp/.s.PGSQL.5432' as default.
[May 31 08:24:01] ERROR[1] res_config_pgsql.c: PostgreSQL RealTime: Failed to connect database asterisk on : 
[May 31 08:24:01] WARNING[1] res_config_pgsql.c: PostgreSQL RealTime: Couldn't establish connection. Check debug.
[May 31 08:24:01] NOTICE[1] cdr.c: CDR simple logging enabled.
[May 31 08:24:01] NOTICE[1] indications.c: Default country for indication tones: us
[May 31 08:24:01] NOTICE[1] indications.c: Setting default indication country to 'us'
[May 31 08:24:02] WARNING[1] res_musiconhold.c: No music on hold classes configured, disabling music on hold.
[May 31 08:24:02] NOTICE[1] res_smdi.c: No SMDI interfaces are available to listen on, not starting SMDI listener.
[May 31 08:24:02] WARNING[1] res_phoneprov.c: Unable to find a valid server address or name.
[May 31 08:24:02] NOTICE[1] confbridge/conf_config_parser.c: Adding default_menu menu to app_confbridge
[May 31 08:24:02] WARNING[1] cel_pgsql.c: CEL pgsql config file missing global section.
[May 31 08:24:02] NOTICE[1] cdr_pgsql.c: cdr_pgsql configuration contains no global section, skipping module load.
[May 31 08:24:02] NOTICE[1] cdrel_custom/config.c: cdr_custom.conf: Loaded 0 configs
[May 31 08:24:02] WARNING[1] config.c: parse error: No category context for line 64 of /etc/asterisk/cel_sqlite3_custom.conf
[May 31 08:24:02] ERROR[1] cdrel_custom/config.c: Unable to load cel_sqlite3_custom.conf. Not logging CELs to custom database
[May 31 08:24:02] NOTICE[1] cdrel_custom/config.c: cel_custom.conf: Loaded 0 configs
[May 31 08:24:03] NOTICE[1] cdrel_custom/config.c: cdr_sqlite3_custom.conf: Loaded 0 configs
[May 31 08:24:03] WARNING[1] ael/pval.c: Warning: file /etc/asterisk/extensions.ael, line 196-196: macro call to ael-dundi-e164 cannot be found in the AEL code!
[May 31 08:24:03] WARNING[1] ael/pval.c: Warning: file /etc/asterisk/extensions.ael, line 209-209: macro call to ael-dundi-e164 cannot be found in the AEL code!
[May 31 08:24:03] WARNING[1] ael/pval.c: Warning: file /etc/asterisk/extensions.ael, line 328-328: macro call to ael-std-exten-ael cannot be found in the AEL code!
[May 31 08:24:03] WARNING[1] loader.c: Some non-required modules failed to load.
[May 31 08:24:03] WARNING[1] loader.c: Module 'res_adsi' has been loaded but may be removed in a future release.
[May 31 08:24:03] WARNING[1] loader.c: Module 'app_getcpeid' has been loaded but may be removed in a future release.
[May 31 08:24:03] WARNING[1] loader.c: Module 'app_adsiprog' has been loaded but may be removed in a future release.
[May 31 08:24:03] ERROR[1] loader.c: Error loading module 'format_ogg_vorbis.so': libvorbisenc.so.2: cannot open shared object file: No such file or directory
[May 31 08:24:03] ERROR[1] loader.c: cdr_pgsql declined to load.
[May 31 08:24:03] ERROR[1] loader.c: cdr_custom declined to load.
[May 31 08:24:03] ERROR[1] loader.c: cel_sqlite3_custom declined to load.
[May 31 08:24:03] ERROR[1] loader.c: cel_custom declined to load.
[May 31 08:24:03] ERROR[1] loader.c: cdr_sqlite3_custom declined to load.
[May 31 08:24:03] WARNING[27] pbx_config.c: users.conf is deprecated and will be removed in a future version of Asterisk
[May 31 08:29:40] WARNING[554] res_http_websocket.c: Web socket closed abruptly
[May 31 08:29:40] WARNING[554] ari/ari_websockets.c: WebSocket read error: Success
[May 31 08:29:53] WARNING[558] res_http_websocket.c: Web socket closed abruptly
[May 31 08:29:53] WARNING[558] ari/ari_websockets.c: WebSocket read error: Success
[May 31 08:30:05] WARNING[562] res_http_websocket.c: Web socket closed abruptly
[May 31 08:30:05] WARNING[562] ari/ari_websockets.c: WebSocket read error: Success
[May 31 08:30:17] WARNING[604] res_http_websocket.c: Web socket closed abruptly
[May 31 08:30:17] WARNING[604] ari/ari_websockets.c: WebSocket read error: Success
[May 31 08:30:30] WARNING[608] res_http_websocket.c: Web socket closed abruptly
[May 31 08:30:30] WARNING[608] ari/ari_websockets.c: WebSocket read error: Success
[May 31 08:30:42] WARNING[650] res_http_websocket.c: Web socket closed abruptly
[May 31 08:30:42] WARNING[650] ari/ari_websockets.c: WebSocket read error: Success
[May 31 08:32:11] Asterisk 22.9.0 built by root @ buildkitsandbox on a x86_64 running Linux on 2026-05-20 09:05:33 UTC
[May 31 08:32:11] NOTICE[1] loader.c: 339 modules will be loaded.
[May 31 08:32:11] NOTICE[1] res_config_ldap.c: No directory user found, anonymous binding as default.
[May 31 08:32:11] ERROR[1] res_config_ldap.c: No directory URL or host found.
[May 31 08:32:11] ERROR[1] res_config_ldap.c: Cannot load LDAP RealTime driver.
[May 31 08:32:11] WARNING[1] res_config_pgsql.c: PostgreSQL RealTime: No database user found, using 'asterisk' as default.
[May 31 08:32:11] WARNING[1] res_config_pgsql.c: PostgreSQL RealTime: No database password found, using 'asterisk' as default.
[May 31 08:32:11] WARNING[1] res_config_pgsql.c: PostgreSQL RealTime: No database host found, using localhost via socket.
[May 31 08:32:11] WARNING[1] res_config_pgsql.c: PostgreSQL RealTime: No database name found, using 'asterisk' as default.
[May 31 08:32:11] WARNING[1] res_config_pgsql.c: PostgreSQL RealTime: No database port found, using 5432 as default.
[May 31 08:32:11] WARNING[1] res_config_pgsql.c: PostgreSQL RealTime: No database socket found, using '/tmp/.s.PGSQL.5432' as default.
[May 31 08:32:11] ERROR[1] res_config_pgsql.c: PostgreSQL RealTime: Failed to connect database asterisk on : 
[May 31 08:32:11] WARNING[1] res_config_pgsql.c: PostgreSQL RealTime: Couldn't establish connection. Check debug.
[May 31 08:32:11] NOTICE[1] cdr.c: CDR simple logging enabled.
[May 31 08:32:11] NOTICE[1] indications.c: Default country for indication tones: us
[May 31 08:32:11] NOTICE[1] indications.c: Setting default indication country to 'us'
[May 31 08:32:12] WARNING[1] res_musiconhold.c: No music on hold classes configured, disabling music on hold.
[May 31 08:32:12] NOTICE[1] res_smdi.c: No SMDI interfaces are available to listen on, not starting SMDI listener.
[May 31 08:32:12] WARNING[1] res_phoneprov.c: Unable to find a valid server address or name.
[May 31 08:32:12] NOTICE[1] confbridge/conf_config_parser.c: Adding default_menu menu to app_confbridge
[May 31 08:32:12] WARNING[1] cel_pgsql.c: CEL pgsql config file missing global section.
[May 31 08:32:12] NOTICE[1] cdr_pgsql.c: cdr_pgsql configuration contains no global section, skipping module load.
[May 31 08:32:12] NOTICE[1] cdrel_custom/config.c: cdr_custom.conf: Loaded 0 configs
[May 31 08:32:12] WARNING[1] config.c: parse error: No category context for line 64 of /etc/asterisk/cel_sqlite3_custom.conf
[May 31 08:32:12] ERROR[1] cdrel_custom/config.c: Unable to load cel_sqlite3_custom.conf. Not logging CELs to custom database
[May 31 08:32:12] NOTICE[1] cdrel_custom/config.c: cel_custom.conf: Loaded 0 configs
[May 31 08:32:12] NOTICE[1] cdrel_custom/config.c: cdr_sqlite3_custom.conf: Loaded 0 configs
[May 31 08:32:12] WARNING[1] ael/pval.c: Warning: file /etc/asterisk/extensions.ael, line 196-196: macro call to ael-dundi-e164 cannot be found in the AEL code!
[May 31 08:32:12] WARNING[1] ael/pval.c: Warning: file /etc/asterisk/extensions.ael, line 209-209: macro call to ael-dundi-e164 cannot be found in the AEL code!
[May 31 08:32:12] WARNING[1] ael/pval.c: Warning: file /etc/asterisk/extensions.ael, line 328-328: macro call to ael-std-exten-ael cannot be found in the AEL code!
[May 31 08:32:12] WARNING[1] loader.c: Some non-required modules failed to load.
[May 31 08:32:13] WARNING[1] loader.c: Module 'res_adsi' has been loaded but may be removed in a future release.
[May 31 08:32:13] WARNING[1] loader.c: Module 'app_getcpeid' has been loaded but may be removed in a future release.
[May 31 08:32:13] WARNING[1] loader.c: Module 'app_adsiprog' has been loaded but may be removed in a future release.
[May 31 08:32:13] ERROR[1] loader.c: Error loading module 'format_ogg_vorbis.so': libvorbisenc.so.2: cannot open shared object file: No such file or directory
[May 31 08:32:13] ERROR[1] loader.c: cdr_pgsql declined to load.
[May 31 08:32:13] ERROR[1] loader.c: cdr_custom declined to load.
[May 31 08:32:13] ERROR[1] loader.c: cel_sqlite3_custom declined to load.
[May 31 08:32:13] ERROR[1] loader.c: cel_custom declined to load.
[May 31 08:32:13] ERROR[1] loader.c: cdr_sqlite3_custom declined to load.
[May 31 08:32:13] WARNING[24] pbx_config.c: users.conf is deprecated and will be removed in a future version of Asterisk
[May 31 08:32:20] WARNING[133] res_http_websocket.c: Web socket closed abruptly
[May 31 08:32:20] WARNING[133] ari/ari_websockets.c: WebSocket read error: Success
[May 31 08:32:31] WARNING[137] res_http_websocket.c: Web socket closed abruptly
[May 31 08:32:31] WARNING[137] ari/ari_websockets.c: WebSocket read error: Success
[May 31 08:33:19] WARNING[141] res_http_websocket.c: Web socket closed abruptly
[May 31 08:33:19] WARNING[141] ari/ari_websockets.c: WebSocket read error: Success
[May 31 08:37:19] ERROR[44] cdr_csv.c: Unable to open file /var/log/asterisk//cdr-csv//Master.csv : No such file or directory
[May 31 08:37:19] WARNING[44] cdr_csv.c: Unable to write CSV record to master '/var/log/asterisk//cdr-csv//Master.csv' : No such file or directory
[May 31 08:37:21] ERROR[494] chan_rtp.c: Unable to resolve host 'python-ai'
[May 31 08:42:42] WARNING[222] res_http_websocket.c: Web socket closed abruptly
[May 31 08:42:42] WARNING[222] ari/ari_websockets.c: WebSocket read error: Success
[May 31 08:45:17] ERROR[1075] chan_rtp.c: Unable to resolve host 'python-ai'
[May 31 08:45:45] ERROR[44] cdr_csv.c: Unable to open file /var/log/asterisk//cdr-csv//Master.csv : No such file or directory
[May 31 08:45:45] WARNING[44] cdr_csv.c: Unable to write CSV record to master '/var/log/asterisk//cdr-csv//Master.csv' : No such file or directory
[May 31 08:49:03] Asterisk 22.9.0 built by root @ buildkitsandbox on a x86_64 running Linux on 2026-05-20 09:05:33 UTC
[May 31 08:49:03] NOTICE[1] loader.c: 339 modules will be loaded.
[May 31 08:49:04] NOTICE[1] res_config_ldap.c: No directory user found, anonymous binding as default.
[May 31 08:49:04] ERROR[1] res_config_ldap.c: No directory URL or host found.
[May 31 08:49:04] ERROR[1] res_config_ldap.c: Cannot load LDAP RealTime driver.
[May 31 08:49:04] WARNING[1] res_config_pgsql.c: PostgreSQL RealTime: No database user found, using 'asterisk' as default.
[May 31 08:49:04] WARNING[1] res_config_pgsql.c: PostgreSQL RealTime: No database password found, using 'asterisk' as default.
[May 31 08:49:04] WARNING[1] res_config_pgsql.c: PostgreSQL RealTime: No database host found, using localhost via socket.
[May 31 08:49:04] WARNING[1] res_config_pgsql.c: PostgreSQL RealTime: No database name found, using 'asterisk' as default.
[May 31 08:49:04] WARNING[1] res_config_pgsql.c: PostgreSQL RealTime: No database port found, using 5432 as default.
[May 31 08:49:04] WARNING[1] res_config_pgsql.c: PostgreSQL RealTime: No database socket found, using '/tmp/.s.PGSQL.5432' as default.
[May 31 08:49:04] ERROR[1] res_config_pgsql.c: PostgreSQL RealTime: Failed to connect database asterisk on : 
[May 31 08:49:04] WARNING[1] res_config_pgsql.c: PostgreSQL RealTime: Couldn't establish connection. Check debug.
[May 31 08:49:04] NOTICE[1] cdr.c: CDR simple logging enabled.
[May 31 08:49:04] NOTICE[1] indications.c: Default country for indication tones: us
[May 31 08:49:04] NOTICE[1] indications.c: Setting default indication country to 'us'
[May 31 08:49:04] WARNING[1] res_musiconhold.c: No music on hold classes configured, disabling music on hold.
[May 31 08:49:04] NOTICE[1] res_smdi.c: No SMDI interfaces are available to listen on, not starting SMDI listener.
[May 31 08:49:04] WARNING[1] res_phoneprov.c: Unable to find a valid server address or name.
[May 31 08:49:05] NOTICE[1] confbridge/conf_config_parser.c: Adding default_menu menu to app_confbridge
[May 31 08:49:05] WARNING[1] cel_pgsql.c: CEL pgsql config file missing global section.
[May 31 08:49:05] NOTICE[1] cdr_pgsql.c: cdr_pgsql configuration contains no global section, skipping module load.
[May 31 08:49:05] NOTICE[1] cdrel_custom/config.c: cdr_custom.conf: Loaded 0 configs
[May 31 08:49:05] WARNING[1] config.c: parse error: No category context for line 64 of /etc/asterisk/cel_sqlite3_custom.conf
[May 31 08:49:05] ERROR[1] cdrel_custom/config.c: Unable to load cel_sqlite3_custom.conf. Not logging CELs to custom database
[May 31 08:49:05] NOTICE[1] cdrel_custom/config.c: cel_custom.conf: Loaded 0 configs
[May 31 08:49:05] NOTICE[1] cdrel_custom/config.c: cdr_sqlite3_custom.conf: Loaded 0 configs
[May 31 08:49:05] WARNING[1] ael/pval.c: Warning: file /etc/asterisk/extensions.ael, line 196-196: macro call to ael-dundi-e164 cannot be found in the AEL code!
[May 31 08:49:05] WARNING[1] ael/pval.c: Warning: file /etc/asterisk/extensions.ael, line 209-209: macro call to ael-dundi-e164 cannot be found in the AEL code!
[May 31 08:49:05] WARNING[1] ael/pval.c: Warning: file /etc/asterisk/extensions.ael, line 328-328: macro call to ael-std-exten-ael cannot be found in the AEL code!
[May 31 08:49:05] WARNING[1] loader.c: Some non-required modules failed to load.
[May 31 08:49:05] WARNING[1] loader.c: Module 'res_adsi' has been loaded but may be removed in a future release.
[May 31 08:49:05] WARNING[1] loader.c: Module 'app_getcpeid' has been loaded but may be removed in a future release.
[May 31 08:49:05] WARNING[1] loader.c: Module 'app_adsiprog' has been loaded but may be removed in a future release.
[May 31 08:49:05] ERROR[1] loader.c: Error loading module 'format_ogg_vorbis.so': libvorbisenc.so.2: cannot open shared object file: No such file or directory
[May 31 08:49:05] ERROR[1] loader.c: cdr_pgsql declined to load.
[May 31 08:49:05] ERROR[1] loader.c: cdr_custom declined to load.
[May 31 08:49:05] ERROR[1] loader.c: cel_sqlite3_custom declined to load.
[May 31 08:49:05] ERROR[1] loader.c: cel_custom declined to load.
[May 31 08:49:05] ERROR[1] loader.c: cdr_sqlite3_custom declined to load.
[May 31 08:49:05] WARNING[24] pbx_config.c: users.conf is deprecated and will be removed in a future version of Asterisk
[May 31 08:55:49] WARNING[592] res_http_websocket.c: Web socket closed abruptly
[May 31 08:55:49] WARNING[592] ari/ari_websockets.c: WebSocket read error: Success
[May 31 08:59:09] ERROR[44] cdr_csv.c: Unable to open file /var/log/asterisk//cdr-csv//Master.csv : No such file or directory
[May 31 08:59:09] WARNING[44] cdr_csv.c: Unable to write CSV record to master '/var/log/asterisk//cdr-csv//Master.csv' : No such file or directory
[May 31 08:59:17] WARNING[634] res_http_websocket.c: Web socket closed abruptly
[May 31 08:59:17] WARNING[634] ari/ari_websockets.c: WebSocket read error: Success
[May 31 08:59:30] WARNING[911] stasis/app.c: Not creating context 'stasis-python' for Stasis application 'python' because it already exists
[May 31 09:01:16] ERROR[44] cdr_csv.c: Unable to open file /var/log/asterisk//cdr-csv//Master.csv : No such file or directory
[May 31 09:01:16] WARNING[44] cdr_csv.c: Unable to write CSV record to master '/var/log/asterisk//cdr-csv//Master.csv' : No such file or directory
[May 31 09:01:29] WARNING[911] res_http_websocket.c: Web socket closed abruptly
[May 31 09:01:29] WARNING[911] ari/ari_websockets.c: WebSocket read error: Success
[May 31 09:01:40] WARNING[1072] stasis/app.c: Not creating context 'stasis-python' for Stasis application 'python' because it already exists
[May 31 09:05:12] ERROR[44] cdr_csv.c: Unable to open file /var/log/asterisk//cdr-csv//Master.csv : No such file or directory
[May 31 09:05:12] WARNING[44] cdr_csv.c: Unable to write CSV record to master '/var/log/asterisk//cdr-csv//Master.csv' : No such file or directory
[May 31 09:05:19] WARNING[1072] res_http_websocket.c: Web socket closed abruptly
[May 31 09:05:19] WARNING[1072] ari/ari_websockets.c: WebSocket read error: Success
[May 31 09:05:54] WARNING[1386] stasis/app.c: Not creating context 'stasis-python' for Stasis application 'python' because it already exists
[May 31 09:07:50] ERROR[44] cdr_csv.c: Unable to open file /var/log/asterisk//cdr-csv//Master.csv : No such file or directory
[May 31 09:07:50] WARNING[44] cdr_csv.c: Unable to write CSV record to master '/var/log/asterisk//cdr-csv//Master.csv' : No such file or directory
[May 31 09:07:50] ERROR[44] cdr_csv.c: Unable to open file /var/log/asterisk//cdr-csv//Master.csv : No such file or directory
[May 31 09:07:50] WARNING[44] cdr_csv.c: Unable to write CSV record to master '/var/log/asterisk//cdr-csv//Master.csv' : No such file or directory
[May 31 09:07:50] ERROR[44] cdr_csv.c: Unable to open file /var/log/asterisk//cdr-csv//Master.csv : No such file or directory
[May 31 09:07:50] WARNING[44] cdr_csv.c: Unable to write CSV record to master '/var/log/asterisk//cdr-csv//Master.csv' : No such file or directory
[May 31 09:08:23] Asterisk 22.9.0 built by root @ buildkitsandbox on a x86_64 running Linux on 2026-05-20 09:05:33 UTC
[May 31 09:08:23] NOTICE[1] loader.c: 339 modules will be loaded.
[May 31 09:08:23] NOTICE[1] res_config_ldap.c: No directory user found, anonymous binding as default.
[May 31 09:08:23] ERROR[1] res_config_ldap.c: No directory URL or host found.
[May 31 09:08:23] ERROR[1] res_config_ldap.c: Cannot load LDAP RealTime driver.
[May 31 09:08:23] WARNING[1] res_config_pgsql.c: PostgreSQL RealTime: No database user found, using 'asterisk' as default.
[May 31 09:08:23] WARNING[1] res_config_pgsql.c: PostgreSQL RealTime: No database password found, using 'asterisk' as default.
[May 31 09:08:23] WARNING[1] res_config_pgsql.c: PostgreSQL RealTime: No database host found, using localhost via socket.
[May 31 09:08:23] WARNING[1] res_config_pgsql.c: PostgreSQL RealTime: No database name found, using 'asterisk' as default.
[May 31 09:08:23] WARNING[1] res_config_pgsql.c: PostgreSQL RealTime: No database port found, using 5432 as default.
[May 31 09:08:23] WARNING[1] res_config_pgsql.c: PostgreSQL RealTime: No database socket found, using '/tmp/.s.PGSQL.5432' as default.
[May 31 09:08:23] ERROR[1] res_config_pgsql.c: PostgreSQL RealTime: Failed to connect database asterisk on : 
[May 31 09:08:23] WARNING[1] res_config_pgsql.c: PostgreSQL RealTime: Couldn't establish connection. Check debug.
[May 31 09:08:23] NOTICE[1] cdr.c: CDR simple logging enabled.
[May 31 09:08:23] WARNING[1] config.c: parse error: No category context for line 1 of /etc/asterisk/dsp.conf
[May 31 09:08:23] NOTICE[1] indications.c: Default country for indication tones: us
[May 31 09:08:23] NOTICE[1] indications.c: Setting default indication country to 'us'
[May 31 09:08:23] WARNING[1] res_musiconhold.c: No music on hold classes configured, disabling music on hold.
[May 31 09:08:24] NOTICE[1] res_smdi.c: No SMDI interfaces are available to listen on, not starting SMDI listener.
[May 31 09:08:24] WARNING[1] res_phoneprov.c: Unable to find a valid server address or name.
[May 31 09:08:24] NOTICE[1] confbridge/conf_config_parser.c: Adding default_menu menu to app_confbridge
[May 31 09:08:24] WARNING[1] cel_pgsql.c: CEL pgsql config file missing global section.
[May 31 09:08:24] NOTICE[1] cdr_pgsql.c: cdr_pgsql configuration contains no global section, skipping module load.
[May 31 09:08:24] NOTICE[1] cdrel_custom/config.c: cdr_custom.conf: Loaded 0 configs
[May 31 09:08:24] WARNING[1] config.c: parse error: No category context for line 64 of /etc/asterisk/cel_sqlite3_custom.conf
[May 31 09:08:24] ERROR[1] cdrel_custom/config.c: Unable to load cel_sqlite3_custom.conf. Not logging CELs to custom database
[May 31 09:08:24] NOTICE[1] cdrel_custom/config.c: cel_custom.conf: Loaded 0 configs
[May 31 09:08:24] NOTICE[1] cdrel_custom/config.c: cdr_sqlite3_custom.conf: Loaded 0 configs
[May 31 09:08:24] WARNING[1] ael/pval.c: Warning: file /etc/asterisk/extensions.ael, line 196-196: macro call to ael-dundi-e164 cannot be found in the AEL code!
[May 31 09:08:24] WARNING[1] ael/pval.c: Warning: file /etc/asterisk/extensions.ael, line 209-209: macro call to ael-dundi-e164 cannot be found in the AEL code!
[May 31 09:08:24] WARNING[1] ael/pval.c: Warning: file /etc/asterisk/extensions.ael, line 328-328: macro call to ael-std-exten-ael cannot be found in the AEL code!
[May 31 09:08:24] WARNING[1] loader.c: Some non-required modules failed to load.
[May 31 09:08:24] WARNING[1] loader.c: Module 'res_adsi' has been loaded but may be removed in a future release.
[May 31 09:08:24] WARNING[1] loader.c: Module 'app_getcpeid' has been loaded but may be removed in a future release.
[May 31 09:08:24] WARNING[1] loader.c: Module 'app_adsiprog' has been loaded but may be removed in a future release.
[May 31 09:08:24] ERROR[1] loader.c: Error loading module 'format_ogg_vorbis.so': libvorbisenc.so.2: cannot open shared object file: No such file or directory
[May 31 09:08:24] ERROR[1] loader.c: cdr_pgsql declined to load.
[May 31 09:08:24] ERROR[1] loader.c: cdr_custom declined to load.
[May 31 09:08:24] ERROR[1] loader.c: cel_sqlite3_custom declined to load.
[May 31 09:08:24] ERROR[1] loader.c: cel_custom declined to load.
[May 31 09:08:24] ERROR[1] loader.c: cdr_sqlite3_custom declined to load.
[May 31 09:08:24] WARNING[25] pbx_config.c: users.conf is deprecated and will be removed in a future version of Asterisk
[May 31 09:11:41] Asterisk 22.9.0 built by root @ buildkitsandbox on a x86_64 running Linux on 2026-05-20 09:05:33 UTC
[May 31 09:11:41] NOTICE[1] loader.c: 339 modules will be loaded.
[May 31 09:11:42] NOTICE[1] res_config_ldap.c: No directory user found, anonymous binding as default.
[May 31 09:11:42] ERROR[1] res_config_ldap.c: No directory URL or host found.
[May 31 09:11:42] ERROR[1] res_config_ldap.c: Cannot load LDAP RealTime driver.
[May 31 09:11:42] WARNING[1] res_config_pgsql.c: PostgreSQL RealTime: No database user found, using 'asterisk' as default.
[May 31 09:11:42] WARNING[1] res_config_pgsql.c: PostgreSQL RealTime: No database password found, using 'asterisk' as default.
[May 31 09:11:42] WARNING[1] res_config_pgsql.c: PostgreSQL RealTime: No database host found, using localhost via socket.
[May 31 09:11:42] WARNING[1] res_config_pgsql.c: PostgreSQL RealTime: No database name found, using 'asterisk' as default.
[May 31 09:11:42] WARNING[1] res_config_pgsql.c: PostgreSQL RealTime: No database port found, using 5432 as default.
[May 31 09:11:42] WARNING[1] res_config_pgsql.c: PostgreSQL RealTime: No database socket found, using '/tmp/.s.PGSQL.5432' as default.
[May 31 09:11:42] ERROR[1] res_config_pgsql.c: PostgreSQL RealTime: Failed to connect database asterisk on : 
[May 31 09:11:42] WARNING[1] res_config_pgsql.c: PostgreSQL RealTime: Couldn't establish connection. Check debug.
[May 31 09:11:42] NOTICE[1] cdr.c: CDR simple logging enabled.
[May 31 09:11:42] WARNING[1] config.c: parse error: No category context for line 1 of /etc/asterisk/dsp.conf
[May 31 09:11:42] NOTICE[1] indications.c: Default country for indication tones: us
[May 31 09:11:42] NOTICE[1] indications.c: Setting default indication country to 'us'
[May 31 09:11:43] WARNING[1] res_musiconhold.c: No music on hold classes configured, disabling music on hold.
[May 31 09:11:43] NOTICE[1] res_smdi.c: No SMDI interfaces are available to listen on, not starting SMDI listener.
[May 31 09:11:43] WARNING[1] res_phoneprov.c: Unable to find a valid server address or name.
[May 31 09:11:43] NOTICE[1] confbridge/conf_config_parser.c: Adding default_menu menu to app_confbridge
[May 31 09:11:43] WARNING[1] cel_pgsql.c: CEL pgsql config file missing global section.
[May 31 09:11:43] NOTICE[1] cdr_pgsql.c: cdr_pgsql configuration contains no global section, skipping module load.
[May 31 09:11:43] NOTICE[1] cdrel_custom/config.c: cdr_custom.conf: Loaded 0 configs
[May 31 09:11:43] WARNING[1] config.c: parse error: No category context for line 64 of /etc/asterisk/cel_sqlite3_custom.conf
[May 31 09:11:43] ERROR[1] cdrel_custom/config.c: Unable to load cel_sqlite3_custom.conf. Not logging CELs to custom database
[May 31 09:11:43] NOTICE[1] cdrel_custom/config.c: cel_custom.conf: Loaded 0 configs
[May 31 09:11:43] NOTICE[1] cdrel_custom/config.c: cdr_sqlite3_custom.conf: Loaded 0 configs
[May 31 09:11:43] WARNING[1] ael/pval.c: Warning: file /etc/asterisk/extensions.ael, line 196-196: macro call to ael-dundi-e164 cannot be found in the AEL code!
[May 31 09:11:43] WARNING[1] ael/pval.c: Warning: file /etc/asterisk/extensions.ael, line 209-209: macro call to ael-dundi-e164 cannot be found in the AEL code!
[May 31 09:11:43] WARNING[1] ael/pval.c: Warning: file /etc/asterisk/extensions.ael, line 328-328: macro call to ael-std-exten-ael cannot be found in the AEL code!
[May 31 09:11:43] WARNING[1] loader.c: Some non-required modules failed to load.
[May 31 09:11:43] WARNING[1] loader.c: Module 'res_adsi' has been loaded but may be removed in a future release.
[May 31 09:11:43] WARNING[1] loader.c: Module 'app_getcpeid' has been loaded but may be removed in a future release.
[May 31 09:11:43] WARNING[1] loader.c: Module 'app_adsiprog' has been loaded but may be removed in a future release.
[May 31 09:11:43] ERROR[1] loader.c: Error loading module 'format_ogg_vorbis.so': libvorbisenc.so.2: cannot open shared object file: No such file or directory
[May 31 09:11:43] ERROR[1] loader.c: cdr_pgsql declined to load.
[May 31 09:11:43] ERROR[1] loader.c: cdr_custom declined to load.
[May 31 09:11:43] ERROR[1] loader.c: cel_sqlite3_custom declined to load.
[May 31 09:11:43] ERROR[1] loader.c: cel_custom declined to load.
[May 31 09:11:43] ERROR[1] loader.c: cdr_sqlite3_custom declined to load.
[May 31 09:11:43] WARNING[23] pbx_config.c: users.conf is deprecated and will be removed in a future version of Asterisk
[May 31 09:14:10] Asterisk 22.9.0 built by root @ buildkitsandbox on a x86_64 running Linux on 2026-05-20 09:05:33 UTC
[May 31 09:14:10] NOTICE[1] loader.c: 339 modules will be loaded.
[May 31 09:14:13] NOTICE[1] res_config_ldap.c: No directory user found, anonymous binding as default.
[May 31 09:14:13] ERROR[1] res_config_ldap.c: No directory URL or host found.
[May 31 09:14:13] ERROR[1] res_config_ldap.c: Cannot load LDAP RealTime driver.
[May 31 09:14:13] WARNING[1] res_config_pgsql.c: PostgreSQL RealTime: No database user found, using 'asterisk' as default.
[May 31 09:14:13] WARNING[1] res_config_pgsql.c: PostgreSQL RealTime: No database password found, using 'asterisk' as default.
[May 31 09:14:13] WARNING[1] res_config_pgsql.c: PostgreSQL RealTime: No database host found, using localhost via socket.
[May 31 09:14:13] WARNING[1] res_config_pgsql.c: PostgreSQL RealTime: No database name found, using 'asterisk' as default.
[May 31 09:14:13] WARNING[1] res_config_pgsql.c: PostgreSQL RealTime: No database port found, using 5432 as default.
[May 31 09:14:13] WARNING[1] res_config_pgsql.c: PostgreSQL RealTime: No database socket found, using '/tmp/.s.PGSQL.5432' as default.
[May 31 09:14:13] ERROR[1] res_config_pgsql.c: PostgreSQL RealTime: Failed to connect database asterisk on : 
[May 31 09:14:13] WARNING[1] res_config_pgsql.c: PostgreSQL RealTime: Couldn't establish connection. Check debug.
[May 31 09:14:13] NOTICE[1] cdr.c: CDR simple logging enabled.
[May 31 09:14:13] WARNING[1] config.c: parse error: No category context for line 1 of /etc/asterisk/dsp.conf
[May 31 09:14:13] NOTICE[1] indications.c: Default country for indication tones: us
[May 31 09:14:13] NOTICE[1] indications.c: Setting default indication country to 'us'
[May 31 09:14:13] WARNING[1] res_musiconhold.c: No music on hold classes configured, disabling music on hold.
[May 31 09:14:13] NOTICE[1] res_smdi.c: No SMDI interfaces are available to listen on, not starting SMDI listener.
[May 31 09:14:13] WARNING[1] res_phoneprov.c: Unable to find a valid server address or name.
[May 31 09:14:14] NOTICE[1] confbridge/conf_config_parser.c: Adding default_menu menu to app_confbridge
[May 31 09:14:14] WARNING[1] cel_pgsql.c: CEL pgsql config file missing global section.
[May 31 09:14:14] NOTICE[1] cdr_pgsql.c: cdr_pgsql configuration contains no global section, skipping module load.
[May 31 09:14:14] NOTICE[1] cdrel_custom/config.c: cdr_custom.conf: Loaded 0 configs
[May 31 09:14:14] WARNING[1] config.c: parse error: No category context for line 64 of /etc/asterisk/cel_sqlite3_custom.conf
[May 31 09:14:14] ERROR[1] cdrel_custom/config.c: Unable to load cel_sqlite3_custom.conf. Not logging CELs to custom database
[May 31 09:14:14] NOTICE[1] cdrel_custom/config.c: cel_custom.conf: Loaded 0 configs
[May 31 09:14:14] NOTICE[1] cdrel_custom/config.c: cdr_sqlite3_custom.conf: Loaded 0 configs
[May 31 09:14:14] WARNING[1] ael/pval.c: Warning: file /etc/asterisk/extensions.ael, line 196-196: macro call to ael-dundi-e164 cannot be found in the AEL code!
[May 31 09:14:14] WARNING[1] ael/pval.c: Warning: file /etc/asterisk/extensions.ael, line 209-209: macro call to ael-dundi-e164 cannot be found in the AEL code!
[May 31 09:14:14] WARNING[1] ael/pval.c: Warning: file /etc/asterisk/extensions.ael, line 328-328: macro call to ael-std-exten-ael cannot be found in the AEL code!
[May 31 09:14:14] WARNING[1] loader.c: Some non-required modules failed to load.
[May 31 09:14:14] WARNING[1] loader.c: Module 'res_adsi' has been loaded but may be removed in a future release.
[May 31 09:14:14] WARNING[1] loader.c: Module 'app_getcpeid' has been loaded but may be removed in a future release.
[May 31 09:14:14] WARNING[1] loader.c: Module 'app_adsiprog' has been loaded but may be removed in a future release.
[May 31 09:14:14] ERROR[1] loader.c: Error loading module 'format_ogg_vorbis.so': libvorbisenc.so.2: cannot open shared object file: No such file or directory
[May 31 09:14:14] ERROR[1] loader.c: cdr_pgsql declined to load.
[May 31 09:14:14] ERROR[1] loader.c: cdr_custom declined to load.
[May 31 09:14:14] ERROR[1] loader.c: cel_sqlite3_custom declined to load.
[May 31 09:14:14] ERROR[1] loader.c: cel_custom declined to load.
[May 31 09:14:14] ERROR[1] loader.c: cdr_sqlite3_custom declined to load.
[May 31 09:14:14] WARNING[27] pbx_config.c: users.conf is deprecated and will be removed in a future version of Asterisk
[May 31 09:19:08] WARNING[134] res_http_websocket.c: Web socket closed abruptly
[May 31 09:19:08] WARNING[134] ari/ari_websockets.c: WebSocket read error: Success
[May 31 09:19:09] ERROR[51] cdr_csv.c: Unable to open file /var/log/asterisk//cdr-csv//Master.csv : No such file or directory
[May 31 09:19:09] WARNING[51] cdr_csv.c: Unable to write CSV record to master '/var/log/asterisk//cdr-csv//Master.csv' : No such file or directory
[May 31 09:19:22] WARNING[526] stasis/app.c: Not creating context 'stasis-python' for Stasis application 'python' because it already exists
[May 31 09:19:58] ERROR[51] cdr_csv.c: Unable to open file /var/log/asterisk//cdr-csv//Master.csv : No such file or directory
[May 31 09:19:58] WARNING[51] cdr_csv.c: Unable to write CSV record to master '/var/log/asterisk//cdr-csv//Master.csv' : No such file or directory
[May 31 09:20:25] Asterisk 22.9.0 built by root @ buildkitsandbox on a x86_64 running Linux on 2026-05-20 09:05:33 UTC
[May 31 09:20:25] NOTICE[1] loader.c: 339 modules will be loaded.
[May 31 09:20:25] NOTICE[1] res_config_ldap.c: No directory user found, anonymous binding as default.
[May 31 09:20:25] ERROR[1] res_config_ldap.c: No directory URL or host found.
[May 31 09:20:25] ERROR[1] res_config_ldap.c: Cannot load LDAP RealTime driver.
[May 31 09:20:25] WARNING[1] res_config_pgsql.c: PostgreSQL RealTime: No database user found, using 'asterisk' as default.
[May 31 09:20:25] WARNING[1] res_config_pgsql.c: PostgreSQL RealTime: No database password found, using 'asterisk' as default.
[May 31 09:20:25] WARNING[1] res_config_pgsql.c: PostgreSQL RealTime: No database host found, using localhost via socket.
[May 31 09:20:25] WARNING[1] res_config_pgsql.c: PostgreSQL RealTime: No database name found, using 'asterisk' as default.
[May 31 09:20:25] WARNING[1] res_config_pgsql.c: PostgreSQL RealTime: No database port found, using 5432 as default.
[May 31 09:20:25] WARNING[1] res_config_pgsql.c: PostgreSQL RealTime: No database socket found, using '/tmp/.s.PGSQL.5432' as default.
[May 31 09:20:25] ERROR[1] res_config_pgsql.c: PostgreSQL RealTime: Failed to connect database asterisk on : 
[May 31 09:20:25] WARNING[1] res_config_pgsql.c: PostgreSQL RealTime: Couldn't establish connection. Check debug.
[May 31 09:20:25] NOTICE[1] cdr.c: CDR simple logging enabled.
[May 31 09:20:25] WARNING[1] config.c: parse error: No category context for line 1 of /etc/asterisk/dsp.conf
[May 31 09:20:25] NOTICE[1] indications.c: Default country for indication tones: us
[May 31 09:20:25] NOTICE[1] indications.c: Setting default indication country to 'us'
[May 31 09:20:26] WARNING[1] res_musiconhold.c: No music on hold classes configured, disabling music on hold.
[May 31 09:20:26] NOTICE[1] res_smdi.c: No SMDI interfaces are available to listen on, not starting SMDI listener.
[May 31 09:20:26] WARNING[1] res_phoneprov.c: Unable to find a valid server address or name.
[May 31 09:20:26] NOTICE[1] confbridge/conf_config_parser.c: Adding default_menu menu to app_confbridge
[May 31 09:20:26] WARNING[1] cel_pgsql.c: CEL pgsql config file missing global section.
[May 31 09:20:26] NOTICE[1] cdr_pgsql.c: cdr_pgsql configuration contains no global section, skipping module load.
[May 31 09:20:26] NOTICE[1] cdrel_custom/config.c: cdr_custom.conf: Loaded 0 configs
[May 31 09:20:26] WARNING[1] config.c: parse error: No category context for line 64 of /etc/asterisk/cel_sqlite3_custom.conf
[May 31 09:20:26] ERROR[1] cdrel_custom/config.c: Unable to load cel_sqlite3_custom.conf. Not logging CELs to custom database
[May 31 09:20:26] NOTICE[1] cdrel_custom/config.c: cel_custom.conf: Loaded 0 configs
[May 31 09:20:26] NOTICE[1] cdrel_custom/config.c: cdr_sqlite3_custom.conf: Loaded 0 configs
[May 31 09:20:26] WARNING[1] ael/pval.c: Warning: file /etc/asterisk/extensions.ael, line 196-196: macro call to ael-dundi-e164 cannot be found in the AEL code!
[May 31 09:20:26] WARNING[1] ael/pval.c: Warning: file /etc/asterisk/extensions.ael, line 209-209: macro call to ael-dundi-e164 cannot be found in the AEL code!
[May 31 09:20:26] WARNING[1] ael/pval.c: Warning: file /etc/asterisk/extensions.ael, line 328-328: macro call to ael-std-exten-ael cannot be found in the AEL code!
[May 31 09:20:26] WARNING[1] loader.c: Some non-required modules failed to load.
[May 31 09:20:26] WARNING[1] loader.c: Module 'res_adsi' has been loaded but may be removed in a future release.
[May 31 09:20:26] WARNING[1] loader.c: Module 'app_getcpeid' has been loaded but may be removed in a future release.
[May 31 09:20:26] WARNING[1] loader.c: Module 'app_adsiprog' has been loaded but may be removed in a future release.
[May 31 09:20:27] ERROR[1] loader.c: Error loading module 'format_ogg_vorbis.so': libvorbisenc.so.2: cannot open shared object file: No such file or directory
[May 31 09:20:27] ERROR[1] loader.c: cdr_pgsql declined to load.
[May 31 09:20:27] ERROR[1] loader.c: cdr_custom declined to load.
[May 31 09:20:27] ERROR[1] loader.c: cel_sqlite3_custom declined to load.
[May 31 09:20:27] ERROR[1] loader.c: cel_custom declined to load.
[May 31 09:20:27] ERROR[1] loader.c: cdr_sqlite3_custom declined to load.
[May 31 09:20:27] WARNING[24] pbx_config.c: users.conf is deprecated and will be removed in a future version of Asterisk
[May 31 09:22:24] WARNING[247] res_http_websocket.c: Web socket closed abruptly
[May 31 09:22:24] WARNING[247] ari/ari_websockets.c: WebSocket read error: Success
[May 31 09:25:24] ERROR[44] cdr_csv.c: Unable to open file /var/log/asterisk//cdr-csv//Master.csv : No such file or directory
[May 31 09:25:24] WARNING[44] cdr_csv.c: Unable to write CSV record to master '/var/log/asterisk//cdr-csv//Master.csv' : No such file or directory
[May 31 09:26:25] ERROR[44] cdr_csv.c: Unable to open file /var/log/asterisk//cdr-csv//Master.csv : No such file or directory
[May 31 09:26:25] WARNING[44] cdr_csv.c: Unable to write CSV record to master '/var/log/asterisk//cdr-csv//Master.csv' : No such file or directory
[May 31 09:26:51] Asterisk 22.9.0 built by root @ buildkitsandbox on a x86_64 running Linux on 2026-05-20 09:05:33 UTC
[May 31 09:26:51] NOTICE[1] loader.c: 339 modules will be loaded.
[May 31 09:26:51] NOTICE[1] res_config_ldap.c: No directory user found, anonymous binding as default.
[May 31 09:26:51] ERROR[1] res_config_ldap.c: No directory URL or host found.
[May 31 09:26:51] ERROR[1] res_config_ldap.c: Cannot load LDAP RealTime driver.
[May 31 09:26:51] WARNING[1] res_config_pgsql.c: PostgreSQL RealTime: No database user found, using 'asterisk' as default.
[May 31 09:26:51] WARNING[1] res_config_pgsql.c: PostgreSQL RealTime: No database password found, using 'asterisk' as default.
[May 31 09:26:51] WARNING[1] res_config_pgsql.c: PostgreSQL RealTime: No database host found, using localhost via socket.
[May 31 09:26:51] WARNING[1] res_config_pgsql.c: PostgreSQL RealTime: No database name found, using 'asterisk' as default.
[May 31 09:26:51] WARNING[1] res_config_pgsql.c: PostgreSQL RealTime: No database port found, using 5432 as default.
[May 31 09:26:51] WARNING[1] res_config_pgsql.c: PostgreSQL RealTime: No database socket found, using '/tmp/.s.PGSQL.5432' as default.
[May 31 09:26:51] ERROR[1] res_config_pgsql.c: PostgreSQL RealTime: Failed to connect database asterisk on : 
[May 31 09:26:51] WARNING[1] res_config_pgsql.c: PostgreSQL RealTime: Couldn't establish connection. Check debug.
[May 31 09:26:51] NOTICE[1] cdr.c: CDR simple logging enabled.
[May 31 09:26:51] WARNING[1] config.c: parse error: No category context for line 1 of /etc/asterisk/dsp.conf
[May 31 09:26:51] NOTICE[1] indications.c: Default country for indication tones: us
[May 31 09:26:51] NOTICE[1] indications.c: Setting default indication country to 'us'
[May 31 09:26:51] WARNING[1] res_musiconhold.c: No music on hold classes configured, disabling music on hold.
[May 31 09:26:51] NOTICE[1] res_smdi.c: No SMDI interfaces are available to listen on, not starting SMDI listener.
[May 31 09:26:51] WARNING[1] res_phoneprov.c: Unable to find a valid server address or name.
[May 31 09:26:51] NOTICE[1] confbridge/conf_config_parser.c: Adding default_menu menu to app_confbridge
[May 31 09:26:52] WARNING[1] cel_pgsql.c: CEL pgsql config file missing global section.
[May 31 09:26:52] NOTICE[1] cdr_pgsql.c: cdr_pgsql configuration contains no global section, skipping module load.
[May 31 09:26:52] NOTICE[1] cdrel_custom/config.c: cdr_custom.conf: Loaded 0 configs
[May 31 09:26:52] WARNING[1] config.c: parse error: No category context for line 64 of /etc/asterisk/cel_sqlite3_custom.conf
[May 31 09:26:52] ERROR[1] cdrel_custom/config.c: Unable to load cel_sqlite3_custom.conf. Not logging CELs to custom database
[May 31 09:26:52] NOTICE[1] cdrel_custom/config.c: cel_custom.conf: Loaded 0 configs
[May 31 09:26:52] NOTICE[1] cdrel_custom/config.c: cdr_sqlite3_custom.conf: Loaded 0 configs
[May 31 09:26:52] WARNING[1] ael/pval.c: Warning: file /etc/asterisk/extensions.ael, line 196-196: macro call to ael-dundi-e164 cannot be found in the AEL code!
[May 31 09:26:52] WARNING[1] ael/pval.c: Warning: file /etc/asterisk/extensions.ael, line 209-209: macro call to ael-dundi-e164 cannot be found in the AEL code!
[May 31 09:26:52] WARNING[1] ael/pval.c: Warning: file /etc/asterisk/extensions.ael, line 328-328: macro call to ael-std-exten-ael cannot be found in the AEL code!
[May 31 09:26:52] WARNING[1] loader.c: Some non-required modules failed to load.
[May 31 09:26:52] WARNING[1] loader.c: Module 'res_adsi' has been loaded but may be removed in a future release.
[May 31 09:26:52] WARNING[1] loader.c: Module 'app_getcpeid' has been loaded but may be removed in a future release.
[May 31 09:26:52] WARNING[1] loader.c: Module 'app_adsiprog' has been loaded but may be removed in a future release.
[May 31 09:26:52] ERROR[1] loader.c: Error loading module 'format_ogg_vorbis.so': libvorbisenc.so.2: cannot open shared object file: No such file or directory
[May 31 09:26:52] ERROR[1] loader.c: cdr_pgsql declined to load.
[May 31 09:26:52] ERROR[1] loader.c: cdr_custom declined to load.
[May 31 09:26:52] ERROR[1] loader.c: cel_sqlite3_custom declined to load.
[May 31 09:26:52] ERROR[1] loader.c: cel_custom declined to load.
[May 31 09:26:52] ERROR[1] loader.c: cdr_sqlite3_custom declined to load.
[May 31 09:26:52] WARNING[24] pbx_config.c: users.conf is deprecated and will be removed in a future version of Asterisk
[May 31 09:33:14] Asterisk 22.9.0 built by root @ buildkitsandbox on a x86_64 running Linux on 2026-05-20 09:05:33 UTC
[May 31 09:33:14] NOTICE[1] loader.c: 339 modules will be loaded.
[May 31 09:33:15] NOTICE[1] res_config_ldap.c: No directory user found, anonymous binding as default.
[May 31 09:33:15] ERROR[1] res_config_ldap.c: No directory URL or host found.
[May 31 09:33:15] ERROR[1] res_config_ldap.c: Cannot load LDAP RealTime driver.
[May 31 09:33:15] WARNING[1] res_config_pgsql.c: PostgreSQL RealTime: No database user found, using 'asterisk' as default.
[May 31 09:33:15] WARNING[1] res_config_pgsql.c: PostgreSQL RealTime: No database password found, using 'asterisk' as default.
[May 31 09:33:15] WARNING[1] res_config_pgsql.c: PostgreSQL RealTime: No database host found, using localhost via socket.
[May 31 09:33:15] WARNING[1] res_config_pgsql.c: PostgreSQL RealTime: No database name found, using 'asterisk' as default.
[May 31 09:33:15] WARNING[1] res_config_pgsql.c: PostgreSQL RealTime: No database port found, using 5432 as default.
[May 31 09:33:15] WARNING[1] res_config_pgsql.c: PostgreSQL RealTime: No database socket found, using '/tmp/.s.PGSQL.5432' as default.
[May 31 09:33:15] ERROR[1] res_config_pgsql.c: PostgreSQL RealTime: Failed to connect database asterisk on : 
[May 31 09:33:15] WARNING[1] res_config_pgsql.c: PostgreSQL RealTime: Couldn't establish connection. Check debug.
[May 31 09:33:15] NOTICE[1] cdr.c: CDR simple logging enabled.
[May 31 09:33:15] WARNING[1] config.c: parse error: No category context for line 1 of /etc/asterisk/dsp.conf
[May 31 09:33:15] NOTICE[1] indications.c: Default country for indication tones: us
[May 31 09:33:15] NOTICE[1] indications.c: Setting default indication country to 'us'
[May 31 09:33:16] WARNING[1] res_musiconhold.c: No music on hold classes configured, disabling music on hold.
[May 31 09:33:16] NOTICE[1] res_smdi.c: No SMDI interfaces are available to listen on, not starting SMDI listener.
[May 31 09:33:16] WARNING[1] res_phoneprov.c: Unable to find a valid server address or name.
[May 31 09:33:17] NOTICE[1] confbridge/conf_config_parser.c: Adding default_menu menu to app_confbridge
[May 31 09:33:17] WARNING[1] cel_pgsql.c: CEL pgsql config file missing global section.
[May 31 09:33:17] NOTICE[1] cdr_pgsql.c: cdr_pgsql configuration contains no global section, skipping module load.
[May 31 09:33:17] NOTICE[1] cdrel_custom/config.c: cdr_custom.conf: Loaded 0 configs
[May 31 09:33:17] WARNING[1] config.c: parse error: No category context for line 64 of /etc/asterisk/cel_sqlite3_custom.conf
[May 31 09:33:17] ERROR[1] cdrel_custom/config.c: Unable to load cel_sqlite3_custom.conf. Not logging CELs to custom database
[May 31 09:33:17] NOTICE[1] cdrel_custom/config.c: cel_custom.conf: Loaded 0 configs
[May 31 09:33:17] NOTICE[1] cdrel_custom/config.c: cdr_sqlite3_custom.conf: Loaded 0 configs
[May 31 09:33:17] WARNING[1] ael/pval.c: Warning: file /etc/asterisk/extensions.ael, line 196-196: macro call to ael-dundi-e164 cannot be found in the AEL code!
[May 31 09:33:17] WARNING[1] ael/pval.c: Warning: file /etc/asterisk/extensions.ael, line 209-209: macro call to ael-dundi-e164 cannot be found in the AEL code!
[May 31 09:33:17] WARNING[1] ael/pval.c: Warning: file /etc/asterisk/extensions.ael, line 328-328: macro call to ael-std-exten-ael cannot be found in the AEL code!
[May 31 09:33:17] WARNING[1] loader.c: Some non-required modules failed to load.
[May 31 09:33:17] WARNING[1] loader.c: Module 'res_adsi' has been loaded but may be removed in a future release.
[May 31 09:33:17] WARNING[1] loader.c: Module 'app_getcpeid' has been loaded but may be removed in a future release.
[May 31 09:33:17] WARNING[1] loader.c: Module 'app_adsiprog' has been loaded but may be removed in a future release.
[May 31 09:33:18] ERROR[1] loader.c: Error loading module 'format_ogg_vorbis.so': libvorbisenc.so.2: cannot open shared object file: No such file or directory
[May 31 09:33:18] ERROR[1] loader.c: cdr_pgsql declined to load.
[May 31 09:33:18] ERROR[1] loader.c: cdr_custom declined to load.
[May 31 09:33:18] ERROR[1] loader.c: cel_sqlite3_custom declined to load.
[May 31 09:33:18] ERROR[1] loader.c: cel_custom declined to load.
[May 31 09:33:18] ERROR[1] loader.c: cdr_sqlite3_custom declined to load.
[May 31 09:33:18] WARNING[24] pbx_config.c: users.conf is deprecated and will be removed in a future version of Asterisk
[May 31 09:43:45] ERROR[44] cdr_csv.c: Unable to open file /var/log/asterisk//cdr-csv//Master.csv : No such file or directory
[May 31 09:43:45] WARNING[44] cdr_csv.c: Unable to write CSV record to master '/var/log/asterisk//cdr-csv//Master.csv' : No such file or directory
[May 31 09:51:32] WARNING[513] res_http_websocket.c: Web socket closed abruptly
[May 31 09:51:32] WARNING[513] ari/ari_websockets.c: WebSocket read error: Success
[May 31 09:51:44] WARNING[1515] stasis/app.c: Not creating context 'stasis-python' for Stasis application 'python' because it already exists
[May 31 09:56:33] ERROR[44] cdr_csv.c: Unable to open file /var/log/asterisk//cdr-csv//Master.csv : No such file or directory
[May 31 09:56:33] WARNING[44] cdr_csv.c: Unable to write CSV record to master '/var/log/asterisk//cdr-csv//Master.csv' : No such file or directory
[May 31 10:35:55] WARNING[1515] res_http_websocket.c: Web socket closed abruptly
[May 31 10:35:55] WARNING[1515] ari/ari_websockets.c: WebSocket read error: Success
[May 31 10:36:07] WARNING[4836] stasis/app.c: Not creating context 'stasis-python' for Stasis application 'python' because it already exists
[May 31 10:38:47] ERROR[44] cdr_csv.c: Unable to open file /var/log/asterisk//cdr-csv//Master.csv : No such file or directory
[May 31 10:38:47] WARNING[44] cdr_csv.c: Unable to write CSV record to master '/var/log/asterisk//cdr-csv//Master.csv' : No such file or directory
[May 31 10:40:39] ERROR[44] cdr_csv.c: Unable to open file /var/log/asterisk//cdr-csv//Master.csv : No such file or directory
[May 31 10:40:39] WARNING[44] cdr_csv.c: Unable to write CSV record to master '/var/log/asterisk//cdr-csv//Master.csv' : No such file or directory
[May 31 10:46:05] WARNING[4836] res_http_websocket.c: Web socket closed abruptly
[May 31 10:46:05] WARNING[4836] ari/ari_websockets.c: WebSocket read error: Success
[May 31 10:46:16] WARNING[5615] stasis/app.c: Not creating context 'stasis-python' for Stasis application 'python' because it already exists
[May 31 10:49:00] ERROR[44] cdr_csv.c: Unable to open file /var/log/asterisk//cdr-csv//Master.csv : No such file or directory
[May 31 10:49:00] WARNING[44] cdr_csv.c: Unable to write CSV record to master '/var/log/asterisk//cdr-csv//Master.csv' : No such file or directory
[May 31 10:53:51] ERROR[44] cdr_csv.c: Unable to open file /var/log/asterisk//cdr-csv//Master.csv : No such file or directory
[May 31 10:53:51] WARNING[44] cdr_csv.c: Unable to write CSV record to master '/var/log/asterisk//cdr-csv//Master.csv' : No such file or directory
[May 31 11:15:37] WARNING[5615] res_http_websocket.c: Web socket closed abruptly
[May 31 11:15:37] WARNING[5615] ari/ari_websockets.c: WebSocket read error: Success
[May 31 11:30:24] WARNING[8944] stasis/app.c: Not creating context 'stasis-python' for Stasis application 'python' because it already exists
[May 31 11:34:40] WARNING[8944] res_http_websocket.c: Web socket closed abruptly
[May 31 11:34:40] WARNING[8944] ari/ari_websockets.c: WebSocket read error: Success
[May 31 11:48:28] WARNING[10051] res_http_websocket.c: Web socket closed abruptly
[May 31 11:48:28] WARNING[10051] ari/ari_websockets.c: WebSocket read error: Success
[May 31 11:57:03] WARNING[10322] res_http_websocket.c: Web socket closed abruptly
[May 31 11:57:03] WARNING[10322] ari/ari_websockets.c: WebSocket read error: Success
[May 31 12:11:31] WARNING[10936] res_http_websocket.c: Web socket closed abruptly
[May 31 12:11:31] WARNING[10936] ari/ari_websockets.c: WebSocket read error: Success
[May 31 14:16:32] WARNING[12042] res_http_websocket.c: Web socket closed abruptly
[May 31 14:16:32] WARNING[12042] ari/ari_websockets.c: WebSocket read error: Success
[May 31 14:19:35] WARNING[21452] res_http_websocket.c: Web socket closed abruptly
[May 31 14:19:35] WARNING[21452] ari/ari_websockets.c: WebSocket read error: Success
[May 31 14:51:59] WARNING[21648] res_http_websocket.c: Web socket closed abruptly
[May 31 14:51:59] WARNING[21648] ari/ari_websockets.c: WebSocket read error: Success
[May 31 14:55:15] WARNING[24047] res_http_websocket.c: Web socket closed abruptly
[May 31 14:55:15] WARNING[24047] ari/ari_websockets.c: WebSocket read error: Success
[May 31 15:00:20] WARNING[24317] res_http_websocket.c: Web socket closed abruptly
[May 31 15:00:20] WARNING[24317] ari/ari_websockets.c: WebSocket read error: Success
[May 31 17:49:46] NOTICE[24703] ari/ari_websockets.c: Problem occurred during websocket write to 172.18.0.6:34246, websocket closed
[May 31 17:49:46] NOTICE[24703] ari/ari_websockets.c: Problem occurred during websocket write to 172.18.0.6:34246, websocket closed
[May 31 17:49:46] NOTICE[24703] ari/ari_websockets.c: Problem occurred during websocket write to 172.18.0.6:34246, websocket closed
[May 31 17:49:46] NOTICE[24703] ari/ari_websockets.c: Problem occurred during websocket write to 172.18.0.6:34246, websocket closed
[May 31 17:49:46] NOTICE[24703] ari/ari_websockets.c: Problem occurred during websocket write to 172.18.0.6:34246, websocket closed
[May 31 17:49:46] ERROR[44] cdr_csv.c: Unable to open file /var/log/asterisk//cdr-csv//Master.csv : No such file or directory
[May 31 17:49:46] WARNING[44] cdr_csv.c: Unable to write CSV record to master '/var/log/asterisk//cdr-csv//Master.csv' : No such file or directory
[May 31 17:49:46] ERROR[44] cdr_csv.c: Unable to open file /var/log/asterisk//cdr-csv//Master.csv : No such file or directory
[May 31 17:49:46] WARNING[44] cdr_csv.c: Unable to write CSV record to master '/var/log/asterisk//cdr-csv//Master.csv' : No such file or directory
[May 31 17:49:46] NOTICE[24] ari/ari_websockets.c: Problem occurred during websocket write to 172.18.0.6:34246, websocket closed
[May 31 17:49:46] NOTICE[24] ari/ari_websockets.c: Problem occurred during websocket write to 172.18.0.6:34246, websocket closed
[May 31 17:49:46] WARNING[24701] ari/ari_websockets.c: WebSocket read error: Software caused connection abort
[May 31 17:49:46] ERROR[44] cdr_csv.c: Unable to open file /var/log/asterisk//cdr-csv//Master.csv : No such file or directory
[May 31 17:49:46] WARNING[44] cdr_csv.c: Unable to write CSV record to master '/var/log/asterisk//cdr-csv//Master.csv' : No such file or directory
[May 31 17:49:46] ERROR[44] cdr_csv.c: Unable to open file /var/log/asterisk//cdr-csv//Master.csv : No such file or directory
[May 31 17:49:46] WARNING[44] cdr_csv.c: Unable to write CSV record to master '/var/log/asterisk//cdr-csv//Master.csv' : No such file or directory
[May 31 17:49:46] ERROR[44] cdr_csv.c: Unable to open file /var/log/asterisk//cdr-csv//Master.csv : No such file or directory
[May 31 17:49:46] WARNING[44] cdr_csv.c: Unable to write CSV record to master '/var/log/asterisk//cdr-csv//Master.csv' : No such file or directory
[May 31 17:49:46] ERROR[44] cdr_csv.c: Unable to open file /var/log/asterisk//cdr-csv//Master.csv : No such file or directory
[May 31 17:49:46] WARNING[44] cdr_csv.c: Unable to write CSV record to master '/var/log/asterisk//cdr-csv//Master.csv' : No such file or directory
[Jun  1 16:48:40] Asterisk 22.9.0 built by root @ buildkitsandbox on a x86_64 running Linux on 2026-05-20 09:05:33 UTC
[Jun  1 16:48:40] NOTICE[1] loader.c: 339 modules will be loaded.
[Jun  1 16:48:46] NOTICE[1] res_config_ldap.c: No directory user found, anonymous binding as default.
[Jun  1 16:48:46] ERROR[1] res_config_ldap.c: No directory URL or host found.
[Jun  1 16:48:46] ERROR[1] res_config_ldap.c: Cannot load LDAP RealTime driver.
[Jun  1 16:48:46] WARNING[1] res_config_pgsql.c: PostgreSQL RealTime: No database user found, using 'asterisk' as default.
[Jun  1 16:48:46] WARNING[1] res_config_pgsql.c: PostgreSQL RealTime: No database password found, using 'asterisk' as default.
[Jun  1 16:48:46] WARNING[1] res_config_pgsql.c: PostgreSQL RealTime: No database host found, using localhost via socket.
[Jun  1 16:48:46] WARNING[1] res_config_pgsql.c: PostgreSQL RealTime: No database name found, using 'asterisk' as default.
[Jun  1 16:48:46] WARNING[1] res_config_pgsql.c: PostgreSQL RealTime: No database port found, using 5432 as default.
[Jun  1 16:48:46] WARNING[1] res_config_pgsql.c: PostgreSQL RealTime: No database socket found, using '/tmp/.s.PGSQL.5432' as default.
[Jun  1 16:48:46] ERROR[1] res_config_pgsql.c: PostgreSQL RealTime: Failed to connect database asterisk on : 
[Jun  1 16:48:46] WARNING[1] res_config_pgsql.c: PostgreSQL RealTime: Couldn't establish connection. Check debug.
[Jun  1 16:48:47] NOTICE[1] cdr.c: CDR simple logging enabled.
[Jun  1 16:48:47] WARNING[1] config.c: parse error: No category context for line 1 of /etc/asterisk/dsp.conf
[Jun  1 16:48:47] NOTICE[1] indications.c: Default country for indication tones: us
[Jun  1 16:48:47] NOTICE[1] indications.c: Setting default indication country to 'us'
[Jun  1 16:48:47] WARNING[1] res_musiconhold.c: No music on hold classes configured, disabling music on hold.
[Jun  1 16:48:48] NOTICE[1] res_smdi.c: No SMDI interfaces are available to listen on, not starting SMDI listener.
[Jun  1 16:48:48] WARNING[1] res_phoneprov.c: Unable to find a valid server address or name.
[Jun  1 16:48:49] NOTICE[1] confbridge/conf_config_parser.c: Adding default_menu menu to app_confbridge
[Jun  1 16:48:49] WARNING[1] cel_pgsql.c: CEL pgsql config file missing global section.
[Jun  1 16:48:49] NOTICE[1] cdr_pgsql.c: cdr_pgsql configuration contains no global section, skipping module load.
[Jun  1 16:48:49] NOTICE[1] cdrel_custom/config.c: cdr_custom.conf: Loaded 0 configs
[Jun  1 16:48:49] WARNING[1] config.c: parse error: No category context for line 64 of /etc/asterisk/cel_sqlite3_custom.conf
[Jun  1 16:48:49] ERROR[1] cdrel_custom/config.c: Unable to load cel_sqlite3_custom.conf. Not logging CELs to custom database
[Jun  1 16:48:49] NOTICE[1] cdrel_custom/config.c: cel_custom.conf: Loaded 0 configs
[Jun  1 16:48:49] NOTICE[1] cdrel_custom/config.c: cdr_sqlite3_custom.conf: Loaded 0 configs
[Jun  1 16:48:49] WARNING[1] ael/pval.c: Warning: file /etc/asterisk/extensions.ael, line 196-196: macro call to ael-dundi-e164 cannot be found in the AEL code!
[Jun  1 16:48:49] WARNING[1] ael/pval.c: Warning: file /etc/asterisk/extensions.ael, line 209-209: macro call to ael-dundi-e164 cannot be found in the AEL code!
[Jun  1 16:48:49] WARNING[1] ael/pval.c: Warning: file /etc/asterisk/extensions.ael, line 328-328: macro call to ael-std-exten-ael cannot be found in the AEL code!
[Jun  1 16:48:49] WARNING[1] loader.c: Some non-required modules failed to load.
[Jun  1 16:48:49] WARNING[1] loader.c: Module 'res_adsi' has been loaded but may be removed in a future release.
[Jun  1 16:48:50] WARNING[1] loader.c: Module 'app_getcpeid' has been loaded but may be removed in a future release.
[Jun  1 16:48:50] WARNING[1] loader.c: Module 'app_adsiprog' has been loaded but may be removed in a future release.
[Jun  1 16:48:50] ERROR[1] loader.c: Error loading module 'format_ogg_vorbis.so': libvorbisenc.so.2: cannot open shared object file: No such file or directory
[Jun  1 16:48:50] ERROR[1] loader.c: cdr_pgsql declined to load.
[Jun  1 16:48:50] ERROR[1] loader.c: cdr_custom declined to load.
[Jun  1 16:48:50] ERROR[1] loader.c: cel_sqlite3_custom declined to load.
[Jun  1 16:48:50] ERROR[1] loader.c: cel_custom declined to load.
[Jun  1 16:48:50] ERROR[1] loader.c: cdr_sqlite3_custom declined to load.
[Jun  1 16:48:50] WARNING[30] pbx_config.c: users.conf is deprecated and will be removed in a future version of Asterisk
[Jun  1 17:01:27] WARNING[133] res_http_websocket.c: Web socket closed abruptly
[Jun  1 17:01:27] WARNING[133] ari/ari_websockets.c: WebSocket read error: Success
[Jun  1 17:02:36] Asterisk 22.9.0 built by root @ buildkitsandbox on a x86_64 running Linux on 2026-05-20 09:05:33 UTC
[Jun  1 17:02:36] NOTICE[1] loader.c: 339 modules will be loaded.
[Jun  1 17:02:36] NOTICE[1] res_config_ldap.c: No directory user found, anonymous binding as default.
[Jun  1 17:02:36] ERROR[1] res_config_ldap.c: No directory URL or host found.
[Jun  1 17:02:36] ERROR[1] res_config_ldap.c: Cannot load LDAP RealTime driver.
[Jun  1 17:02:36] WARNING[1] res_config_pgsql.c: PostgreSQL RealTime: No database user found, using 'asterisk' as default.
[Jun  1 17:02:36] WARNING[1] res_config_pgsql.c: PostgreSQL RealTime: No database password found, using 'asterisk' as default.
[Jun  1 17:02:36] WARNING[1] res_config_pgsql.c: PostgreSQL RealTime: No database host found, using localhost via socket.
[Jun  1 17:02:36] WARNING[1] res_config_pgsql.c: PostgreSQL RealTime: No database name found, using 'asterisk' as default.
[Jun  1 17:02:36] WARNING[1] res_config_pgsql.c: PostgreSQL RealTime: No database port found, using 5432 as default.
[Jun  1 17:02:36] WARNING[1] res_config_pgsql.c: PostgreSQL RealTime: No database socket found, using '/tmp/.s.PGSQL.5432' as default.
[Jun  1 17:02:36] ERROR[1] res_config_pgsql.c: PostgreSQL RealTime: Failed to connect database asterisk on : 
[Jun  1 17:02:36] WARNING[1] res_config_pgsql.c: PostgreSQL RealTime: Couldn't establish connection. Check debug.
[Jun  1 17:02:36] NOTICE[1] cdr.c: CDR simple logging enabled.
[Jun  1 17:02:36] NOTICE[1] indications.c: Default country for indication tones: us
[Jun  1 17:02:36] NOTICE[1] indications.c: Setting default indication country to 'us'
[Jun  1 17:02:37] WARNING[1] res_musiconhold.c: No music on hold classes configured, disabling music on hold.
[Jun  1 17:02:37] NOTICE[1] res_smdi.c: No SMDI interfaces are available to listen on, not starting SMDI listener.
[Jun  1 17:02:37] WARNING[1] res_phoneprov.c: Unable to find a valid server address or name.
[Jun  1 17:02:37] NOTICE[1] confbridge/conf_config_parser.c: Adding default_menu menu to app_confbridge
[Jun  1 17:02:37] WARNING[1] cel_pgsql.c: CEL pgsql config file missing global section.
[Jun  1 17:02:37] NOTICE[1] cdr_pgsql.c: cdr_pgsql configuration contains no global section, skipping module load.
[Jun  1 17:02:37] NOTICE[1] cdrel_custom/config.c: cdr_custom.conf: Loaded 0 configs
[Jun  1 17:02:37] WARNING[1] config.c: parse error: No category context for line 64 of /etc/asterisk/cel_sqlite3_custom.conf
[Jun  1 17:02:37] ERROR[1] cdrel_custom/config.c: Unable to load cel_sqlite3_custom.conf. Not logging CELs to custom database
[Jun  1 17:02:37] NOTICE[1] cdrel_custom/config.c: cel_custom.conf: Loaded 0 configs
[Jun  1 17:02:37] NOTICE[1] cdrel_custom/config.c: cdr_sqlite3_custom.conf: Loaded 0 configs
[Jun  1 17:02:37] WARNING[1] ael/pval.c: Warning: file /etc/asterisk/extensions.ael, line 196-196: macro call to ael-dundi-e164 cannot be found in the AEL code!
[Jun  1 17:02:37] WARNING[1] ael/pval.c: Warning: file /etc/asterisk/extensions.ael, line 209-209: macro call to ael-dundi-e164 cannot be found in the AEL code!
[Jun  1 17:02:37] WARNING[1] ael/pval.c: Warning: file /etc/asterisk/extensions.ael, line 328-328: macro call to ael-std-exten-ael cannot be found in the AEL code!
[Jun  1 17:02:37] WARNING[1] loader.c: Some non-required modules failed to load.
[Jun  1 17:02:37] WARNING[1] loader.c: Module 'res_adsi' has been loaded but may be removed in a future release.
[Jun  1 17:02:37] WARNING[1] loader.c: Module 'app_getcpeid' has been loaded but may be removed in a future release.
[Jun  1 17:02:37] WARNING[1] loader.c: Module 'app_adsiprog' has been loaded but may be removed in a future release.
[Jun  1 17:02:37] ERROR[1] loader.c: Error loading module 'format_ogg_vorbis.so': libvorbisenc.so.2: cannot open shared object file: No such file or directory
[Jun  1 17:02:37] ERROR[1] loader.c: cdr_pgsql declined to load.
[Jun  1 17:02:37] ERROR[1] loader.c: cdr_custom declined to load.
[Jun  1 17:02:37] ERROR[1] loader.c: cel_sqlite3_custom declined to load.
[Jun  1 17:02:37] ERROR[1] loader.c: cel_custom declined to load.
[Jun  1 17:02:37] ERROR[1] loader.c: cdr_sqlite3_custom declined to load.
[Jun  1 17:02:37] WARNING[32] pbx_config.c: users.conf is deprecated and will be removed in a future version of Asterisk
[Jun  1 17:19:15] Asterisk 22.9.0 built by root @ buildkitsandbox on a x86_64 running Linux on 2026-05-20 09:05:33 UTC
[Jun  1 17:19:15] NOTICE[1] loader.c: 339 modules will be loaded.
[Jun  1 17:19:15] NOTICE[1] res_config_ldap.c: No directory user found, anonymous binding as default.
[Jun  1 17:19:15] ERROR[1] res_config_ldap.c: No directory URL or host found.
[Jun  1 17:19:15] ERROR[1] res_config_ldap.c: Cannot load LDAP RealTime driver.
[Jun  1 17:19:15] WARNING[1] res_config_pgsql.c: PostgreSQL RealTime: No database user found, using 'asterisk' as default.
[Jun  1 17:19:15] WARNING[1] res_config_pgsql.c: PostgreSQL RealTime: No database password found, using 'asterisk' as default.
[Jun  1 17:19:15] WARNING[1] res_config_pgsql.c: PostgreSQL RealTime: No database host found, using localhost via socket.
[Jun  1 17:19:15] WARNING[1] res_config_pgsql.c: PostgreSQL RealTime: No database name found, using 'asterisk' as default.
[Jun  1 17:19:15] WARNING[1] res_config_pgsql.c: PostgreSQL RealTime: No database port found, using 5432 as default.
[Jun  1 17:19:15] WARNING[1] res_config_pgsql.c: PostgreSQL RealTime: No database socket found, using '/tmp/.s.PGSQL.5432' as default.
[Jun  1 17:19:15] ERROR[1] res_config_pgsql.c: PostgreSQL RealTime: Failed to connect database asterisk on : 
[Jun  1 17:19:15] WARNING[1] res_config_pgsql.c: PostgreSQL RealTime: Couldn't establish connection. Check debug.
[Jun  1 17:19:16] NOTICE[1] cdr.c: CDR simple logging enabled.
[Jun  1 17:19:16] NOTICE[1] indications.c: Default country for indication tones: us
[Jun  1 17:19:16] NOTICE[1] indications.c: Setting default indication country to 'us'
[Jun  1 17:19:16] WARNING[1] res_musiconhold.c: No music on hold classes configured, disabling music on hold.
[Jun  1 17:19:16] NOTICE[1] res_smdi.c: No SMDI interfaces are available to listen on, not starting SMDI listener.
[Jun  1 17:19:16] WARNING[1] res_phoneprov.c: Unable to find a valid server address or name.
[Jun  1 17:19:16] NOTICE[1] confbridge/conf_config_parser.c: Adding default_menu menu to app_confbridge
[Jun  1 17:19:16] WARNING[1] cel_pgsql.c: CEL pgsql config file missing global section.
[Jun  1 17:19:16] NOTICE[1] cdr_pgsql.c: cdr_pgsql configuration contains no global section, skipping module load.
[Jun  1 17:19:16] NOTICE[1] cdrel_custom/config.c: cdr_custom.conf: Loaded 0 configs
[Jun  1 17:19:16] WARNING[1] config.c: parse error: No category context for line 64 of /etc/asterisk/cel_sqlite3_custom.conf
[Jun  1 17:19:16] ERROR[1] cdrel_custom/config.c: Unable to load cel_sqlite3_custom.conf. Not logging CELs to custom database
[Jun  1 17:19:16] NOTICE[1] cdrel_custom/config.c: cel_custom.conf: Loaded 0 configs
[Jun  1 17:19:16] NOTICE[1] cdrel_custom/config.c: cdr_sqlite3_custom.conf: Loaded 0 configs
[Jun  1 17:19:16] WARNING[1] ael/pval.c: Warning: file /etc/asterisk/extensions.ael, line 196-196: macro call to ael-dundi-e164 cannot be found in the AEL code!
[Jun  1 17:19:16] WARNING[1] ael/pval.c: Warning: file /etc/asterisk/extensions.ael, line 209-209: macro call to ael-dundi-e164 cannot be found in the AEL code!
[Jun  1 17:19:16] WARNING[1] ael/pval.c: Warning: file /etc/asterisk/extensions.ael, line 328-328: macro call to ael-std-exten-ael cannot be found in the AEL code!
[Jun  1 17:19:16] WARNING[1] loader.c: Some non-required modules failed to load.
[Jun  1 17:19:16] WARNING[1] loader.c: Module 'res_adsi' has been loaded but may be removed in a future release.
[Jun  1 17:19:17] WARNING[1] loader.c: Module 'app_getcpeid' has been loaded but may be removed in a future release.
[Jun  1 17:19:17] WARNING[1] loader.c: Module 'app_adsiprog' has been loaded but may be removed in a future release.
[Jun  1 17:19:17] ERROR[1] loader.c: Error loading module 'format_ogg_vorbis.so': libvorbisenc.so.2: cannot open shared object file: No such file or directory
[Jun  1 17:19:17] ERROR[1] loader.c: cdr_pgsql declined to load.
[Jun  1 17:19:17] ERROR[1] loader.c: cdr_custom declined to load.
[Jun  1 17:19:17] ERROR[1] loader.c: cel_sqlite3_custom declined to load.
[Jun  1 17:19:17] ERROR[1] loader.c: cel_custom declined to load.
[Jun  1 17:19:17] ERROR[1] loader.c: cdr_sqlite3_custom declined to load.
[Jun  1 17:19:17] WARNING[25] pbx_config.c: users.conf is deprecated and will be removed in a future version of Asterisk
[Jun  1 17:23:59] WARNING[135] res_http_websocket.c: Web socket closed abruptly
[Jun  1 17:23:59] WARNING[135] ari/ari_websockets.c: WebSocket read error: Success
[Jun  1 17:24:47] Asterisk 22.9.0 built by root @ buildkitsandbox on a x86_64 running Linux on 2026-05-20 09:05:33 UTC
[Jun  1 17:24:47] NOTICE[1] loader.c: 339 modules will be loaded.
[Jun  1 17:24:48] NOTICE[1] res_config_ldap.c: No directory user found, anonymous binding as default.
[Jun  1 17:24:48] ERROR[1] res_config_ldap.c: No directory URL or host found.
[Jun  1 17:24:48] ERROR[1] res_config_ldap.c: Cannot load LDAP RealTime driver.
[Jun  1 17:24:48] WARNING[1] res_config_pgsql.c: PostgreSQL RealTime: No database user found, using 'asterisk' as default.
[Jun  1 17:24:48] WARNING[1] res_config_pgsql.c: PostgreSQL RealTime: No database password found, using 'asterisk' as default.
[Jun  1 17:24:48] WARNING[1] res_config_pgsql.c: PostgreSQL RealTime: No database host found, using localhost via socket.
[Jun  1 17:24:48] WARNING[1] res_config_pgsql.c: PostgreSQL RealTime: No database name found, using 'asterisk' as default.
[Jun  1 17:24:48] WARNING[1] res_config_pgsql.c: PostgreSQL RealTime: No database port found, using 5432 as default.
[Jun  1 17:24:48] WARNING[1] res_config_pgsql.c: PostgreSQL RealTime: No database socket found, using '/tmp/.s.PGSQL.5432' as default.
[Jun  1 17:24:48] ERROR[1] res_config_pgsql.c: PostgreSQL RealTime: Failed to connect database asterisk on : 
[Jun  1 17:24:48] WARNING[1] res_config_pgsql.c: PostgreSQL RealTime: Couldn't establish connection. Check debug.
[Jun  1 17:24:48] NOTICE[1] cdr.c: CDR simple logging enabled.
[Jun  1 17:24:48] NOTICE[1] indications.c: Default country for indication tones: us
[Jun  1 17:24:48] NOTICE[1] indications.c: Setting default indication country to 'us'
[Jun  1 17:24:48] WARNING[1] res_musiconhold.c: No music on hold classes configured, disabling music on hold.
[Jun  1 17:24:48] NOTICE[1] res_smdi.c: No SMDI interfaces are available to listen on, not starting SMDI listener.
[Jun  1 17:24:48] WARNING[1] res_phoneprov.c: Unable to find a valid server address or name.
[Jun  1 17:24:49] NOTICE[1] confbridge/conf_config_parser.c: Adding default_menu menu to app_confbridge
[Jun  1 17:24:49] WARNING[1] cel_pgsql.c: CEL pgsql config file missing global section.
[Jun  1 17:24:49] NOTICE[1] cdr_pgsql.c: cdr_pgsql configuration contains no global section, skipping module load.
[Jun  1 17:24:49] NOTICE[1] cdrel_custom/config.c: cdr_custom.conf: Loaded 0 configs
[Jun  1 17:24:49] WARNING[1] config.c: parse error: No category context for line 64 of /etc/asterisk/cel_sqlite3_custom.conf
[Jun  1 17:24:49] ERROR[1] cdrel_custom/config.c: Unable to load cel_sqlite3_custom.conf. Not logging CELs to custom database
[Jun  1 17:24:49] NOTICE[1] cdrel_custom/config.c: cel_custom.conf: Loaded 0 configs
[Jun  1 17:24:49] NOTICE[1] cdrel_custom/config.c: cdr_sqlite3_custom.conf: Loaded 0 configs
[Jun  1 17:24:49] WARNING[1] ael/pval.c: Warning: file /etc/asterisk/extensions.ael, line 196-196: macro call to ael-dundi-e164 cannot be found in the AEL code!
[Jun  1 17:24:49] WARNING[1] ael/pval.c: Warning: file /etc/asterisk/extensions.ael, line 209-209: macro call to ael-dundi-e164 cannot be found in the AEL code!
[Jun  1 17:24:49] WARNING[1] ael/pval.c: Warning: file /etc/asterisk/extensions.ael, line 328-328: macro call to ael-std-exten-ael cannot be found in the AEL code!
[Jun  1 17:24:49] WARNING[1] loader.c: Some non-required modules failed to load.
[Jun  1 17:24:49] WARNING[1] loader.c: Module 'res_adsi' has been loaded but may be removed in a future release.
[Jun  1 17:24:49] WARNING[1] loader.c: Module 'app_getcpeid' has been loaded but may be removed in a future release.
[Jun  1 17:24:49] WARNING[1] loader.c: Module 'app_adsiprog' has been loaded but may be removed in a future release.
[Jun  1 17:24:49] ERROR[1] loader.c: Error loading module 'format_ogg_vorbis.so': libvorbisenc.so.2: cannot open shared object file: No such file or directory
[Jun  1 17:24:49] ERROR[1] loader.c: cdr_pgsql declined to load.
[Jun  1 17:24:49] ERROR[1] loader.c: cdr_custom declined to load.
[Jun  1 17:24:49] ERROR[1] loader.c: cel_sqlite3_custom declined to load.
[Jun  1 17:24:49] ERROR[1] loader.c: cel_custom declined to load.
[Jun  1 17:24:49] ERROR[1] loader.c: cdr_sqlite3_custom declined to load.
[Jun  1 17:24:49] WARNING[24] pbx_config.c: users.conf is deprecated and will be removed in a future version of Asterisk
[Jun  1 17:28:07] Asterisk 22.9.0 built by root @ buildkitsandbox on a x86_64 running Linux on 2026-05-20 09:05:33 UTC
[Jun  1 17:28:07] NOTICE[1] loader.c: 339 modules will be loaded.
[Jun  1 17:28:07] NOTICE[1] res_config_ldap.c: No directory user found, anonymous binding as default.
[Jun  1 17:28:07] ERROR[1] res_config_ldap.c: No directory URL or host found.
[Jun  1 17:28:07] ERROR[1] res_config_ldap.c: Cannot load LDAP RealTime driver.
[Jun  1 17:28:07] WARNING[1] res_config_pgsql.c: PostgreSQL RealTime: No database user found, using 'asterisk' as default.
[Jun  1 17:28:07] WARNING[1] res_config_pgsql.c: PostgreSQL RealTime: No database password found, using 'asterisk' as default.
[Jun  1 17:28:07] WARNING[1] res_config_pgsql.c: PostgreSQL RealTime: No database host found, using localhost via socket.
[Jun  1 17:28:07] WARNING[1] res_config_pgsql.c: PostgreSQL RealTime: No database name found, using 'asterisk' as default.
[Jun  1 17:28:07] WARNING[1] res_config_pgsql.c: PostgreSQL RealTime: No database port found, using 5432 as default.
[Jun  1 17:28:07] WARNING[1] res_config_pgsql.c: PostgreSQL RealTime: No database socket found, using '/tmp/.s.PGSQL.5432' as default.
[Jun  1 17:28:07] ERROR[1] res_config_pgsql.c: PostgreSQL RealTime: Failed to connect database asterisk on : 
[Jun  1 17:28:07] WARNING[1] res_config_pgsql.c: PostgreSQL RealTime: Couldn't establish connection. Check debug.
[Jun  1 17:28:07] NOTICE[1] cdr.c: CDR simple logging enabled.
[Jun  1 17:28:07] NOTICE[1] indications.c: Default country for indication tones: us
[Jun  1 17:28:07] NOTICE[1] indications.c: Setting default indication country to 'us'
[Jun  1 17:28:08] WARNING[1] res_musiconhold.c: No music on hold classes configured, disabling music on hold.
[Jun  1 17:28:08] NOTICE[1] res_smdi.c: No SMDI interfaces are available to listen on, not starting SMDI listener.
[Jun  1 17:28:08] WARNING[1] res_phoneprov.c: Unable to find a valid server address or name.
[Jun  1 17:28:08] NOTICE[1] confbridge/conf_config_parser.c: Adding default_menu menu to app_confbridge
[Jun  1 17:28:08] WARNING[1] cel_pgsql.c: CEL pgsql config file missing global section.
[Jun  1 17:28:08] NOTICE[1] cdr_pgsql.c: cdr_pgsql configuration contains no global section, skipping module load.
[Jun  1 17:28:08] NOTICE[1] cdrel_custom/config.c: cdr_custom.conf: Loaded 0 configs
[Jun  1 17:28:08] WARNING[1] config.c: parse error: No category context for line 64 of /etc/asterisk/cel_sqlite3_custom.conf
[Jun  1 17:28:08] ERROR[1] cdrel_custom/config.c: Unable to load cel_sqlite3_custom.conf. Not logging CELs to custom database
[Jun  1 17:28:08] NOTICE[1] cdrel_custom/config.c: cel_custom.conf: Loaded 0 configs
[Jun  1 17:28:08] NOTICE[1] cdrel_custom/config.c: cdr_sqlite3_custom.conf: Loaded 0 configs
[Jun  1 17:28:08] WARNING[1] ael/pval.c: Warning: file /etc/asterisk/extensions.ael, line 196-196: macro call to ael-dundi-e164 cannot be found in the AEL code!
[Jun  1 17:28:08] WARNING[1] ael/pval.c: Warning: file /etc/asterisk/extensions.ael, line 209-209: macro call to ael-dundi-e164 cannot be found in the AEL code!
[Jun  1 17:28:08] WARNING[1] ael/pval.c: Warning: file /etc/asterisk/extensions.ael, line 328-328: macro call to ael-std-exten-ael cannot be found in the AEL code!
[Jun  1 17:28:08] WARNING[1] loader.c: Some non-required modules failed to load.
[Jun  1 17:28:08] WARNING[1] loader.c: Module 'res_adsi' has been loaded but may be removed in a future release.
[Jun  1 17:28:08] WARNING[1] loader.c: Module 'app_getcpeid' has been loaded but may be removed in a future release.
[Jun  1 17:28:08] WARNING[1] loader.c: Module 'app_adsiprog' has been loaded but may be removed in a future release.
[Jun  1 17:28:08] ERROR[1] loader.c: Error loading module 'format_ogg_vorbis.so': libvorbisenc.so.2: cannot open shared object file: No such file or directory
[Jun  1 17:28:08] ERROR[1] loader.c: cdr_pgsql declined to load.
[Jun  1 17:28:08] ERROR[1] loader.c: cdr_custom declined to load.
[Jun  1 17:28:08] ERROR[1] loader.c: cel_sqlite3_custom declined to load.
[Jun  1 17:28:08] ERROR[1] loader.c: cel_custom declined to load.
[Jun  1 17:28:08] ERROR[1] loader.c: cdr_sqlite3_custom declined to load.
[Jun  1 17:28:08] WARNING[26] pbx_config.c: users.conf is deprecated and will be removed in a future version of Asterisk
[Jun  1 17:31:12] Asterisk 22.9.0 built by root @ buildkitsandbox on a x86_64 running Linux on 2026-05-20 09:05:33 UTC
[Jun  1 17:31:12] NOTICE[1] loader.c: 339 modules will be loaded.
[Jun  1 17:31:12] NOTICE[1] res_config_ldap.c: No directory user found, anonymous binding as default.
[Jun  1 17:31:12] ERROR[1] res_config_ldap.c: No directory URL or host found.
[Jun  1 17:31:12] ERROR[1] res_config_ldap.c: Cannot load LDAP RealTime driver.
[Jun  1 17:31:12] WARNING[1] res_config_pgsql.c: PostgreSQL RealTime: No database user found, using 'asterisk' as default.
[Jun  1 17:31:12] WARNING[1] res_config_pgsql.c: PostgreSQL RealTime: No database password found, using 'asterisk' as default.
[Jun  1 17:31:12] WARNING[1] res_config_pgsql.c: PostgreSQL RealTime: No database host found, using localhost via socket.
[Jun  1 17:31:12] WARNING[1] res_config_pgsql.c: PostgreSQL RealTime: No database name found, using 'asterisk' as default.
[Jun  1 17:31:12] WARNING[1] res_config_pgsql.c: PostgreSQL RealTime: No database port found, using 5432 as default.
[Jun  1 17:31:12] WARNING[1] res_config_pgsql.c: PostgreSQL RealTime: No database socket found, using '/tmp/.s.PGSQL.5432' as default.
[Jun  1 17:31:12] ERROR[1] res_config_pgsql.c: PostgreSQL RealTime: Failed to connect database asterisk on : 
[Jun  1 17:31:12] WARNING[1] res_config_pgsql.c: PostgreSQL RealTime: Couldn't establish connection. Check debug.
[Jun  1 17:31:12] NOTICE[1] cdr.c: CDR simple logging enabled.
[Jun  1 17:31:13] NOTICE[1] indications.c: Default country for indication tones: us
[Jun  1 17:31:13] NOTICE[1] indications.c: Setting default indication country to 'us'
[Jun  1 17:31:13] WARNING[1] res_musiconhold.c: No music on hold classes configured, disabling music on hold.
[Jun  1 17:31:13] NOTICE[1] res_smdi.c: No SMDI interfaces are available to listen on, not starting SMDI listener.
[Jun  1 17:31:13] WARNING[1] res_phoneprov.c: Unable to find a valid server address or name.
[Jun  1 17:31:13] NOTICE[1] confbridge/conf_config_parser.c: Adding default_menu menu to app_confbridge
[Jun  1 17:31:13] WARNING[1] cel_pgsql.c: CEL pgsql config file missing global section.
[Jun  1 17:31:13] NOTICE[1] cdr_pgsql.c: cdr_pgsql configuration contains no global section, skipping module load.
[Jun  1 17:31:13] NOTICE[1] cdrel_custom/config.c: cdr_custom.conf: Loaded 0 configs
[Jun  1 17:31:13] WARNING[1] config.c: parse error: No category context for line 64 of /etc/asterisk/cel_sqlite3_custom.conf
[Jun  1 17:31:13] ERROR[1] cdrel_custom/config.c: Unable to load cel_sqlite3_custom.conf. Not logging CELs to custom database
[Jun  1 17:31:13] NOTICE[1] cdrel_custom/config.c: cel_custom.conf: Loaded 0 configs
[Jun  1 17:31:13] NOTICE[1] cdrel_custom/config.c: cdr_sqlite3_custom.conf: Loaded 0 configs
[Jun  1 17:31:14] WARNING[1] ael/pval.c: Warning: file /etc/asterisk/extensions.ael, line 196-196: macro call to ael-dundi-e164 cannot be found in the AEL code!
[Jun  1 17:31:14] WARNING[1] ael/pval.c: Warning: file /etc/asterisk/extensions.ael, line 209-209: macro call to ael-dundi-e164 cannot be found in the AEL code!
[Jun  1 17:31:14] WARNING[1] ael/pval.c: Warning: file /etc/asterisk/extensions.ael, line 328-328: macro call to ael-std-exten-ael cannot be found in the AEL code!
[Jun  1 17:31:14] WARNING[1] loader.c: Some non-required modules failed to load.
[Jun  1 17:31:14] WARNING[1] loader.c: Module 'res_adsi' has been loaded but may be removed in a future release.
[Jun  1 17:31:14] WARNING[1] loader.c: Module 'app_getcpeid' has been loaded but may be removed in a future release.
[Jun  1 17:31:14] WARNING[1] loader.c: Module 'app_adsiprog' has been loaded but may be removed in a future release.
[Jun  1 17:31:14] ERROR[1] loader.c: Error loading module 'format_ogg_vorbis.so': libvorbisenc.so.2: cannot open shared object file: No such file or directory
[Jun  1 17:31:14] ERROR[1] loader.c: cdr_pgsql declined to load.
[Jun  1 17:31:14] ERROR[1] loader.c: cdr_custom declined to load.
[Jun  1 17:31:14] ERROR[1] loader.c: cel_sqlite3_custom declined to load.
[Jun  1 17:31:14] ERROR[1] loader.c: cel_custom declined to load.
[Jun  1 17:31:14] ERROR[1] loader.c: cdr_sqlite3_custom declined to load.
[Jun  1 17:31:14] WARNING[26] pbx_config.c: users.conf is deprecated and will be removed in a future version of Asterisk
[Jun  1 17:38:03] WARNING[133] res_http_websocket.c: Web socket closed abruptly
[Jun  1 17:38:03] WARNING[133] ari/ari_websockets.c: WebSocket read error: Success
[Jun  1 17:38:04] WARNING[175] res_http_websocket.c: Web socket closed abruptly
[Jun  1 17:38:04] WARNING[175] ari/ari_websockets.c: WebSocket read error: Success
[Jun  1 17:39:03] Asterisk 22.9.0 built by root @ buildkitsandbox on a x86_64 running Linux on 2026-05-20 09:05:33 UTC
[Jun  1 17:39:03] NOTICE[1] loader.c: 339 modules will be loaded.
[Jun  1 17:39:03] NOTICE[1] res_config_ldap.c: No directory user found, anonymous binding as default.
[Jun  1 17:39:03] ERROR[1] res_config_ldap.c: No directory URL or host found.
[Jun  1 17:39:03] ERROR[1] res_config_ldap.c: Cannot load LDAP RealTime driver.
[Jun  1 17:39:03] WARNING[1] res_config_pgsql.c: PostgreSQL RealTime: No database user found, using 'asterisk' as default.
[Jun  1 17:39:03] WARNING[1] res_config_pgsql.c: PostgreSQL RealTime: No database password found, using 'asterisk' as default.
[Jun  1 17:39:03] WARNING[1] res_config_pgsql.c: PostgreSQL RealTime: No database host found, using localhost via socket.
[Jun  1 17:39:03] WARNING[1] res_config_pgsql.c: PostgreSQL RealTime: No database name found, using 'asterisk' as default.
[Jun  1 17:39:03] WARNING[1] res_config_pgsql.c: PostgreSQL RealTime: No database port found, using 5432 as default.
[Jun  1 17:39:03] WARNING[1] res_config_pgsql.c: PostgreSQL RealTime: No database socket found, using '/tmp/.s.PGSQL.5432' as default.
[Jun  1 17:39:03] ERROR[1] res_config_pgsql.c: PostgreSQL RealTime: Failed to connect database asterisk on : 
[Jun  1 17:39:03] WARNING[1] res_config_pgsql.c: PostgreSQL RealTime: Couldn't establish connection. Check debug.
[Jun  1 17:39:03] NOTICE[1] cdr.c: CDR simple logging enabled.
[Jun  1 17:39:03] NOTICE[1] indications.c: Default country for indication tones: us
[Jun  1 17:39:03] NOTICE[1] indications.c: Setting default indication country to 'us'
[Jun  1 17:39:03] WARNING[1] res_musiconhold.c: No music on hold classes configured, disabling music on hold.
[Jun  1 17:39:03] NOTICE[1] res_smdi.c: No SMDI interfaces are available to listen on, not starting SMDI listener.
[Jun  1 17:39:03] WARNING[1] res_phoneprov.c: Unable to find a valid server address or name.
[Jun  1 17:39:04] NOTICE[1] confbridge/conf_config_parser.c: Adding default_menu menu to app_confbridge
[Jun  1 17:39:04] WARNING[1] cel_pgsql.c: CEL pgsql config file missing global section.
[Jun  1 17:39:04] NOTICE[1] cdr_pgsql.c: cdr_pgsql configuration contains no global section, skipping module load.
[Jun  1 17:39:04] NOTICE[1] cdrel_custom/config.c: cdr_custom.conf: Loaded 0 configs
[Jun  1 17:39:04] WARNING[1] config.c: parse error: No category context for line 64 of /etc/asterisk/cel_sqlite3_custom.conf
[Jun  1 17:39:04] ERROR[1] cdrel_custom/config.c: Unable to load cel_sqlite3_custom.conf. Not logging CELs to custom database
[Jun  1 17:39:04] NOTICE[1] cdrel_custom/config.c: cel_custom.conf: Loaded 0 configs
[Jun  1 17:39:04] NOTICE[1] cdrel_custom/config.c: cdr_sqlite3_custom.conf: Loaded 0 configs
[Jun  1 17:39:04] WARNING[1] ael/pval.c: Warning: file /etc/asterisk/extensions.ael, line 196-196: macro call to ael-dundi-e164 cannot be found in the AEL code!
[Jun  1 17:39:04] WARNING[1] ael/pval.c: Warning: file /etc/asterisk/extensions.ael, line 209-209: macro call to ael-dundi-e164 cannot be found in the AEL code!
[Jun  1 17:39:04] WARNING[1] ael/pval.c: Warning: file /etc/asterisk/extensions.ael, line 328-328: macro call to ael-std-exten-ael cannot be found in the AEL code!
[Jun  1 17:39:04] WARNING[1] loader.c: Some non-required modules failed to load.
[Jun  1 17:39:04] WARNING[1] loader.c: Module 'res_adsi' has been loaded but may be removed in a future release.
[Jun  1 17:39:04] WARNING[1] loader.c: Module 'app_getcpeid' has been loaded but may be removed in a future release.
[Jun  1 17:39:04] WARNING[1] loader.c: Module 'app_adsiprog' has been loaded but may be removed in a future release.
[Jun  1 17:39:04] ERROR[1] loader.c: Error loading module 'format_ogg_vorbis.so': libvorbisenc.so.2: cannot open shared object file: No such file or directory
[Jun  1 17:39:04] ERROR[1] loader.c: cdr_pgsql declined to load.
[Jun  1 17:39:04] ERROR[1] loader.c: cdr_custom declined to load.
[Jun  1 17:39:04] ERROR[1] loader.c: cel_sqlite3_custom declined to load.
[Jun  1 17:39:04] ERROR[1] loader.c: cel_custom declined to load.
[Jun  1 17:39:04] ERROR[1] loader.c: cdr_sqlite3_custom declined to load.
[Jun  1 17:39:04] WARNING[24] pbx_config.c: users.conf is deprecated and will be removed in a future version of Asterisk
[Jun  1 17:39:15] WARNING[134] res_http_websocket.c: Web socket closed abruptly
[Jun  1 17:39:15] WARNING[134] ari/ari_websockets.c: WebSocket read error: Success
[Jun  1 17:39:27] WARNING[138] res_http_websocket.c: Web socket closed abruptly
[Jun  1 17:39:27] WARNING[138] ari/ari_websockets.c: WebSocket read error: Success
[Jun  1 17:39:36] WARNING[142] res_http_websocket.c: Web socket closed abruptly
[Jun  1 17:39:36] WARNING[142] ari/ari_websockets.c: WebSocket read error: Success
[Jun  1 17:39:48] WARNING[185] res_http_websocket.c: Web socket closed abruptly
[Jun  1 17:39:48] WARNING[185] ari/ari_websockets.c: WebSocket read error: Success
[Jun  1 17:39:58] WARNING[189] res_http_websocket.c: Web socket closed abruptly
[Jun  1 17:39:58] WARNING[189] ari/ari_websockets.c: WebSocket read error: Success
[Jun  1 17:40:10] WARNING[231] res_http_websocket.c: Web socket closed abruptly
[Jun  1 17:40:10] WARNING[231] ari/ari_websockets.c: WebSocket read error: Success
[Jun  1 17:40:20] WARNING[235] res_http_websocket.c: Web socket closed abruptly
[Jun  1 17:40:20] WARNING[235] ari/ari_websockets.c: WebSocket read error: Success
[Jun  1 17:41:42] Asterisk 22.9.0 built by root @ buildkitsandbox on a x86_64 running Linux on 2026-05-20 09:05:33 UTC
[Jun  1 17:41:42] NOTICE[1] loader.c: 339 modules will be loaded.
[Jun  1 17:41:42] NOTICE[1] res_config_ldap.c: No directory user found, anonymous binding as default.
[Jun  1 17:41:42] ERROR[1] res_config_ldap.c: No directory URL or host found.
[Jun  1 17:41:42] ERROR[1] res_config_ldap.c: Cannot load LDAP RealTime driver.
[Jun  1 17:41:42] WARNING[1] res_config_pgsql.c: PostgreSQL RealTime: No database user found, using 'asterisk' as default.
[Jun  1 17:41:42] WARNING[1] res_config_pgsql.c: PostgreSQL RealTime: No database password found, using 'asterisk' as default.
[Jun  1 17:41:42] WARNING[1] res_config_pgsql.c: PostgreSQL RealTime: No database host found, using localhost via socket.
[Jun  1 17:41:42] WARNING[1] res_config_pgsql.c: PostgreSQL RealTime: No database name found, using 'asterisk' as default.
[Jun  1 17:41:42] WARNING[1] res_config_pgsql.c: PostgreSQL RealTime: No database port found, using 5432 as default.
[Jun  1 17:41:42] WARNING[1] res_config_pgsql.c: PostgreSQL RealTime: No database socket found, using '/tmp/.s.PGSQL.5432' as default.
[Jun  1 17:41:42] ERROR[1] res_config_pgsql.c: PostgreSQL RealTime: Failed to connect database asterisk on : 
[Jun  1 17:41:42] WARNING[1] res_config_pgsql.c: PostgreSQL RealTime: Couldn't establish connection. Check debug.
[Jun  1 17:41:42] NOTICE[1] cdr.c: CDR simple logging enabled.
[Jun  1 17:41:42] NOTICE[1] indications.c: Default country for indication tones: us
[Jun  1 17:41:42] NOTICE[1] indications.c: Setting default indication country to 'us'
[Jun  1 17:41:43] WARNING[1] res_musiconhold.c: No music on hold classes configured, disabling music on hold.
[Jun  1 17:41:43] NOTICE[1] res_smdi.c: No SMDI interfaces are available to listen on, not starting SMDI listener.
[Jun  1 17:41:43] WARNING[1] res_phoneprov.c: Unable to find a valid server address or name.
[Jun  1 17:41:43] NOTICE[1] confbridge/conf_config_parser.c: Adding default_menu menu to app_confbridge
[Jun  1 17:41:43] WARNING[1] cel_pgsql.c: CEL pgsql config file missing global section.
[Jun  1 17:41:43] NOTICE[1] cdr_pgsql.c: cdr_pgsql configuration contains no global section, skipping module load.
[Jun  1 17:41:43] NOTICE[1] cdrel_custom/config.c: cdr_custom.conf: Loaded 0 configs
[Jun  1 17:41:43] WARNING[1] config.c: parse error: No category context for line 64 of /etc/asterisk/cel_sqlite3_custom.conf
[Jun  1 17:41:43] ERROR[1] cdrel_custom/config.c: Unable to load cel_sqlite3_custom.conf. Not logging CELs to custom database
[Jun  1 17:41:43] NOTICE[1] cdrel_custom/config.c: cel_custom.conf: Loaded 0 configs
[Jun  1 17:41:43] NOTICE[1] cdrel_custom/config.c: cdr_sqlite3_custom.conf: Loaded 0 configs
[Jun  1 17:41:44] WARNING[1] ael/pval.c: Warning: file /etc/asterisk/extensions.ael, line 196-196: macro call to ael-dundi-e164 cannot be found in the AEL code!
[Jun  1 17:41:44] WARNING[1] ael/pval.c: Warning: file /etc/asterisk/extensions.ael, line 209-209: macro call to ael-dundi-e164 cannot be found in the AEL code!
[Jun  1 17:41:44] WARNING[1] ael/pval.c: Warning: file /etc/asterisk/extensions.ael, line 328-328: macro call to ael-std-exten-ael cannot be found in the AEL code!
[Jun  1 17:41:44] WARNING[1] loader.c: Some non-required modules failed to load.
[Jun  1 17:41:44] WARNING[1] loader.c: Module 'res_adsi' has been loaded but may be removed in a future release.
[Jun  1 17:41:44] WARNING[1] loader.c: Module 'app_getcpeid' has been loaded but may be removed in a future release.
[Jun  1 17:41:44] WARNING[1] loader.c: Module 'app_adsiprog' has been loaded but may be removed in a future release.
[Jun  1 17:41:44] ERROR[1] loader.c: Error loading module 'format_ogg_vorbis.so': libvorbisenc.so.2: cannot open shared object file: No such file or directory
[Jun  1 17:41:44] ERROR[1] loader.c: cdr_pgsql declined to load.
[Jun  1 17:41:44] ERROR[1] loader.c: cdr_custom declined to load.
[Jun  1 17:41:44] ERROR[1] loader.c: cel_sqlite3_custom declined to load.
[Jun  1 17:41:44] ERROR[1] loader.c: cel_custom declined to load.
[Jun  1 17:41:44] ERROR[1] loader.c: cdr_sqlite3_custom declined to load.
[Jun  1 17:41:44] WARNING[25] pbx_config.c: users.conf is deprecated and will be removed in a future version of Asterisk
[Jun  1 17:43:43] WARNING[176] res_http_websocket.c: Web socket closed abruptly
[Jun  1 17:43:43] WARNING[176] ari/ari_websockets.c: WebSocket read error: Success
[Jun  1 17:44:01] WARNING[134] res_http_websocket.c: Web socket closed abruptly
[Jun  1 17:44:01] WARNING[134] ari/ari_websockets.c: WebSocket read error: Success
[Jun  1 17:45:44] WARNING[372] res_http_websocket.c: Web socket closed abruptly
[Jun  1 17:45:44] WARNING[372] ari/ari_websockets.c: WebSocket read error: Success
[Jun  1 17:45:44] WARNING[292] res_http_websocket.c: Web socket closed abruptly
[Jun  1 17:45:44] WARNING[292] ari/ari_websockets.c: WebSocket read error: Success
[Jun  1 17:48:56] Asterisk 22.9.0 built by root @ buildkitsandbox on a x86_64 running Linux on 2026-05-20 09:05:33 UTC
[Jun  1 17:48:56] NOTICE[1] loader.c: 339 modules will be loaded.
[Jun  1 17:48:56] NOTICE[1] res_config_ldap.c: No directory user found, anonymous binding as default.
[Jun  1 17:48:56] ERROR[1] res_config_ldap.c: No directory URL or host found.
[Jun  1 17:48:56] ERROR[1] res_config_ldap.c: Cannot load LDAP RealTime driver.
[Jun  1 17:48:56] WARNING[1] res_config_pgsql.c: PostgreSQL RealTime: No database user found, using 'asterisk' as default.
[Jun  1 17:48:56] WARNING[1] res_config_pgsql.c: PostgreSQL RealTime: No database password found, using 'asterisk' as default.
[Jun  1 17:48:56] WARNING[1] res_config_pgsql.c: PostgreSQL RealTime: No database host found, using localhost via socket.
[Jun  1 17:48:56] WARNING[1] res_config_pgsql.c: PostgreSQL RealTime: No database name found, using 'asterisk' as default.
[Jun  1 17:48:56] WARNING[1] res_config_pgsql.c: PostgreSQL RealTime: No database port found, using 5432 as default.
[Jun  1 17:48:56] WARNING[1] res_config_pgsql.c: PostgreSQL RealTime: No database socket found, using '/tmp/.s.PGSQL.5432' as default.
[Jun  1 17:48:56] ERROR[1] res_config_pgsql.c: PostgreSQL RealTime: Failed to connect database asterisk on : 
[Jun  1 17:48:56] WARNING[1] res_config_pgsql.c: PostgreSQL RealTime: Couldn't establish connection. Check debug.
[Jun  1 17:48:56] NOTICE[1] cdr.c: CDR simple logging enabled.
[Jun  1 17:48:56] NOTICE[1] indications.c: Default country for indication tones: us
[Jun  1 17:48:56] NOTICE[1] indications.c: Setting default indication country to 'us'
[Jun  1 17:48:56] WARNING[1] res_musiconhold.c: No music on hold classes configured, disabling music on hold.
[Jun  1 17:48:56] NOTICE[1] res_smdi.c: No SMDI interfaces are available to listen on, not starting SMDI listener.
[Jun  1 17:48:57] WARNING[1] res_phoneprov.c: Unable to find a valid server address or name.
[Jun  1 17:48:57] NOTICE[1] confbridge/conf_config_parser.c: Adding default_menu menu to app_confbridge
[Jun  1 17:48:57] WARNING[1] cel_pgsql.c: CEL pgsql config file missing global section.
[Jun  1 17:48:57] NOTICE[1] cdr_pgsql.c: cdr_pgsql configuration contains no global section, skipping module load.
[Jun  1 17:48:57] NOTICE[1] cdrel_custom/config.c: cdr_custom.conf: Loaded 0 configs
[Jun  1 17:48:57] WARNING[1] config.c: parse error: No category context for line 64 of /etc/asterisk/cel_sqlite3_custom.conf
[Jun  1 17:48:57] ERROR[1] cdrel_custom/config.c: Unable to load cel_sqlite3_custom.conf. Not logging CELs to custom database
[Jun  1 17:48:57] NOTICE[1] cdrel_custom/config.c: cel_custom.conf: Loaded 0 configs
[Jun  1 17:48:57] NOTICE[1] cdrel_custom/config.c: cdr_sqlite3_custom.conf: Loaded 0 configs
[Jun  1 17:48:57] WARNING[1] ael/pval.c: Warning: file /etc/asterisk/extensions.ael, line 196-196: macro call to ael-dundi-e164 cannot be found in the AEL code!
[Jun  1 17:48:57] WARNING[1] ael/pval.c: Warning: file /etc/asterisk/extensions.ael, line 209-209: macro call to ael-dundi-e164 cannot be found in the AEL code!
[Jun  1 17:48:57] WARNING[1] ael/pval.c: Warning: file /etc/asterisk/extensions.ael, line 328-328: macro call to ael-std-exten-ael cannot be found in the AEL code!
[Jun  1 17:48:57] WARNING[1] loader.c: Some non-required modules failed to load.
[Jun  1 17:48:57] WARNING[1] loader.c: Module 'res_adsi' has been loaded but may be removed in a future release.
[Jun  1 17:48:57] WARNING[1] loader.c: Module 'app_getcpeid' has been loaded but may be removed in a future release.
[Jun  1 17:48:57] WARNING[1] loader.c: Module 'app_adsiprog' has been loaded but may be removed in a future release.
[Jun  1 17:48:57] ERROR[1] loader.c: Error loading module 'format_ogg_vorbis.so': libvorbisenc.so.2: cannot open shared object file: No such file or directory
[Jun  1 17:48:57] ERROR[1] loader.c: cdr_pgsql declined to load.
[Jun  1 17:48:57] ERROR[1] loader.c: cdr_custom declined to load.
[Jun  1 17:48:57] ERROR[1] loader.c: cel_sqlite3_custom declined to load.
[Jun  1 17:48:57] ERROR[1] loader.c: cel_custom declined to load.
[Jun  1 17:48:57] ERROR[1] loader.c: cdr_sqlite3_custom declined to load.
[Jun  1 17:48:57] WARNING[24] pbx_config.c: users.conf is deprecated and will be removed in a future version of Asterisk
[Jun  1 17:52:08] ERROR[44] cdr_csv.c: Unable to open file /var/log/asterisk//cdr-csv//Master.csv : No such file or directory
[Jun  1 17:52:08] WARNING[44] cdr_csv.c: Unable to write CSV record to master '/var/log/asterisk//cdr-csv//Master.csv' : No such file or directory
[Jun  1 18:01:10] ERROR[175] res_http_websocket.c: Error reading from web socket: Connection reset by peer
[Jun  1 18:01:10] WARNING[175] ari/ari_websockets.c: WebSocket read error: Connection reset by peer
[Jun  1 18:01:16] WARNING[133] res_http_websocket.c: Web socket closed abruptly
[Jun  1 18:01:16] WARNING[133] ari/ari_websockets.c: WebSocket read error: Success
[Jun  1 18:04:28] WARNING[1097] res_http_websocket.c: Web socket closed abruptly
[Jun  1 18:04:28] WARNING[1097] ari/ari_websockets.c: WebSocket read error: Success
[Jun  1 18:04:30] WARNING[1055] res_http_websocket.c: Web socket closed abruptly
[Jun  1 18:04:30] WARNING[1055] ari/ari_websockets.c: WebSocket read error: Success
[Jun  1 18:06:54] ERROR[44] cdr_csv.c: Unable to open file /var/log/asterisk//cdr-csv//Master.csv : No such file or directory
[Jun  1 18:06:54] WARNING[44] cdr_csv.c: Unable to write CSV record to master '/var/log/asterisk//cdr-csv//Master.csv' : No such file or directory
[Jun  1 18:12:41] Asterisk 22.9.0 built by root @ buildkitsandbox on a x86_64 running Linux on 2026-05-20 09:05:33 UTC
[Jun  1 18:12:41] NOTICE[1] loader.c: 339 modules will be loaded.
[Jun  1 18:12:42] NOTICE[1] res_config_ldap.c: No directory user found, anonymous binding as default.
[Jun  1 18:12:42] ERROR[1] res_config_ldap.c: No directory URL or host found.
[Jun  1 18:12:42] ERROR[1] res_config_ldap.c: Cannot load LDAP RealTime driver.
[Jun  1 18:12:42] WARNING[1] res_config_pgsql.c: PostgreSQL RealTime: No database user found, using 'asterisk' as default.
[Jun  1 18:12:42] WARNING[1] res_config_pgsql.c: PostgreSQL RealTime: No database password found, using 'asterisk' as default.
[Jun  1 18:12:42] WARNING[1] res_config_pgsql.c: PostgreSQL RealTime: No database host found, using localhost via socket.
[Jun  1 18:12:42] WARNING[1] res_config_pgsql.c: PostgreSQL RealTime: No database name found, using 'asterisk' as default.
[Jun  1 18:12:42] WARNING[1] res_config_pgsql.c: PostgreSQL RealTime: No database port found, using 5432 as default.
[Jun  1 18:12:42] WARNING[1] res_config_pgsql.c: PostgreSQL RealTime: No database socket found, using '/tmp/.s.PGSQL.5432' as default.
[Jun  1 18:12:42] ERROR[1] res_config_pgsql.c: PostgreSQL RealTime: Failed to connect database asterisk on : 
[Jun  1 18:12:42] WARNING[1] res_config_pgsql.c: PostgreSQL RealTime: Couldn't establish connection. Check debug.
[Jun  1 18:12:42] NOTICE[1] cdr.c: CDR simple logging enabled.
[Jun  1 18:12:42] NOTICE[1] indications.c: Default country for indication tones: us
[Jun  1 18:12:42] NOTICE[1] indications.c: Setting default indication country to 'us'
[Jun  1 18:12:42] WARNING[1] res_musiconhold.c: No music on hold classes configured, disabling music on hold.
[Jun  1 18:12:42] NOTICE[1] res_smdi.c: No SMDI interfaces are available to listen on, not starting SMDI listener.
[Jun  1 18:12:42] WARNING[1] res_phoneprov.c: Unable to find a valid server address or name.
[Jun  1 18:12:42] NOTICE[1] confbridge/conf_config_parser.c: Adding default_menu menu to app_confbridge
[Jun  1 18:12:42] WARNING[1] cel_pgsql.c: CEL pgsql config file missing global section.
[Jun  1 18:12:42] NOTICE[1] cdr_pgsql.c: cdr_pgsql configuration contains no global section, skipping module load.
[Jun  1 18:12:42] NOTICE[1] cdrel_custom/config.c: cdr_custom.conf: Loaded 0 configs
[Jun  1 18:12:42] WARNING[1] config.c: parse error: No category context for line 64 of /etc/asterisk/cel_sqlite3_custom.conf
[Jun  1 18:12:42] ERROR[1] cdrel_custom/config.c: Unable to load cel_sqlite3_custom.conf. Not logging CELs to custom database
[Jun  1 18:12:42] NOTICE[1] cdrel_custom/config.c: cel_custom.conf: Loaded 0 configs
[Jun  1 18:12:42] NOTICE[1] cdrel_custom/config.c: cdr_sqlite3_custom.conf: Loaded 0 configs
[Jun  1 18:12:43] WARNING[1] ael/pval.c: Warning: file /etc/asterisk/extensions.ael, line 196-196: macro call to ael-dundi-e164 cannot be found in the AEL code!
[Jun  1 18:12:43] WARNING[1] ael/pval.c: Warning: file /etc/asterisk/extensions.ael, line 209-209: macro call to ael-dundi-e164 cannot be found in the AEL code!
[Jun  1 18:12:43] WARNING[1] ael/pval.c: Warning: file /etc/asterisk/extensions.ael, line 328-328: macro call to ael-std-exten-ael cannot be found in the AEL code!
[Jun  1 18:12:43] WARNING[1] loader.c: Some non-required modules failed to load.
[Jun  1 18:12:43] WARNING[1] loader.c: Module 'res_adsi' has been loaded but may be removed in a future release.
[Jun  1 18:12:43] WARNING[1] loader.c: Module 'app_getcpeid' has been loaded but may be removed in a future release.
[Jun  1 18:12:43] WARNING[1] loader.c: Module 'app_adsiprog' has been loaded but may be removed in a future release.
[Jun  1 18:12:43] ERROR[1] loader.c: Error loading module 'format_ogg_vorbis.so': libvorbisenc.so.2: cannot open shared object file: No such file or directory
[Jun  1 18:12:43] ERROR[1] loader.c: cdr_pgsql declined to load.
[Jun  1 18:12:43] ERROR[1] loader.c: cdr_custom declined to load.
[Jun  1 18:12:43] ERROR[1] loader.c: cel_sqlite3_custom declined to load.
[Jun  1 18:12:43] ERROR[1] loader.c: cel_custom declined to load.
[Jun  1 18:12:43] ERROR[1] loader.c: cdr_sqlite3_custom declined to load.
[Jun  1 18:12:43] WARNING[25] pbx_config.c: users.conf is deprecated and will be removed in a future version of Asterisk
[Jun  1 18:14:52] ERROR[45] cdr_csv.c: Unable to open file /var/log/asterisk//cdr-csv//Master.csv : No such file or directory
[Jun  1 18:14:52] WARNING[45] cdr_csv.c: Unable to write CSV record to master '/var/log/asterisk//cdr-csv//Master.csv' : No such file or directory
[Jun  1 18:35:44] Asterisk 22.9.0 built by root @ buildkitsandbox on a x86_64 running Linux on 2026-05-20 09:05:33 UTC
[Jun  1 18:35:44] NOTICE[1] loader.c: 339 modules will be loaded.
[Jun  1 18:35:45] NOTICE[1] res_config_ldap.c: No directory user found, anonymous binding as default.
[Jun  1 18:35:45] ERROR[1] res_config_ldap.c: No directory URL or host found.
[Jun  1 18:35:45] ERROR[1] res_config_ldap.c: Cannot load LDAP RealTime driver.
[Jun  1 18:35:45] WARNING[1] res_config_pgsql.c: PostgreSQL RealTime: No database user found, using 'asterisk' as default.
[Jun  1 18:35:45] WARNING[1] res_config_pgsql.c: PostgreSQL RealTime: No database password found, using 'asterisk' as default.
[Jun  1 18:35:45] WARNING[1] res_config_pgsql.c: PostgreSQL RealTime: No database host found, using localhost via socket.
[Jun  1 18:35:45] WARNING[1] res_config_pgsql.c: PostgreSQL RealTime: No database name found, using 'asterisk' as default.
[Jun  1 18:35:45] WARNING[1] res_config_pgsql.c: PostgreSQL RealTime: No database port found, using 5432 as default.
[Jun  1 18:35:45] WARNING[1] res_config_pgsql.c: PostgreSQL RealTime: No database socket found, using '/tmp/.s.PGSQL.5432' as default.
[Jun  1 18:35:45] ERROR[1] res_config_pgsql.c: PostgreSQL RealTime: Failed to connect database asterisk on : 
[Jun  1 18:35:45] WARNING[1] res_config_pgsql.c: PostgreSQL RealTime: Couldn't establish connection. Check debug.
[Jun  1 18:35:45] NOTICE[1] cdr.c: CDR simple logging enabled.
[Jun  1 18:35:45] NOTICE[1] indications.c: Default country for indication tones: us
[Jun  1 18:35:45] NOTICE[1] indications.c: Setting default indication country to 'us'
[Jun  1 18:35:45] WARNING[1] res_musiconhold.c: No music on hold classes configured, disabling music on hold.
[Jun  1 18:35:45] NOTICE[1] res_smdi.c: No SMDI interfaces are available to listen on, not starting SMDI listener.
[Jun  1 18:35:45] WARNING[1] res_phoneprov.c: Unable to find a valid server address or name.
[Jun  1 18:35:45] NOTICE[1] confbridge/conf_config_parser.c: Adding default_menu menu to app_confbridge
[Jun  1 18:35:45] WARNING[1] cel_pgsql.c: CEL pgsql config file missing global section.
[Jun  1 18:35:45] NOTICE[1] cdr_pgsql.c: cdr_pgsql configuration contains no global section, skipping module load.
[Jun  1 18:35:45] NOTICE[1] cdrel_custom/config.c: cdr_custom.conf: Loaded 0 configs
[Jun  1 18:35:45] WARNING[1] config.c: parse error: No category context for line 64 of /etc/asterisk/cel_sqlite3_custom.conf
[Jun  1 18:35:45] ERROR[1] cdrel_custom/config.c: Unable to load cel_sqlite3_custom.conf. Not logging CELs to custom database
[Jun  1 18:35:45] NOTICE[1] cdrel_custom/config.c: cel_custom.conf: Loaded 0 configs
[Jun  1 18:35:45] NOTICE[1] cdrel_custom/config.c: cdr_sqlite3_custom.conf: Loaded 0 configs
[Jun  1 18:35:45] WARNING[1] ael/pval.c: Warning: file /etc/asterisk/extensions.ael, line 196-196: macro call to ael-dundi-e164 cannot be found in the AEL code!
[Jun  1 18:35:45] WARNING[1] ael/pval.c: Warning: file /etc/asterisk/extensions.ael, line 209-209: macro call to ael-dundi-e164 cannot be found in the AEL code!
[Jun  1 18:35:45] WARNING[1] ael/pval.c: Warning: file /etc/asterisk/extensions.ael, line 328-328: macro call to ael-std-exten-ael cannot be found in the AEL code!
[Jun  1 18:35:45] WARNING[1] loader.c: Some non-required modules failed to load.
[Jun  1 18:35:45] WARNING[1] loader.c: Module 'res_adsi' has been loaded but may be removed in a future release.
[Jun  1 18:35:46] WARNING[1] loader.c: Module 'app_getcpeid' has been loaded but may be removed in a future release.
[Jun  1 18:35:46] WARNING[1] loader.c: Module 'app_adsiprog' has been loaded but may be removed in a future release.
[Jun  1 18:35:46] ERROR[1] loader.c: Error loading module 'format_ogg_vorbis.so': libvorbisenc.so.2: cannot open shared object file: No such file or directory
[Jun  1 18:35:46] ERROR[1] loader.c: cdr_pgsql declined to load.
[Jun  1 18:35:46] ERROR[1] loader.c: cdr_custom declined to load.
[Jun  1 18:35:46] ERROR[1] loader.c: cel_sqlite3_custom declined to load.
[Jun  1 18:35:46] ERROR[1] loader.c: cel_custom declined to load.
[Jun  1 18:35:46] ERROR[1] loader.c: cdr_sqlite3_custom declined to load.
[Jun  1 18:35:46] WARNING[24] pbx_config.c: users.conf is deprecated and will be removed in a future version of Asterisk
[Jun  1 18:40:32] Asterisk 22.9.0 built by root @ buildkitsandbox on a x86_64 running Linux on 2026-05-20 09:05:33 UTC
[Jun  1 18:40:32] NOTICE[1] loader.c: 339 modules will be loaded.
[Jun  1 18:40:33] NOTICE[1] res_config_ldap.c: No directory user found, anonymous binding as default.
[Jun  1 18:40:33] ERROR[1] res_config_ldap.c: No directory URL or host found.
[Jun  1 18:40:33] ERROR[1] res_config_ldap.c: Cannot load LDAP RealTime driver.
[Jun  1 18:40:33] WARNING[1] res_config_pgsql.c: PostgreSQL RealTime: No database user found, using 'asterisk' as default.
[Jun  1 18:40:33] WARNING[1] res_config_pgsql.c: PostgreSQL RealTime: No database password found, using 'asterisk' as default.
[Jun  1 18:40:33] WARNING[1] res_config_pgsql.c: PostgreSQL RealTime: No database host found, using localhost via socket.
[Jun  1 18:40:33] WARNING[1] res_config_pgsql.c: PostgreSQL RealTime: No database name found, using 'asterisk' as default.
[Jun  1 18:40:33] WARNING[1] res_config_pgsql.c: PostgreSQL RealTime: No database port found, using 5432 as default.
[Jun  1 18:40:33] WARNING[1] res_config_pgsql.c: PostgreSQL RealTime: No database socket found, using '/tmp/.s.PGSQL.5432' as default.
[Jun  1 18:40:33] ERROR[1] res_config_pgsql.c: PostgreSQL RealTime: Failed to connect database asterisk on : 
[Jun  1 18:40:33] WARNING[1] res_config_pgsql.c: PostgreSQL RealTime: Couldn't establish connection. Check debug.
[Jun  1 18:40:33] NOTICE[1] cdr.c: CDR simple logging enabled.
[Jun  1 18:40:33] NOTICE[1] indications.c: Default country for indication tones: us
[Jun  1 18:40:33] NOTICE[1] indications.c: Setting default indication country to 'us'
[Jun  1 18:40:33] WARNING[1] res_musiconhold.c: No music on hold classes configured, disabling music on hold.
[Jun  1 18:40:33] NOTICE[1] res_smdi.c: No SMDI interfaces are available to listen on, not starting SMDI listener.
[Jun  1 18:40:33] WARNING[1] res_phoneprov.c: Unable to find a valid server address or name.
[Jun  1 18:40:34] NOTICE[1] confbridge/conf_config_parser.c: Adding default_menu menu to app_confbridge
[Jun  1 18:40:34] WARNING[1] cel_pgsql.c: CEL pgsql config file missing global section.
[Jun  1 18:40:34] NOTICE[1] cdr_pgsql.c: cdr_pgsql configuration contains no global section, skipping module load.
[Jun  1 18:40:34] NOTICE[1] cdrel_custom/config.c: cdr_custom.conf: Loaded 0 configs
[Jun  1 18:40:34] WARNING[1] config.c: parse error: No category context for line 64 of /etc/asterisk/cel_sqlite3_custom.conf
[Jun  1 18:40:34] ERROR[1] cdrel_custom/config.c: Unable to load cel_sqlite3_custom.conf. Not logging CELs to custom database
[Jun  1 18:40:34] NOTICE[1] cdrel_custom/config.c: cel_custom.conf: Loaded 0 configs
[Jun  1 18:40:34] NOTICE[1] cdrel_custom/config.c: cdr_sqlite3_custom.conf: Loaded 0 configs
[Jun  1 18:40:34] WARNING[1] ael/pval.c: Warning: file /etc/asterisk/extensions.ael, line 196-196: macro call to ael-dundi-e164 cannot be found in the AEL code!
[Jun  1 18:40:34] WARNING[1] ael/pval.c: Warning: file /etc/asterisk/extensions.ael, line 209-209: macro call to ael-dundi-e164 cannot be found in the AEL code!
[Jun  1 18:40:34] WARNING[1] ael/pval.c: Warning: file /etc/asterisk/extensions.ael, line 328-328: macro call to ael-std-exten-ael cannot be found in the AEL code!
[Jun  1 18:40:34] WARNING[1] loader.c: Some non-required modules failed to load.
[Jun  1 18:40:34] WARNING[1] loader.c: Module 'res_adsi' has been loaded but may be removed in a future release.
[Jun  1 18:40:34] WARNING[1] loader.c: Module 'app_getcpeid' has been loaded but may be removed in a future release.
[Jun  1 18:40:34] WARNING[1] loader.c: Module 'app_adsiprog' has been loaded but may be removed in a future release.
[Jun  1 18:40:34] ERROR[1] loader.c: Error loading module 'format_ogg_vorbis.so': libvorbisenc.so.2: cannot open shared object file: No such file or directory
[Jun  1 18:40:34] ERROR[1] loader.c: cdr_pgsql declined to load.
[Jun  1 18:40:34] ERROR[1] loader.c: cdr_custom declined to load.
[Jun  1 18:40:34] ERROR[1] loader.c: cel_sqlite3_custom declined to load.
[Jun  1 18:40:34] ERROR[1] loader.c: cel_custom declined to load.
[Jun  1 18:40:34] ERROR[1] loader.c: cdr_sqlite3_custom declined to load.
[Jun  1 18:40:34] WARNING[24] pbx_config.c: users.conf is deprecated and will be removed in a future version of Asterisk
[Jun  1 18:43:14] WARNING[133] res_http_websocket.c: Web socket closed abruptly
[Jun  1 18:43:14] WARNING[133] ari/ari_websockets.c: WebSocket read error: Success
[Jun  1 18:43:15] WARNING[213] res_http_websocket.c: Web socket closed abruptly
[Jun  1 18:43:15] WARNING[213] ari/ari_websockets.c: WebSocket read error: Success
[Jun  1 18:44:50] Asterisk 22.9.0 built by root @ buildkitsandbox on a x86_64 running Linux on 2026-05-20 09:05:33 UTC
[Jun  1 18:44:50] NOTICE[1] loader.c: 339 modules will be loaded.
[Jun  1 18:44:50] NOTICE[1] res_config_ldap.c: No directory user found, anonymous binding as default.
[Jun  1 18:44:50] ERROR[1] res_config_ldap.c: No directory URL or host found.
[Jun  1 18:44:50] ERROR[1] res_config_ldap.c: Cannot load LDAP RealTime driver.
[Jun  1 18:44:50] WARNING[1] res_config_pgsql.c: PostgreSQL RealTime: No database user found, using 'asterisk' as default.
[Jun  1 18:44:50] WARNING[1] res_config_pgsql.c: PostgreSQL RealTime: No database password found, using 'asterisk' as default.
[Jun  1 18:44:50] WARNING[1] res_config_pgsql.c: PostgreSQL RealTime: No database host found, using localhost via socket.
[Jun  1 18:44:50] WARNING[1] res_config_pgsql.c: PostgreSQL RealTime: No database name found, using 'asterisk' as default.
[Jun  1 18:44:50] WARNING[1] res_config_pgsql.c: PostgreSQL RealTime: No database port found, using 5432 as default.
[Jun  1 18:44:50] WARNING[1] res_config_pgsql.c: PostgreSQL RealTime: No database socket found, using '/tmp/.s.PGSQL.5432' as default.
[Jun  1 18:44:50] ERROR[1] res_config_pgsql.c: PostgreSQL RealTime: Failed to connect database asterisk on : 
[Jun  1 18:44:50] WARNING[1] res_config_pgsql.c: PostgreSQL RealTime: Couldn't establish connection. Check debug.
[Jun  1 18:44:50] NOTICE[1] cdr.c: CDR simple logging enabled.
[Jun  1 18:44:50] NOTICE[1] indications.c: Default country for indication tones: us
[Jun  1 18:44:50] NOTICE[1] indications.c: Setting default indication country to 'us'
[Jun  1 18:44:51] WARNING[1] res_musiconhold.c: No music on hold classes configured, disabling music on hold.
[Jun  1 18:44:51] NOTICE[1] res_smdi.c: No SMDI interfaces are available to listen on, not starting SMDI listener.
[Jun  1 18:44:51] WARNING[1] res_phoneprov.c: Unable to find a valid server address or name.
[Jun  1 18:44:51] NOTICE[1] confbridge/conf_config_parser.c: Adding default_menu menu to app_confbridge
[Jun  1 18:44:51] WARNING[1] cel_pgsql.c: CEL pgsql config file missing global section.
[Jun  1 18:44:51] NOTICE[1] cdr_pgsql.c: cdr_pgsql configuration contains no global section, skipping module load.
[Jun  1 18:44:51] NOTICE[1] cdrel_custom/config.c: cdr_custom.conf: Loaded 0 configs
[Jun  1 18:44:51] WARNING[1] config.c: parse error: No category context for line 64 of /etc/asterisk/cel_sqlite3_custom.conf
[Jun  1 18:44:51] ERROR[1] cdrel_custom/config.c: Unable to load cel_sqlite3_custom.conf. Not logging CELs to custom database
[Jun  1 18:44:51] NOTICE[1] cdrel_custom/config.c: cel_custom.conf: Loaded 0 configs
[Jun  1 18:44:51] NOTICE[1] cdrel_custom/config.c: cdr_sqlite3_custom.conf: Loaded 0 configs
[Jun  1 18:44:52] WARNING[1] ael/pval.c: Warning: file /etc/asterisk/extensions.ael, line 196-196: macro call to ael-dundi-e164 cannot be found in the AEL code!
[Jun  1 18:44:52] WARNING[1] ael/pval.c: Warning: file /etc/asterisk/extensions.ael, line 209-209: macro call to ael-dundi-e164 cannot be found in the AEL code!
[Jun  1 18:44:52] WARNING[1] ael/pval.c: Warning: file /etc/asterisk/extensions.ael, line 328-328: macro call to ael-std-exten-ael cannot be found in the AEL code!
[Jun  1 18:44:52] WARNING[1] loader.c: Some non-required modules failed to load.
[Jun  1 18:44:52] WARNING[1] loader.c: Module 'res_adsi' has been loaded but may be removed in a future release.
[Jun  1 18:44:52] WARNING[1] loader.c: Module 'app_getcpeid' has been loaded but may be removed in a future release.
[Jun  1 18:44:52] WARNING[1] loader.c: Module 'app_adsiprog' has been loaded but may be removed in a future release.
[Jun  1 18:44:52] ERROR[1] loader.c: Error loading module 'format_ogg_vorbis.so': libvorbisenc.so.2: cannot open shared object file: No such file or directory
[Jun  1 18:44:52] ERROR[1] loader.c: cdr_pgsql declined to load.
[Jun  1 18:44:52] ERROR[1] loader.c: cdr_custom declined to load.
[Jun  1 18:44:52] ERROR[1] loader.c: cel_sqlite3_custom declined to load.
[Jun  1 18:44:52] ERROR[1] loader.c: cel_custom declined to load.
[Jun  1 18:44:52] ERROR[1] loader.c: cdr_sqlite3_custom declined to load.
[Jun  1 18:44:52] WARNING[26] pbx_config.c: users.conf is deprecated and will be removed in a future version of Asterisk
[Jun  1 18:46:58] ERROR[44] cdr_csv.c: Unable to open file /var/log/asterisk//cdr-csv//Master.csv : No such file or directory
[Jun  1 18:46:58] WARNING[44] cdr_csv.c: Unable to write CSV record to master '/var/log/asterisk//cdr-csv//Master.csv' : No such file or directory
[Jun  1 18:54:05] ERROR[175] res_http_websocket.c: Error reading from web socket: Connection reset by peer
[Jun  1 18:54:05] WARNING[175] ari/ari_websockets.c: WebSocket read error: Connection reset by peer
[Jun  1 18:54:14] WARNING[133] res_http_websocket.c: Web socket closed abruptly
[Jun  1 18:54:14] WARNING[133] ari/ari_websockets.c: WebSocket read error: Success
[Jun  1 18:59:04] Asterisk 22.9.0 built by root @ buildkitsandbox on a x86_64 running Linux on 2026-05-20 09:05:33 UTC
[Jun  1 18:59:04] NOTICE[1] loader.c: 339 modules will be loaded.
[Jun  1 18:59:05] NOTICE[1] res_config_ldap.c: No directory user found, anonymous binding as default.
[Jun  1 18:59:05] ERROR[1] res_config_ldap.c: No directory URL or host found.
[Jun  1 18:59:05] ERROR[1] res_config_ldap.c: Cannot load LDAP RealTime driver.
[Jun  1 18:59:05] WARNING[1] res_config_pgsql.c: PostgreSQL RealTime: No database user found, using 'asterisk' as default.
[Jun  1 18:59:05] WARNING[1] res_config_pgsql.c: PostgreSQL RealTime: No database password found, using 'asterisk' as default.
[Jun  1 18:59:05] WARNING[1] res_config_pgsql.c: PostgreSQL RealTime: No database host found, using localhost via socket.
[Jun  1 18:59:05] WARNING[1] res_config_pgsql.c: PostgreSQL RealTime: No database name found, using 'asterisk' as default.
[Jun  1 18:59:05] WARNING[1] res_config_pgsql.c: PostgreSQL RealTime: No database port found, using 5432 as default.
[Jun  1 18:59:05] WARNING[1] res_config_pgsql.c: PostgreSQL RealTime: No database socket found, using '/tmp/.s.PGSQL.5432' as default.
[Jun  1 18:59:05] ERROR[1] res_config_pgsql.c: PostgreSQL RealTime: Failed to connect database asterisk on : 
[Jun  1 18:59:05] WARNING[1] res_config_pgsql.c: PostgreSQL RealTime: Couldn't establish connection. Check debug.
[Jun  1 18:59:05] NOTICE[1] cdr.c: CDR simple logging enabled.
[Jun  1 18:59:05] NOTICE[1] indications.c: Default country for indication tones: us
[Jun  1 18:59:05] NOTICE[1] indications.c: Setting default indication country to 'us'
[Jun  1 18:59:05] WARNING[1] res_musiconhold.c: No music on hold classes configured, disabling music on hold.
[Jun  1 18:59:05] NOTICE[1] res_smdi.c: No SMDI interfaces are available to listen on, not starting SMDI listener.
[Jun  1 18:59:05] WARNING[1] res_phoneprov.c: Unable to find a valid server address or name.
[Jun  1 18:59:05] NOTICE[1] confbridge/conf_config_parser.c: Adding default_menu menu to app_confbridge
[Jun  1 18:59:05] WARNING[1] cel_pgsql.c: CEL pgsql config file missing global section.
[Jun  1 18:59:05] NOTICE[1] cdr_pgsql.c: cdr_pgsql configuration contains no global section, skipping module load.
[Jun  1 18:59:05] NOTICE[1] cdrel_custom/config.c: cdr_custom.conf: Loaded 0 configs
[Jun  1 18:59:05] WARNING[1] config.c: parse error: No category context for line 64 of /etc/asterisk/cel_sqlite3_custom.conf
[Jun  1 18:59:05] ERROR[1] cdrel_custom/config.c: Unable to load cel_sqlite3_custom.conf. Not logging CELs to custom database
[Jun  1 18:59:05] NOTICE[1] cdrel_custom/config.c: cel_custom.conf: Loaded 0 configs
[Jun  1 18:59:05] NOTICE[1] cdrel_custom/config.c: cdr_sqlite3_custom.conf: Loaded 0 configs
[Jun  1 18:59:06] WARNING[1] ael/pval.c: Warning: file /etc/asterisk/extensions.ael, line 196-196: macro call to ael-dundi-e164 cannot be found in the AEL code!
[Jun  1 18:59:06] WARNING[1] ael/pval.c: Warning: file /etc/asterisk/extensions.ael, line 209-209: macro call to ael-dundi-e164 cannot be found in the AEL code!
[Jun  1 18:59:06] WARNING[1] ael/pval.c: Warning: file /etc/asterisk/extensions.ael, line 328-328: macro call to ael-std-exten-ael cannot be found in the AEL code!
[Jun  1 18:59:06] WARNING[1] loader.c: Some non-required modules failed to load.
[Jun  1 18:59:06] WARNING[1] loader.c: Module 'res_adsi' has been loaded but may be removed in a future release.
[Jun  1 18:59:06] WARNING[1] loader.c: Module 'app_getcpeid' has been loaded but may be removed in a future release.
[Jun  1 18:59:06] WARNING[1] loader.c: Module 'app_adsiprog' has been loaded but may be removed in a future release.
[Jun  1 18:59:06] ERROR[1] loader.c: Error loading module 'format_ogg_vorbis.so': libvorbisenc.so.2: cannot open shared object file: No such file or directory
[Jun  1 18:59:06] ERROR[1] loader.c: cdr_pgsql declined to load.
[Jun  1 18:59:06] ERROR[1] loader.c: cdr_custom declined to load.
[Jun  1 18:59:06] ERROR[1] loader.c: cel_sqlite3_custom declined to load.
[Jun  1 18:59:06] ERROR[1] loader.c: cel_custom declined to load.
[Jun  1 18:59:06] ERROR[1] loader.c: cdr_sqlite3_custom declined to load.
[Jun  1 18:59:06] WARNING[24] pbx_config.c: users.conf is deprecated and will be removed in a future version of Asterisk
[Jun  1 19:01:13] ERROR[44] cdr_csv.c: Unable to open file /var/log/asterisk//cdr-csv//Master.csv : No such file or directory
[Jun  1 19:01:13] WARNING[44] cdr_csv.c: Unable to write CSV record to master '/var/log/asterisk//cdr-csv//Master.csv' : No such file or directory
[Jun  1 19:02:59] ERROR[44] cdr_csv.c: Unable to open file /var/log/asterisk//cdr-csv//Master.csv : No such file or directory
[Jun  1 19:02:59] WARNING[44] cdr_csv.c: Unable to write CSV record to master '/var/log/asterisk//cdr-csv//Master.csv' : No such file or directory
[Jun  1 19:09:22] WARNING[133] res_http_websocket.c: Web socket closed abruptly
[Jun  1 19:09:22] WARNING[133] ari/ari_websockets.c: WebSocket read error: Success
[Jun  1 19:09:23] ERROR[176] res_http_websocket.c: Error reading from web socket: Connection reset by peer
[Jun  1 19:09:23] WARNING[176] ari/ari_websockets.c: WebSocket read error: Connection reset by peer
[Jun  1 19:09:24] ERROR[44] cdr_csv.c: Unable to open file /var/log/asterisk//cdr-csv//Master.csv : No such file or directory
[Jun  1 19:09:24] WARNING[44] cdr_csv.c: Unable to write CSV record to master '/var/log/asterisk//cdr-csv//Master.csv' : No such file or directory
[Jun  1 19:10:18] Asterisk 22.9.0 built by root @ buildkitsandbox on a x86_64 running Linux on 2026-05-20 09:05:33 UTC
[Jun  1 19:10:18] NOTICE[1] loader.c: 339 modules will be loaded.
[Jun  1 19:10:19] NOTICE[1] res_config_ldap.c: No directory user found, anonymous binding as default.
[Jun  1 19:10:19] ERROR[1] res_config_ldap.c: No directory URL or host found.
[Jun  1 19:10:19] ERROR[1] res_config_ldap.c: Cannot load LDAP RealTime driver.
[Jun  1 19:10:19] WARNING[1] res_config_pgsql.c: PostgreSQL RealTime: No database user found, using 'asterisk' as default.
[Jun  1 19:10:19] WARNING[1] res_config_pgsql.c: PostgreSQL RealTime: No database password found, using 'asterisk' as default.
[Jun  1 19:10:19] WARNING[1] res_config_pgsql.c: PostgreSQL RealTime: No database host found, using localhost via socket.
[Jun  1 19:10:19] WARNING[1] res_config_pgsql.c: PostgreSQL RealTime: No database name found, using 'asterisk' as default.
[Jun  1 19:10:19] WARNING[1] res_config_pgsql.c: PostgreSQL RealTime: No database port found, using 5432 as default.
[Jun  1 19:10:19] WARNING[1] res_config_pgsql.c: PostgreSQL RealTime: No database socket found, using '/tmp/.s.PGSQL.5432' as default.
[Jun  1 19:10:19] ERROR[1] res_config_pgsql.c: PostgreSQL RealTime: Failed to connect database asterisk on : 
[Jun  1 19:10:19] WARNING[1] res_config_pgsql.c: PostgreSQL RealTime: Couldn't establish connection. Check debug.
[Jun  1 19:10:19] NOTICE[1] cdr.c: CDR simple logging enabled.
[Jun  1 19:10:19] NOTICE[1] indications.c: Default country for indication tones: us
[Jun  1 19:10:19] NOTICE[1] indications.c: Setting default indication country to 'us'
[Jun  1 19:10:20] WARNING[1] res_musiconhold.c: No music on hold classes configured, disabling music on hold.
[Jun  1 19:10:20] NOTICE[1] res_smdi.c: No SMDI interfaces are available to listen on, not starting SMDI listener.
[Jun  1 19:10:20] WARNING[1] res_phoneprov.c: Unable to find a valid server address or name.
[Jun  1 19:10:20] NOTICE[1] confbridge/conf_config_parser.c: Adding default_menu menu to app_confbridge
[Jun  1 19:10:20] WARNING[1] cel_pgsql.c: CEL pgsql config file missing global section.
[Jun  1 19:10:20] NOTICE[1] cdr_pgsql.c: cdr_pgsql configuration contains no global section, skipping module load.
[Jun  1 19:10:20] NOTICE[1] cdrel_custom/config.c: cdr_custom.conf: Loaded 0 configs
[Jun  1 19:10:20] WARNING[1] config.c: parse error: No category context for line 64 of /etc/asterisk/cel_sqlite3_custom.conf
[Jun  1 19:10:20] ERROR[1] cdrel_custom/config.c: Unable to load cel_sqlite3_custom.conf. Not logging CELs to custom database
[Jun  1 19:10:20] NOTICE[1] cdrel_custom/config.c: cel_custom.conf: Loaded 0 configs
[Jun  1 19:10:20] NOTICE[1] cdrel_custom/config.c: cdr_sqlite3_custom.conf: Loaded 0 configs
[Jun  1 19:10:20] WARNING[1] ael/pval.c: Warning: file /etc/asterisk/extensions.ael, line 196-196: macro call to ael-dundi-e164 cannot be found in the AEL code!
[Jun  1 19:10:20] WARNING[1] ael/pval.c: Warning: file /etc/asterisk/extensions.ael, line 209-209: macro call to ael-dundi-e164 cannot be found in the AEL code!
[Jun  1 19:10:20] WARNING[1] ael/pval.c: Warning: file /etc/asterisk/extensions.ael, line 328-328: macro call to ael-std-exten-ael cannot be found in the AEL code!
[Jun  1 19:10:20] WARNING[1] loader.c: Some non-required modules failed to load.
[Jun  1 19:10:20] WARNING[1] loader.c: Module 'res_adsi' has been loaded but may be removed in a future release.
[Jun  1 19:10:20] WARNING[1] loader.c: Module 'app_getcpeid' has been loaded but may be removed in a future release.
[Jun  1 19:10:20] WARNING[1] loader.c: Module 'app_adsiprog' has been loaded but may be removed in a future release.
[Jun  1 19:10:20] ERROR[1] loader.c: Error loading module 'format_ogg_vorbis.so': libvorbisenc.so.2: cannot open shared object file: No such file or directory
[Jun  1 19:10:20] ERROR[1] loader.c: cdr_pgsql declined to load.
[Jun  1 19:10:20] ERROR[1] loader.c: cdr_custom declined to load.
[Jun  1 19:10:20] ERROR[1] loader.c: cel_sqlite3_custom declined to load.
[Jun  1 19:10:20] ERROR[1] loader.c: cel_custom declined to load.
[Jun  1 19:10:20] ERROR[1] loader.c: cdr_sqlite3_custom declined to load.
[Jun  1 19:10:20] WARNING[25] pbx_config.c: users.conf is deprecated and will be removed in a future version of Asterisk
[Jun  1 19:13:31] ERROR[45] cdr_csv.c: Unable to open file /var/log/asterisk//cdr-csv//Master.csv : No such file or directory
[Jun  1 19:13:31] WARNING[45] cdr_csv.c: Unable to write CSV record to master '/var/log/asterisk//cdr-csv//Master.csv' : No such file or directory
[Jun  1 19:16:21] Asterisk 22.9.0 built by root @ buildkitsandbox on a x86_64 running Linux on 2026-05-20 09:05:33 UTC
[Jun  1 19:16:21] NOTICE[1] loader.c: 339 modules will be loaded.
[Jun  1 19:16:21] NOTICE[1] res_config_ldap.c: No directory user found, anonymous binding as default.
[Jun  1 19:16:21] ERROR[1] res_config_ldap.c: No directory URL or host found.
[Jun  1 19:16:21] ERROR[1] res_config_ldap.c: Cannot load LDAP RealTime driver.
[Jun  1 19:16:21] WARNING[1] res_config_pgsql.c: PostgreSQL RealTime: No database user found, using 'asterisk' as default.
[Jun  1 19:16:21] WARNING[1] res_config_pgsql.c: PostgreSQL RealTime: No database password found, using 'asterisk' as default.
[Jun  1 19:16:21] WARNING[1] res_config_pgsql.c: PostgreSQL RealTime: No database host found, using localhost via socket.
[Jun  1 19:16:21] WARNING[1] res_config_pgsql.c: PostgreSQL RealTime: No database name found, using 'asterisk' as default.
[Jun  1 19:16:21] WARNING[1] res_config_pgsql.c: PostgreSQL RealTime: No database port found, using 5432 as default.
[Jun  1 19:16:21] WARNING[1] res_config_pgsql.c: PostgreSQL RealTime: No database socket found, using '/tmp/.s.PGSQL.5432' as default.
[Jun  1 19:16:21] ERROR[1] res_config_pgsql.c: PostgreSQL RealTime: Failed to connect database asterisk on : 
[Jun  1 19:16:21] WARNING[1] res_config_pgsql.c: PostgreSQL RealTime: Couldn't establish connection. Check debug.
[Jun  1 19:16:21] NOTICE[1] cdr.c: CDR simple logging enabled.
[Jun  1 19:16:21] NOTICE[1] indications.c: Default country for indication tones: us
[Jun  1 19:16:21] NOTICE[1] indications.c: Setting default indication country to 'us'
[Jun  1 19:16:22] WARNING[1] res_musiconhold.c: No music on hold classes configured, disabling music on hold.
[Jun  1 19:16:22] NOTICE[1] res_smdi.c: No SMDI interfaces are available to listen on, not starting SMDI listener.
[Jun  1 19:16:22] WARNING[1] res_phoneprov.c: Unable to find a valid server address or name.
[Jun  1 19:16:22] NOTICE[1] confbridge/conf_config_parser.c: Adding default_menu menu to app_confbridge
[Jun  1 19:16:22] WARNING[1] cel_pgsql.c: CEL pgsql config file missing global section.
[Jun  1 19:16:22] NOTICE[1] cdr_pgsql.c: cdr_pgsql configuration contains no global section, skipping module load.
[Jun  1 19:16:22] NOTICE[1] cdrel_custom/config.c: cdr_custom.conf: Loaded 0 configs
[Jun  1 19:16:22] WARNING[1] config.c: parse error: No category context for line 64 of /etc/asterisk/cel_sqlite3_custom.conf
[Jun  1 19:16:22] ERROR[1] cdrel_custom/config.c: Unable to load cel_sqlite3_custom.conf. Not logging CELs to custom database
[Jun  1 19:16:22] NOTICE[1] cdrel_custom/config.c: cel_custom.conf: Loaded 0 configs
[Jun  1 19:16:22] NOTICE[1] cdrel_custom/config.c: cdr_sqlite3_custom.conf: Loaded 0 configs
[Jun  1 19:16:23] WARNING[1] ael/pval.c: Warning: file /etc/asterisk/extensions.ael, line 196-196: macro call to ael-dundi-e164 cannot be found in the AEL code!
[Jun  1 19:16:23] WARNING[1] ael/pval.c: Warning: file /etc/asterisk/extensions.ael, line 209-209: macro call to ael-dundi-e164 cannot be found in the AEL code!
[Jun  1 19:16:23] WARNING[1] ael/pval.c: Warning: file /etc/asterisk/extensions.ael, line 328-328: macro call to ael-std-exten-ael cannot be found in the AEL code!
[Jun  1 19:16:23] WARNING[1] loader.c: Some non-required modules failed to load.
[Jun  1 19:16:23] WARNING[1] loader.c: Module 'res_adsi' has been loaded but may be removed in a future release.
[Jun  1 19:16:23] WARNING[1] loader.c: Module 'app_getcpeid' has been loaded but may be removed in a future release.
[Jun  1 19:16:23] WARNING[1] loader.c: Module 'app_adsiprog' has been loaded but may be removed in a future release.
[Jun  1 19:16:23] ERROR[1] loader.c: Error loading module 'format_ogg_vorbis.so': libvorbisenc.so.2: cannot open shared object file: No such file or directory
[Jun  1 19:16:23] ERROR[1] loader.c: cdr_pgsql declined to load.
[Jun  1 19:16:23] ERROR[1] loader.c: cdr_custom declined to load.
[Jun  1 19:16:23] ERROR[1] loader.c: cel_sqlite3_custom declined to load.
[Jun  1 19:16:23] ERROR[1] loader.c: cel_custom declined to load.
[Jun  1 19:16:23] ERROR[1] loader.c: cdr_sqlite3_custom declined to load.
[Jun  1 19:16:23] WARNING[24] pbx_config.c: users.conf is deprecated and will be removed in a future version of Asterisk
[Jun  1 19:18:12] ERROR[44] cdr_csv.c: Unable to open file /var/log/asterisk//cdr-csv//Master.csv : No such file or directory
[Jun  1 19:18:12] WARNING[44] cdr_csv.c: Unable to write CSV record to master '/var/log/asterisk//cdr-csv//Master.csv' : No such file or directory
[Jun  1 19:22:35] WARNING[133] res_http_websocket.c: Web socket closed abruptly
[Jun  1 19:22:35] WARNING[133] ari/ari_websockets.c: WebSocket read error: Success
[Jun  1 19:22:35] ERROR[175] res_http_websocket.c: Error reading from web socket: Connection reset by peer
[Jun  1 19:22:35] WARNING[175] ari/ari_websockets.c: WebSocket read error: Connection reset by peer
[Jun  1 19:22:37] ERROR[44] cdr_csv.c: Unable to open file /var/log/asterisk//cdr-csv//Master.csv : No such file or directory
[Jun  1 19:22:37] WARNING[44] cdr_csv.c: Unable to write CSV record to master '/var/log/asterisk//cdr-csv//Master.csv' : No such file or directory
[Jun  1 19:23:29] Asterisk 22.9.0 built by root @ buildkitsandbox on a x86_64 running Linux on 2026-05-20 09:05:33 UTC
[Jun  1 19:23:29] NOTICE[1] loader.c: 339 modules will be loaded.
[Jun  1 19:23:30] NOTICE[1] res_config_ldap.c: No directory user found, anonymous binding as default.
[Jun  1 19:23:30] ERROR[1] res_config_ldap.c: No directory URL or host found.
[Jun  1 19:23:30] ERROR[1] res_config_ldap.c: Cannot load LDAP RealTime driver.
[Jun  1 19:23:30] WARNING[1] res_config_pgsql.c: PostgreSQL RealTime: No database user found, using 'asterisk' as default.
[Jun  1 19:23:30] WARNING[1] res_config_pgsql.c: PostgreSQL RealTime: No database password found, using 'asterisk' as default.
[Jun  1 19:23:30] WARNING[1] res_config_pgsql.c: PostgreSQL RealTime: No database host found, using localhost via socket.
[Jun  1 19:23:30] WARNING[1] res_config_pgsql.c: PostgreSQL RealTime: No database name found, using 'asterisk' as default.
[Jun  1 19:23:30] WARNING[1] res_config_pgsql.c: PostgreSQL RealTime: No database port found, using 5432 as default.
[Jun  1 19:23:30] WARNING[1] res_config_pgsql.c: PostgreSQL RealTime: No database socket found, using '/tmp/.s.PGSQL.5432' as default.
[Jun  1 19:23:30] ERROR[1] res_config_pgsql.c: PostgreSQL RealTime: Failed to connect database asterisk on : 
[Jun  1 19:23:30] WARNING[1] res_config_pgsql.c: PostgreSQL RealTime: Couldn't establish connection. Check debug.
[Jun  1 19:23:30] NOTICE[1] cdr.c: CDR simple logging enabled.
[Jun  1 19:23:30] NOTICE[1] indications.c: Default country for indication tones: us
[Jun  1 19:23:30] NOTICE[1] indications.c: Setting default indication country to 'us'
[Jun  1 19:23:30] WARNING[1] res_musiconhold.c: No music on hold classes configured, disabling music on hold.
[Jun  1 19:23:30] NOTICE[1] res_smdi.c: No SMDI interfaces are available to listen on, not starting SMDI listener.
[Jun  1 19:23:30] WARNING[1] res_phoneprov.c: Unable to find a valid server address or name.
[Jun  1 19:23:30] NOTICE[1] confbridge/conf_config_parser.c: Adding default_menu menu to app_confbridge
[Jun  1 19:23:30] WARNING[1] cel_pgsql.c: CEL pgsql config file missing global section.
[Jun  1 19:23:30] NOTICE[1] cdr_pgsql.c: cdr_pgsql configuration contains no global section, skipping module load.
[Jun  1 19:23:30] NOTICE[1] cdrel_custom/config.c: cdr_custom.conf: Loaded 0 configs
[Jun  1 19:23:30] WARNING[1] config.c: parse error: No category context for line 64 of /etc/asterisk/cel_sqlite3_custom.conf
[Jun  1 19:23:30] ERROR[1] cdrel_custom/config.c: Unable to load cel_sqlite3_custom.conf. Not logging CELs to custom database
[Jun  1 19:23:30] NOTICE[1] cdrel_custom/config.c: cel_custom.conf: Loaded 0 configs
[Jun  1 19:23:30] NOTICE[1] cdrel_custom/config.c: cdr_sqlite3_custom.conf: Loaded 0 configs
[Jun  1 19:23:31] WARNING[1] ael/pval.c: Warning: file /etc/asterisk/extensions.ael, line 196-196: macro call to ael-dundi-e164 cannot be found in the AEL code!
[Jun  1 19:23:31] WARNING[1] ael/pval.c: Warning: file /etc/asterisk/extensions.ael, line 209-209: macro call to ael-dundi-e164 cannot be found in the AEL code!
[Jun  1 19:23:31] WARNING[1] ael/pval.c: Warning: file /etc/asterisk/extensions.ael, line 328-328: macro call to ael-std-exten-ael cannot be found in the AEL code!
[Jun  1 19:23:31] WARNING[1] loader.c: Some non-required modules failed to load.
[Jun  1 19:23:31] WARNING[1] loader.c: Module 'res_adsi' has been loaded but may be removed in a future release.
[Jun  1 19:23:31] WARNING[1] loader.c: Module 'app_getcpeid' has been loaded but may be removed in a future release.
[Jun  1 19:23:31] WARNING[1] loader.c: Module 'app_adsiprog' has been loaded but may be removed in a future release.
[Jun  1 19:23:31] ERROR[1] loader.c: Error loading module 'format_ogg_vorbis.so': libvorbisenc.so.2: cannot open shared object file: No such file or directory
[Jun  1 19:23:31] ERROR[1] loader.c: cdr_pgsql declined to load.
[Jun  1 19:23:31] ERROR[1] loader.c: cdr_custom declined to load.
[Jun  1 19:23:31] ERROR[1] loader.c: cel_sqlite3_custom declined to load.
[Jun  1 19:23:31] ERROR[1] loader.c: cel_custom declined to load.
[Jun  1 19:23:31] ERROR[1] loader.c: cdr_sqlite3_custom declined to load.
[Jun  1 19:23:31] WARNING[24] pbx_config.c: users.conf is deprecated and will be removed in a future version of Asterisk
[Jun  1 19:25:17] ERROR[47] res_pjsip.c: Endpoint '100': Could not create dialog to invalid URI '100'.  Is endpoint registered and reachable?
[Jun  1 19:25:17] ERROR[47] chan_pjsip.c: Failed to create outgoing session to endpoint '100'
[Jun  1 19:27:27] ERROR[215] res_http_websocket.c: Error reading from web socket: Connection reset by peer
[Jun  1 19:27:27] WARNING[215] ari/ari_websockets.c: WebSocket read error: Connection reset by peer
[Jun  1 19:28:55] WARNING[447] res_http_websocket.c: Web socket closed abruptly
[Jun  1 19:28:55] WARNING[447] ari/ari_websockets.c: WebSocket read error: Success
[Jun  1 19:28:58] ERROR[44] cdr_csv.c: Unable to open file /var/log/asterisk//cdr-csv//Master.csv : No such file or directory
[Jun  1 19:28:58] WARNING[44] cdr_csv.c: Unable to write CSV record to master '/var/log/asterisk//cdr-csv//Master.csv' : No such file or directory
[Jun  1 19:29:09] WARNING[133] res_http_websocket.c: Web socket closed abruptly
[Jun  1 19:29:09] WARNING[133] ari/ari_websockets.c: WebSocket read error: Success
[Jun  1 19:32:52] ERROR[44] cdr_csv.c: Unable to open file /var/log/asterisk//cdr-csv//Master.csv : No such file or directory
[Jun  1 19:32:52] WARNING[44] cdr_csv.c: Unable to write CSV record to master '/var/log/asterisk//cdr-csv//Master.csv' : No such file or directory
[Jun  1 19:33:45] Asterisk 22.9.0 built by root @ buildkitsandbox on a x86_64 running Linux on 2026-05-20 09:05:33 UTC
[Jun  1 19:33:45] NOTICE[1] loader.c: 339 modules will be loaded.
[Jun  1 19:33:46] NOTICE[1] res_config_ldap.c: No directory user found, anonymous binding as default.
[Jun  1 19:33:46] ERROR[1] res_config_ldap.c: No directory URL or host found.
[Jun  1 19:33:46] ERROR[1] res_config_ldap.c: Cannot load LDAP RealTime driver.
[Jun  1 19:33:46] WARNING[1] res_config_pgsql.c: PostgreSQL RealTime: No database user found, using 'asterisk' as default.
[Jun  1 19:33:46] WARNING[1] res_config_pgsql.c: PostgreSQL RealTime: No database password found, using 'asterisk' as default.
[Jun  1 19:33:46] WARNING[1] res_config_pgsql.c: PostgreSQL RealTime: No database host found, using localhost via socket.
[Jun  1 19:33:46] WARNING[1] res_config_pgsql.c: PostgreSQL RealTime: No database name found, using 'asterisk' as default.
[Jun  1 19:33:46] WARNING[1] res_config_pgsql.c: PostgreSQL RealTime: No database port found, using 5432 as default.
[Jun  1 19:33:46] WARNING[1] res_config_pgsql.c: PostgreSQL RealTime: No database socket found, using '/tmp/.s.PGSQL.5432' as default.
[Jun  1 19:33:46] ERROR[1] res_config_pgsql.c: PostgreSQL RealTime: Failed to connect database asterisk on : 
[Jun  1 19:33:46] WARNING[1] res_config_pgsql.c: PostgreSQL RealTime: Couldn't establish connection. Check debug.
[Jun  1 19:33:46] NOTICE[1] cdr.c: CDR simple logging enabled.
[Jun  1 19:33:46] NOTICE[1] indications.c: Default country for indication tones: us
[Jun  1 19:33:46] NOTICE[1] indications.c: Setting default indication country to 'us'
[Jun  1 19:33:46] WARNING[1] res_musiconhold.c: No music on hold classes configured, disabling music on hold.
[Jun  1 19:33:46] NOTICE[1] res_smdi.c: No SMDI interfaces are available to listen on, not starting SMDI listener.
[Jun  1 19:33:47] WARNING[1] res_phoneprov.c: Unable to find a valid server address or name.
[Jun  1 19:33:47] NOTICE[1] confbridge/conf_config_parser.c: Adding default_menu menu to app_confbridge
[Jun  1 19:33:47] WARNING[1] cel_pgsql.c: CEL pgsql config file missing global section.
[Jun  1 19:33:47] NOTICE[1] cdr_pgsql.c: cdr_pgsql configuration contains no global section, skipping module load.
[Jun  1 19:33:47] NOTICE[1] cdrel_custom/config.c: cdr_custom.conf: Loaded 0 configs
[Jun  1 19:33:47] WARNING[1] config.c: parse error: No category context for line 64 of /etc/asterisk/cel_sqlite3_custom.conf
[Jun  1 19:33:47] ERROR[1] cdrel_custom/config.c: Unable to load cel_sqlite3_custom.conf. Not logging CELs to custom database
[Jun  1 19:33:47] NOTICE[1] cdrel_custom/config.c: cel_custom.conf: Loaded 0 configs
[Jun  1 19:33:47] NOTICE[1] cdrel_custom/config.c: cdr_sqlite3_custom.conf: Loaded 0 configs
[Jun  1 19:33:47] WARNING[1] ael/pval.c: Warning: file /etc/asterisk/extensions.ael, line 196-196: macro call to ael-dundi-e164 cannot be found in the AEL code!
[Jun  1 19:33:47] WARNING[1] ael/pval.c: Warning: file /etc/asterisk/extensions.ael, line 209-209: macro call to ael-dundi-e164 cannot be found in the AEL code!
[Jun  1 19:33:47] WARNING[1] ael/pval.c: Warning: file /etc/asterisk/extensions.ael, line 328-328: macro call to ael-std-exten-ael cannot be found in the AEL code!
[Jun  1 19:33:47] WARNING[1] loader.c: Some non-required modules failed to load.
[Jun  1 19:33:47] WARNING[1] loader.c: Module 'res_adsi' has been loaded but may be removed in a future release.
[Jun  1 19:33:48] WARNING[1] loader.c: Module 'app_getcpeid' has been loaded but may be removed in a future release.
[Jun  1 19:33:48] WARNING[1] loader.c: Module 'app_adsiprog' has been loaded but may be removed in a future release.
[Jun  1 19:33:48] ERROR[1] loader.c: Error loading module 'format_ogg_vorbis.so': libvorbisenc.so.2: cannot open shared object file: No such file or directory
[Jun  1 19:33:48] ERROR[1] loader.c: cdr_pgsql declined to load.
[Jun  1 19:33:48] ERROR[1] loader.c: cdr_custom declined to load.
[Jun  1 19:33:48] ERROR[1] loader.c: cel_sqlite3_custom declined to load.
[Jun  1 19:33:48] ERROR[1] loader.c: cel_custom declined to load.
[Jun  1 19:33:48] ERROR[1] loader.c: cdr_sqlite3_custom declined to load.
[Jun  1 19:33:48] WARNING[24] pbx_config.c: users.conf is deprecated and will be removed in a future version of Asterisk
[Jun  1 19:35:31] ERROR[47] res_pjsip.c: Endpoint '100': Could not create dialog to invalid URI '100'.  Is endpoint registered and reachable?
[Jun  1 19:35:31] ERROR[47] chan_pjsip.c: Failed to create outgoing session to endpoint '100'
[Jun  1 19:36:45] WARNING[213] res_http_websocket.c: Web socket closed abruptly
[Jun  1 19:36:45] WARNING[213] ari/ari_websockets.c: WebSocket read error: Success
[Jun  1 19:39:07] ERROR[44] cdr_csv.c: Unable to open file /var/log/asterisk//cdr-csv//Master.csv : No such file or directory
[Jun  1 19:39:07] WARNING[44] cdr_csv.c: Unable to write CSV record to master '/var/log/asterisk//cdr-csv//Master.csv' : No such file or directory
[Jun  1 19:39:28] ERROR[369] res_http_websocket.c: Error reading from web socket: Connection reset by peer
[Jun  1 19:39:28] WARNING[369] ari/ari_websockets.c: WebSocket read error: Connection reset by peer
[Jun  2 17:22:37] Asterisk 22.9.0 built by root @ buildkitsandbox on a x86_64 running Linux on 2026-05-20 09:05:33 UTC
[Jun  2 17:22:38] NOTICE[1] loader.c: 339 modules will be loaded.
[Jun  2 17:22:41] NOTICE[1] res_config_ldap.c: No directory user found, anonymous binding as default.
[Jun  2 17:22:41] ERROR[1] res_config_ldap.c: No directory URL or host found.
[Jun  2 17:22:41] ERROR[1] res_config_ldap.c: Cannot load LDAP RealTime driver.
[Jun  2 17:22:41] WARNING[1] res_config_pgsql.c: PostgreSQL RealTime: No database user found, using 'asterisk' as default.
[Jun  2 17:22:41] WARNING[1] res_config_pgsql.c: PostgreSQL RealTime: No database password found, using 'asterisk' as default.
[Jun  2 17:22:41] WARNING[1] res_config_pgsql.c: PostgreSQL RealTime: No database host found, using localhost via socket.
[Jun  2 17:22:41] WARNING[1] res_config_pgsql.c: PostgreSQL RealTime: No database name found, using 'asterisk' as default.
[Jun  2 17:22:41] WARNING[1] res_config_pgsql.c: PostgreSQL RealTime: No database port found, using 5432 as default.
[Jun  2 17:22:41] WARNING[1] res_config_pgsql.c: PostgreSQL RealTime: No database socket found, using '/tmp/.s.PGSQL.5432' as default.
[Jun  2 17:22:41] ERROR[1] res_config_pgsql.c: PostgreSQL RealTime: Failed to connect database asterisk on : 
[Jun  2 17:22:41] WARNING[1] res_config_pgsql.c: PostgreSQL RealTime: Couldn't establish connection. Check debug.
[Jun  2 17:22:41] NOTICE[1] cdr.c: CDR simple logging enabled.
[Jun  2 17:22:41] NOTICE[1] indications.c: Default country for indication tones: us
[Jun  2 17:22:41] NOTICE[1] indications.c: Setting default indication country to 'us'
[Jun  2 17:22:42] WARNING[1] res_musiconhold.c: No music on hold classes configured, disabling music on hold.
[Jun  2 17:22:42] NOTICE[1] res_smdi.c: No SMDI interfaces are available to listen on, not starting SMDI listener.
[Jun  2 17:22:42] WARNING[1] res_phoneprov.c: Unable to find a valid server address or name.
[Jun  2 17:22:42] NOTICE[1] confbridge/conf_config_parser.c: Adding default_menu menu to app_confbridge
[Jun  2 17:22:42] WARNING[1] cel_pgsql.c: CEL pgsql config file missing global section.
[Jun  2 17:22:42] NOTICE[1] cdr_pgsql.c: cdr_pgsql configuration contains no global section, skipping module load.
[Jun  2 17:22:42] NOTICE[1] cdrel_custom/config.c: cdr_custom.conf: Loaded 0 configs
[Jun  2 17:22:42] WARNING[1] config.c: parse error: No category context for line 64 of /etc/asterisk/cel_sqlite3_custom.conf
[Jun  2 17:22:42] ERROR[1] cdrel_custom/config.c: Unable to load cel_sqlite3_custom.conf. Not logging CELs to custom database
[Jun  2 17:22:42] NOTICE[1] cdrel_custom/config.c: cel_custom.conf: Loaded 0 configs
[Jun  2 17:22:42] NOTICE[1] cdrel_custom/config.c: cdr_sqlite3_custom.conf: Loaded 0 configs
[Jun  2 17:22:43] WARNING[1] ael/pval.c: Warning: file /etc/asterisk/extensions.ael, line 196-196: macro call to ael-dundi-e164 cannot be found in the AEL code!
[Jun  2 17:22:43] WARNING[1] ael/pval.c: Warning: file /etc/asterisk/extensions.ael, line 209-209: macro call to ael-dundi-e164 cannot be found in the AEL code!
[Jun  2 17:22:43] WARNING[1] ael/pval.c: Warning: file /etc/asterisk/extensions.ael, line 328-328: macro call to ael-std-exten-ael cannot be found in the AEL code!
[Jun  2 17:22:43] WARNING[1] loader.c: Some non-required modules failed to load.
[Jun  2 17:22:43] WARNING[1] loader.c: Module 'res_adsi' has been loaded but may be removed in a future release.
[Jun  2 17:22:43] WARNING[1] loader.c: Module 'app_getcpeid' has been loaded but may be removed in a future release.
[Jun  2 17:22:43] WARNING[1] loader.c: Module 'app_adsiprog' has been loaded but may be removed in a future release.
[Jun  2 17:22:43] ERROR[1] loader.c: Error loading module 'format_ogg_vorbis.so': libvorbisenc.so.2: cannot open shared object file: No such file or directory
[Jun  2 17:22:43] ERROR[1] loader.c: cdr_pgsql declined to load.
[Jun  2 17:22:43] ERROR[1] loader.c: cdr_custom declined to load.
[Jun  2 17:22:43] ERROR[1] loader.c: cel_sqlite3_custom declined to load.
[Jun  2 17:22:43] ERROR[1] loader.c: cel_custom declined to load.
[Jun  2 17:22:43] ERROR[1] loader.c: cdr_sqlite3_custom declined to load.
[Jun  2 17:22:43] WARNING[25] pbx_config.c: users.conf is deprecated and will be removed in a future version of Asterisk
[Jun  2 17:26:21] ERROR[68] res_pjsip.c: Endpoint '100': Could not create dialog to invalid URI '100'.  Is endpoint registered and reachable?
[Jun  2 17:26:21] ERROR[68] chan_pjsip.c: Failed to create outgoing session to endpoint '100'
[Jun  2 17:27:51] ERROR[68] res_pjsip.c: Endpoint '100': Could not create dialog to invalid URI '100'.  Is endpoint registered and reachable?
[Jun  2 17:27:51] ERROR[68] chan_pjsip.c: Failed to create outgoing session to endpoint '100'
[Jun  2 17:34:01] ERROR[65] cdr_csv.c: Unable to open file /var/log/asterisk//cdr-csv//Master.csv : No such file or directory
[Jun  2 17:34:01] WARNING[65] cdr_csv.c: Unable to write CSV record to master '/var/log/asterisk//cdr-csv//Master.csv' : No such file or directory
[Jun  2 17:43:18] ERROR[65] cdr_csv.c: Unable to open file /var/log/asterisk//cdr-csv//Master.csv : No such file or directory
[Jun  2 17:43:18] WARNING[65] cdr_csv.c: Unable to write CSV record to master '/var/log/asterisk//cdr-csv//Master.csv' : No such file or directory
[Jun  2 17:43:21] ERROR[327] res_http_websocket.c: Error reading from web socket: Connection reset by peer
[Jun  2 17:43:21] WARNING[327] ari/ari_websockets.c: WebSocket read error: Connection reset by peer
[Jun  2 17:51:23] ERROR[65] cdr_csv.c: Unable to open file /var/log/asterisk//cdr-csv//Master.csv : No such file or directory
[Jun  2 17:51:23] WARNING[65] cdr_csv.c: Unable to write CSV record to master '/var/log/asterisk//cdr-csv//Master.csv' : No such file or directory
[Jun  2 18:00:12] WARNING[133] res_http_websocket.c: Web socket closed abruptly
[Jun  2 18:00:12] WARNING[133] ari/ari_websockets.c: WebSocket read error: Success
[Jun  2 18:00:13] WARNING[2231] res_http_websocket.c: Web socket closed abruptly
[Jun  2 18:00:13] WARNING[2231] ari/ari_websockets.c: WebSocket read error: Success
[Jun  2 18:00:15] ERROR[65] cdr_csv.c: Unable to open file /var/log/asterisk//cdr-csv//Master.csv : No such file or directory
[Jun  2 18:00:15] WARNING[65] cdr_csv.c: Unable to write CSV record to master '/var/log/asterisk//cdr-csv//Master.csv' : No such file or directory
[Jun  2 18:01:16] Asterisk 22.9.0 built by root @ buildkitsandbox on a x86_64 running Linux on 2026-05-20 09:05:33 UTC
[Jun  2 18:01:17] NOTICE[1] loader.c: 339 modules will be loaded.
[Jun  2 18:01:17] NOTICE[1] res_config_ldap.c: No directory user found, anonymous binding as default.
[Jun  2 18:01:17] ERROR[1] res_config_ldap.c: No directory URL or host found.
[Jun  2 18:01:17] ERROR[1] res_config_ldap.c: Cannot load LDAP RealTime driver.
[Jun  2 18:01:17] WARNING[1] res_config_pgsql.c: PostgreSQL RealTime: No database user found, using 'asterisk' as default.
[Jun  2 18:01:17] WARNING[1] res_config_pgsql.c: PostgreSQL RealTime: No database password found, using 'asterisk' as default.
[Jun  2 18:01:17] WARNING[1] res_config_pgsql.c: PostgreSQL RealTime: No database host found, using localhost via socket.
[Jun  2 18:01:17] WARNING[1] res_config_pgsql.c: PostgreSQL RealTime: No database name found, using 'asterisk' as default.
[Jun  2 18:01:17] WARNING[1] res_config_pgsql.c: PostgreSQL RealTime: No database port found, using 5432 as default.
[Jun  2 18:01:17] WARNING[1] res_config_pgsql.c: PostgreSQL RealTime: No database socket found, using '/tmp/.s.PGSQL.5432' as default.
[Jun  2 18:01:17] ERROR[1] res_config_pgsql.c: PostgreSQL RealTime: Failed to connect database asterisk on : 
[Jun  2 18:01:17] WARNING[1] res_config_pgsql.c: PostgreSQL RealTime: Couldn't establish connection. Check debug.
[Jun  2 18:01:17] NOTICE[1] cdr.c: CDR simple logging enabled.
[Jun  2 18:01:17] NOTICE[1] indications.c: Default country for indication tones: us
[Jun  2 18:01:17] NOTICE[1] indications.c: Setting default indication country to 'us'
[Jun  2 18:01:17] WARNING[1] res_musiconhold.c: No music on hold classes configured, disabling music on hold.
[Jun  2 18:01:17] NOTICE[1] res_smdi.c: No SMDI interfaces are available to listen on, not starting SMDI listener.
[Jun  2 18:01:17] WARNING[1] res_phoneprov.c: Unable to find a valid server address or name.
[Jun  2 18:01:18] NOTICE[1] confbridge/conf_config_parser.c: Adding default_menu menu to app_confbridge
[Jun  2 18:01:18] WARNING[1] cel_pgsql.c: CEL pgsql config file missing global section.
[Jun  2 18:01:18] NOTICE[1] cdr_pgsql.c: cdr_pgsql configuration contains no global section, skipping module load.
[Jun  2 18:01:18] NOTICE[1] cdrel_custom/config.c: cdr_custom.conf: Loaded 0 configs
[Jun  2 18:01:18] WARNING[1] config.c: parse error: No category context for line 64 of /etc/asterisk/cel_sqlite3_custom.conf
[Jun  2 18:01:18] ERROR[1] cdrel_custom/config.c: Unable to load cel_sqlite3_custom.conf. Not logging CELs to custom database
[Jun  2 18:01:18] NOTICE[1] cdrel_custom/config.c: cel_custom.conf: Loaded 0 configs
[Jun  2 18:01:18] NOTICE[1] cdrel_custom/config.c: cdr_sqlite3_custom.conf: Loaded 0 configs
[Jun  2 18:01:18] WARNING[1] ael/pval.c: Warning: file /etc/asterisk/extensions.ael, line 196-196: macro call to ael-dundi-e164 cannot be found in the AEL code!
[Jun  2 18:01:18] WARNING[1] ael/pval.c: Warning: file /etc/asterisk/extensions.ael, line 209-209: macro call to ael-dundi-e164 cannot be found in the AEL code!
[Jun  2 18:01:18] WARNING[1] ael/pval.c: Warning: file /etc/asterisk/extensions.ael, line 328-328: macro call to ael-std-exten-ael cannot be found in the AEL code!
[Jun  2 18:01:18] WARNING[1] loader.c: Some non-required modules failed to load.
[Jun  2 18:01:18] WARNING[1] loader.c: Module 'res_adsi' has been loaded but may be removed in a future release.
[Jun  2 18:01:18] WARNING[1] loader.c: Module 'app_getcpeid' has been loaded but may be removed in a future release.
[Jun  2 18:01:18] WARNING[1] loader.c: Module 'app_adsiprog' has been loaded but may be removed in a future release.
[Jun  2 18:01:18] ERROR[1] loader.c: Error loading module 'format_ogg_vorbis.so': libvorbisenc.so.2: cannot open shared object file: No such file or directory
[Jun  2 18:01:18] ERROR[1] loader.c: cdr_pgsql declined to load.
[Jun  2 18:01:18] ERROR[1] loader.c: cdr_custom declined to load.
[Jun  2 18:01:18] ERROR[1] loader.c: cel_sqlite3_custom declined to load.
[Jun  2 18:01:18] ERROR[1] loader.c: cel_custom declined to load.
[Jun  2 18:01:18] ERROR[1] loader.c: cdr_sqlite3_custom declined to load.
[Jun  2 18:01:18] WARNING[34] pbx_config.c: users.conf is deprecated and will be removed in a future version of Asterisk
[Jun  2 18:03:39] ERROR[54] cdr_csv.c: Unable to open file /var/log/asterisk//cdr-csv//Master.csv : No such file or directory
[Jun  2 18:03:39] WARNING[54] cdr_csv.c: Unable to write CSV record to master '/var/log/asterisk//cdr-csv//Master.csv' : No such file or directory
[Jun  2 18:10:24] WARNING[186] res_http_websocket.c: Web socket closed abruptly
[Jun  2 18:10:24] WARNING[186] ari/ari_websockets.c: WebSocket read error: Success
[Jun  2 18:10:28] WARNING[144] res_http_websocket.c: Web socket closed abruptly
[Jun  2 18:10:28] WARNING[144] ari/ari_websockets.c: WebSocket read error: Success
[Jun  2 18:10:29] ERROR[54] cdr_csv.c: Unable to open file /var/log/asterisk//cdr-csv//Master.csv : No such file or directory
[Jun  2 18:10:29] WARNING[54] cdr_csv.c: Unable to write CSV record to master '/var/log/asterisk//cdr-csv//Master.csv' : No such file or directory
[Jun  2 18:11:29] Asterisk 22.9.0 built by root @ buildkitsandbox on a x86_64 running Linux on 2026-05-20 09:05:33 UTC
[Jun  2 18:11:29] NOTICE[1] loader.c: 339 modules will be loaded.
[Jun  2 18:11:29] NOTICE[1] res_config_ldap.c: No directory user found, anonymous binding as default.
[Jun  2 18:11:29] ERROR[1] res_config_ldap.c: No directory URL or host found.
[Jun  2 18:11:29] ERROR[1] res_config_ldap.c: Cannot load LDAP RealTime driver.
[Jun  2 18:11:29] WARNING[1] res_config_pgsql.c: PostgreSQL RealTime: No database user found, using 'asterisk' as default.
[Jun  2 18:11:29] WARNING[1] res_config_pgsql.c: PostgreSQL RealTime: No database password found, using 'asterisk' as default.
[Jun  2 18:11:29] WARNING[1] res_config_pgsql.c: PostgreSQL RealTime: No database host found, using localhost via socket.
[Jun  2 18:11:29] WARNING[1] res_config_pgsql.c: PostgreSQL RealTime: No database name found, using 'asterisk' as default.
[Jun  2 18:11:29] WARNING[1] res_config_pgsql.c: PostgreSQL RealTime: No database port found, using 5432 as default.
[Jun  2 18:11:29] WARNING[1] res_config_pgsql.c: PostgreSQL RealTime: No database socket found, using '/tmp/.s.PGSQL.5432' as default.
[Jun  2 18:11:29] ERROR[1] res_config_pgsql.c: PostgreSQL RealTime: Failed to connect database asterisk on : 
[Jun  2 18:11:29] WARNING[1] res_config_pgsql.c: PostgreSQL RealTime: Couldn't establish connection. Check debug.
[Jun  2 18:11:29] NOTICE[1] cdr.c: CDR simple logging enabled.
[Jun  2 18:11:29] NOTICE[1] indications.c: Default country for indication tones: us
[Jun  2 18:11:29] NOTICE[1] indications.c: Setting default indication country to 'us'
[Jun  2 18:11:30] WARNING[1] res_musiconhold.c: No music on hold classes configured, disabling music on hold.
[Jun  2 18:11:30] NOTICE[1] res_smdi.c: No SMDI interfaces are available to listen on, not starting SMDI listener.
[Jun  2 18:11:30] WARNING[1] res_phoneprov.c: Unable to find a valid server address or name.
[Jun  2 18:11:30] NOTICE[1] confbridge/conf_config_parser.c: Adding default_menu menu to app_confbridge
[Jun  2 18:11:30] WARNING[1] cel_pgsql.c: CEL pgsql config file missing global section.
[Jun  2 18:11:30] NOTICE[1] cdr_pgsql.c: cdr_pgsql configuration contains no global section, skipping module load.
[Jun  2 18:11:30] NOTICE[1] cdrel_custom/config.c: cdr_custom.conf: Loaded 0 configs
[Jun  2 18:11:30] WARNING[1] config.c: parse error: No category context for line 64 of /etc/asterisk/cel_sqlite3_custom.conf
[Jun  2 18:11:30] ERROR[1] cdrel_custom/config.c: Unable to load cel_sqlite3_custom.conf. Not logging CELs to custom database
[Jun  2 18:11:30] NOTICE[1] cdrel_custom/config.c: cel_custom.conf: Loaded 0 configs
[Jun  2 18:11:30] NOTICE[1] cdrel_custom/config.c: cdr_sqlite3_custom.conf: Loaded 0 configs
[Jun  2 18:11:30] WARNING[1] ael/pval.c: Warning: file /etc/asterisk/extensions.ael, line 196-196: macro call to ael-dundi-e164 cannot be found in the AEL code!
[Jun  2 18:11:30] WARNING[1] ael/pval.c: Warning: file /etc/asterisk/extensions.ael, line 209-209: macro call to ael-dundi-e164 cannot be found in the AEL code!
[Jun  2 18:11:30] WARNING[1] ael/pval.c: Warning: file /etc/asterisk/extensions.ael, line 328-328: macro call to ael-std-exten-ael cannot be found in the AEL code!
[Jun  2 18:11:30] WARNING[1] loader.c: Some non-required modules failed to load.
[Jun  2 18:11:30] WARNING[1] loader.c: Module 'res_adsi' has been loaded but may be removed in a future release.
[Jun  2 18:11:30] WARNING[1] loader.c: Module 'app_getcpeid' has been loaded but may be removed in a future release.
[Jun  2 18:11:30] WARNING[1] loader.c: Module 'app_adsiprog' has been loaded but may be removed in a future release.
[Jun  2 18:11:30] ERROR[1] loader.c: Error loading module 'format_ogg_vorbis.so': libvorbisenc.so.2: cannot open shared object file: No such file or directory
[Jun  2 18:11:30] ERROR[1] loader.c: cdr_pgsql declined to load.
[Jun  2 18:11:30] ERROR[1] loader.c: cdr_custom declined to load.
[Jun  2 18:11:30] ERROR[1] loader.c: cel_sqlite3_custom declined to load.
[Jun  2 18:11:30] ERROR[1] loader.c: cel_custom declined to load.
[Jun  2 18:11:30] ERROR[1] loader.c: cdr_sqlite3_custom declined to load.
[Jun  2 18:11:30] WARNING[25] pbx_config.c: users.conf is deprecated and will be removed in a future version of Asterisk
[Jun  2 18:12:24] Asterisk 22.9.0 built by root @ buildkitsandbox on a x86_64 running Linux on 2026-05-20 09:05:33 UTC
[Jun  2 18:12:24] NOTICE[1] loader.c: 339 modules will be loaded.
[Jun  2 18:12:24] NOTICE[1] res_config_ldap.c: No directory user found, anonymous binding as default.
[Jun  2 18:12:24] ERROR[1] res_config_ldap.c: No directory URL or host found.
[Jun  2 18:12:24] ERROR[1] res_config_ldap.c: Cannot load LDAP RealTime driver.
[Jun  2 18:12:24] WARNING[1] res_config_pgsql.c: PostgreSQL RealTime: No database user found, using 'asterisk' as default.
[Jun  2 18:12:24] WARNING[1] res_config_pgsql.c: PostgreSQL RealTime: No database password found, using 'asterisk' as default.
[Jun  2 18:12:24] WARNING[1] res_config_pgsql.c: PostgreSQL RealTime: No database host found, using localhost via socket.
[Jun  2 18:12:24] WARNING[1] res_config_pgsql.c: PostgreSQL RealTime: No database name found, using 'asterisk' as default.
[Jun  2 18:12:24] WARNING[1] res_config_pgsql.c: PostgreSQL RealTime: No database port found, using 5432 as default.
[Jun  2 18:12:24] WARNING[1] res_config_pgsql.c: PostgreSQL RealTime: No database socket found, using '/tmp/.s.PGSQL.5432' as default.
[Jun  2 18:12:24] ERROR[1] res_config_pgsql.c: PostgreSQL RealTime: Failed to connect database asterisk on : 
[Jun  2 18:12:24] WARNING[1] res_config_pgsql.c: PostgreSQL RealTime: Couldn't establish connection. Check debug.
[Jun  2 18:12:24] NOTICE[1] cdr.c: CDR simple logging enabled.
[Jun  2 18:12:24] NOTICE[1] indications.c: Default country for indication tones: us
[Jun  2 18:12:24] NOTICE[1] indications.c: Setting default indication country to 'us'
[Jun  2 18:12:24] WARNING[1] res_musiconhold.c: No music on hold classes configured, disabling music on hold.
[Jun  2 18:12:24] NOTICE[1] res_smdi.c: No SMDI interfaces are available to listen on, not starting SMDI listener.
[Jun  2 18:12:24] WARNING[1] res_phoneprov.c: Unable to find a valid server address or name.
[Jun  2 18:12:25] NOTICE[1] confbridge/conf_config_parser.c: Adding default_menu menu to app_confbridge
[Jun  2 18:12:25] WARNING[1] cel_pgsql.c: CEL pgsql config file missing global section.
[Jun  2 18:12:25] NOTICE[1] cdr_pgsql.c: cdr_pgsql configuration contains no global section, skipping module load.
[Jun  2 18:12:25] NOTICE[1] cdrel_custom/config.c: cdr_custom.conf: Loaded 0 configs
[Jun  2 18:12:25] WARNING[1] config.c: parse error: No category context for line 64 of /etc/asterisk/cel_sqlite3_custom.conf
[Jun  2 18:12:25] ERROR[1] cdrel_custom/config.c: Unable to load cel_sqlite3_custom.conf. Not logging CELs to custom database
[Jun  2 18:12:25] NOTICE[1] cdrel_custom/config.c: cel_custom.conf: Loaded 0 configs
[Jun  2 18:12:25] NOTICE[1] cdrel_custom/config.c: cdr_sqlite3_custom.conf: Loaded 0 configs
[Jun  2 18:12:25] WARNING[1] ael/pval.c: Warning: file /etc/asterisk/extensions.ael, line 196-196: macro call to ael-dundi-e164 cannot be found in the AEL code!
[Jun  2 18:12:25] WARNING[1] ael/pval.c: Warning: file /etc/asterisk/extensions.ael, line 209-209: macro call to ael-dundi-e164 cannot be found in the AEL code!
[Jun  2 18:12:25] WARNING[1] ael/pval.c: Warning: file /etc/asterisk/extensions.ael, line 328-328: macro call to ael-std-exten-ael cannot be found in the AEL code!
[Jun  2 18:12:25] WARNING[1] loader.c: Some non-required modules failed to load.
[Jun  2 18:12:25] WARNING[1] loader.c: Module 'res_adsi' has been loaded but may be removed in a future release.
[Jun  2 18:12:25] WARNING[1] loader.c: Module 'app_getcpeid' has been loaded but may be removed in a future release.
[Jun  2 18:12:25] WARNING[1] loader.c: Module 'app_adsiprog' has been loaded but may be removed in a future release.
[Jun  2 18:12:25] ERROR[1] loader.c: Error loading module 'format_ogg_vorbis.so': libvorbisenc.so.2: cannot open shared object file: No such file or directory
[Jun  2 18:12:25] ERROR[1] loader.c: cdr_pgsql declined to load.
[Jun  2 18:12:25] ERROR[1] loader.c: cdr_custom declined to load.
[Jun  2 18:12:25] ERROR[1] loader.c: cel_sqlite3_custom declined to load.
[Jun  2 18:12:25] ERROR[1] loader.c: cel_custom declined to load.
[Jun  2 18:12:25] ERROR[1] loader.c: cdr_sqlite3_custom declined to load.
[Jun  2 18:12:25] WARNING[24] pbx_config.c: users.conf is deprecated and will be removed in a future version of Asterisk
[Jun  2 18:14:02] ERROR[47] res_pjsip.c: Endpoint '100': Could not create dialog to invalid URI '100'.  Is endpoint registered and reachable?
[Jun  2 18:14:02] ERROR[47] chan_pjsip.c: Failed to create outgoing session to endpoint '100'
[Jun  2 18:16:31] ERROR[44] cdr_csv.c: Unable to open file /var/log/asterisk//cdr-csv//Master.csv : No such file or directory
[Jun  2 18:16:31] WARNING[44] cdr_csv.c: Unable to write CSV record to master '/var/log/asterisk//cdr-csv//Master.csv' : No such file or directory
[Jun  2 18:20:31] WARNING[728] stasis/app.c: Not creating context 'stasis-python' for Stasis application 'python' because it already exists
[Jun  2 18:21:59] ERROR[44] cdr_csv.c: Unable to open file /var/log/asterisk//cdr-csv//Master.csv : No such file or directory
[Jun  2 18:21:59] WARNING[44] cdr_csv.c: Unable to write CSV record to master '/var/log/asterisk//cdr-csv//Master.csv' : No such file or directory
[Jun  2 18:40:30] Asterisk 22.9.0 built by root @ buildkitsandbox on a x86_64 running Linux on 2026-05-20 09:05:33 UTC
[Jun  2 18:40:30] NOTICE[1] loader.c: 339 modules will be loaded.
[Jun  2 18:40:31] NOTICE[1] res_config_ldap.c: No directory user found, anonymous binding as default.
[Jun  2 18:40:31] ERROR[1] res_config_ldap.c: No directory URL or host found.
[Jun  2 18:40:31] ERROR[1] res_config_ldap.c: Cannot load LDAP RealTime driver.
[Jun  2 18:40:31] WARNING[1] res_config_pgsql.c: PostgreSQL RealTime: No database user found, using 'asterisk' as default.
[Jun  2 18:40:31] WARNING[1] res_config_pgsql.c: PostgreSQL RealTime: No database password found, using 'asterisk' as default.
[Jun  2 18:40:31] WARNING[1] res_config_pgsql.c: PostgreSQL RealTime: No database host found, using localhost via socket.
[Jun  2 18:40:31] WARNING[1] res_config_pgsql.c: PostgreSQL RealTime: No database name found, using 'asterisk' as default.
[Jun  2 18:40:31] WARNING[1] res_config_pgsql.c: PostgreSQL RealTime: No database port found, using 5432 as default.
[Jun  2 18:40:31] WARNING[1] res_config_pgsql.c: PostgreSQL RealTime: No database socket found, using '/tmp/.s.PGSQL.5432' as default.
[Jun  2 18:40:31] ERROR[1] res_config_pgsql.c: PostgreSQL RealTime: Failed to connect database asterisk on : 
[Jun  2 18:40:31] WARNING[1] res_config_pgsql.c: PostgreSQL RealTime: Couldn't establish connection. Check debug.
[Jun  2 18:40:31] NOTICE[1] cdr.c: CDR simple logging enabled.
[Jun  2 18:40:31] NOTICE[1] indications.c: Default country for indication tones: us
[Jun  2 18:40:31] NOTICE[1] indications.c: Setting default indication country to 'us'
[Jun  2 18:40:31] WARNING[1] res_musiconhold.c: No music on hold classes configured, disabling music on hold.
[Jun  2 18:40:31] NOTICE[1] res_smdi.c: No SMDI interfaces are available to listen on, not starting SMDI listener.
[Jun  2 18:40:31] WARNING[1] res_phoneprov.c: Unable to find a valid server address or name.
[Jun  2 18:40:31] NOTICE[1] confbridge/conf_config_parser.c: Adding default_menu menu to app_confbridge
[Jun  2 18:40:31] WARNING[1] cel_pgsql.c: CEL pgsql config file missing global section.
[Jun  2 18:40:31] NOTICE[1] cdr_pgsql.c: cdr_pgsql configuration contains no global section, skipping module load.
[Jun  2 18:40:31] NOTICE[1] cdrel_custom/config.c: cdr_custom.conf: Loaded 0 configs
[Jun  2 18:40:31] WARNING[1] config.c: parse error: No category context for line 64 of /etc/asterisk/cel_sqlite3_custom.conf
[Jun  2 18:40:31] ERROR[1] cdrel_custom/config.c: Unable to load cel_sqlite3_custom.conf. Not logging CELs to custom database
[Jun  2 18:40:31] NOTICE[1] cdrel_custom/config.c: cel_custom.conf: Loaded 0 configs
[Jun  2 18:40:31] NOTICE[1] cdrel_custom/config.c: cdr_sqlite3_custom.conf: Loaded 0 configs
[Jun  2 18:40:31] WARNING[1] ael/pval.c: Warning: file /etc/asterisk/extensions.ael, line 196-196: macro call to ael-dundi-e164 cannot be found in the AEL code!
[Jun  2 18:40:31] WARNING[1] ael/pval.c: Warning: file /etc/asterisk/extensions.ael, line 209-209: macro call to ael-dundi-e164 cannot be found in the AEL code!
[Jun  2 18:40:31] WARNING[1] ael/pval.c: Warning: file /etc/asterisk/extensions.ael, line 328-328: macro call to ael-std-exten-ael cannot be found in the AEL code!
[Jun  2 18:40:32] WARNING[1] loader.c: Some non-required modules failed to load.
[Jun  2 18:40:32] WARNING[1] loader.c: Module 'res_adsi' has been loaded but may be removed in a future release.
[Jun  2 18:40:32] WARNING[1] loader.c: Module 'app_getcpeid' has been loaded but may be removed in a future release.
[Jun  2 18:40:32] WARNING[1] loader.c: Module 'app_adsiprog' has been loaded but may be removed in a future release.
[Jun  2 18:40:32] ERROR[1] loader.c: Error loading module 'format_ogg_vorbis.so': libvorbisenc.so.2: cannot open shared object file: No such file or directory
[Jun  2 18:40:32] ERROR[1] loader.c: cdr_pgsql declined to load.
[Jun  2 18:40:32] ERROR[1] loader.c: cdr_custom declined to load.
[Jun  2 18:40:32] ERROR[1] loader.c: cel_sqlite3_custom declined to load.
[Jun  2 18:40:32] ERROR[1] loader.c: cel_custom declined to load.
[Jun  2 18:40:32] ERROR[1] loader.c: cdr_sqlite3_custom declined to load.
[Jun  2 18:40:32] WARNING[33] pbx_config.c: users.conf is deprecated and will be removed in a future version of Asterisk
[Jun  2 18:44:32] WARNING[428] stasis/app.c: Not creating context 'stasis-python' for Stasis application 'python' because it already exists
[Jun  2 18:44:42] ERROR[53] cdr_csv.c: Unable to open file /var/log/asterisk//cdr-csv//Master.csv : No such file or directory
[Jun  2 18:44:42] WARNING[53] cdr_csv.c: Unable to write CSV record to master '/var/log/asterisk//cdr-csv//Master.csv' : No such file or directory
[Jun  2 18:45:44] ERROR[53] cdr_csv.c: Unable to open file /var/log/asterisk//cdr-csv//Master.csv : No such file or directory
[Jun  2 18:45:44] WARNING[53] cdr_csv.c: Unable to write CSV record to master '/var/log/asterisk//cdr-csv//Master.csv' : No such file or directory
[Jun  2 18:53:38] WARNING[142] res_http_websocket.c: Web socket closed abruptly
[Jun  2 18:53:38] WARNING[142] ari/ari_websockets.c: WebSocket read error: Success
[Jun  2 18:53:42] ERROR[53] cdr_csv.c: Unable to open file /var/log/asterisk//cdr-csv//Master.csv : No such file or directory
[Jun  2 18:53:42] WARNING[53] cdr_csv.c: Unable to write CSV record to master '/var/log/asterisk//cdr-csv//Master.csv' : No such file or directory
[Jun  2 18:53:42] ERROR[53] cdr_csv.c: Unable to open file /var/log/asterisk//cdr-csv//Master.csv : No such file or directory
[Jun  2 18:53:42] WARNING[53] cdr_csv.c: Unable to write CSV record to master '/var/log/asterisk//cdr-csv//Master.csv' : No such file or directory
[Jun  2 18:54:35] Asterisk 22.9.0 built by root @ buildkitsandbox on a x86_64 running Linux on 2026-05-20 09:05:33 UTC
[Jun  2 18:54:35] NOTICE[1] loader.c: 339 modules will be loaded.
[Jun  2 18:54:36] NOTICE[1] res_config_ldap.c: No directory user found, anonymous binding as default.
[Jun  2 18:54:36] ERROR[1] res_config_ldap.c: No directory URL or host found.
[Jun  2 18:54:36] ERROR[1] res_config_ldap.c: Cannot load LDAP RealTime driver.
[Jun  2 18:54:36] WARNING[1] res_config_pgsql.c: PostgreSQL RealTime: No database user found, using 'asterisk' as default.
[Jun  2 18:54:36] WARNING[1] res_config_pgsql.c: PostgreSQL RealTime: No database password found, using 'asterisk' as default.
[Jun  2 18:54:36] WARNING[1] res_config_pgsql.c: PostgreSQL RealTime: No database host found, using localhost via socket.
[Jun  2 18:54:36] WARNING[1] res_config_pgsql.c: PostgreSQL RealTime: No database name found, using 'asterisk' as default.
[Jun  2 18:54:36] WARNING[1] res_config_pgsql.c: PostgreSQL RealTime: No database port found, using 5432 as default.
[Jun  2 18:54:36] WARNING[1] res_config_pgsql.c: PostgreSQL RealTime: No database socket found, using '/tmp/.s.PGSQL.5432' as default.
[Jun  2 18:54:36] ERROR[1] res_config_pgsql.c: PostgreSQL RealTime: Failed to connect database asterisk on : 
[Jun  2 18:54:36] WARNING[1] res_config_pgsql.c: PostgreSQL RealTime: Couldn't establish connection. Check debug.
[Jun  2 18:54:36] NOTICE[1] cdr.c: CDR simple logging enabled.
[Jun  2 18:54:36] NOTICE[1] indications.c: Default country for indication tones: us
[Jun  2 18:54:36] NOTICE[1] indications.c: Setting default indication country to 'us'
[Jun  2 18:54:36] WARNING[1] res_musiconhold.c: No music on hold classes configured, disabling music on hold.
[Jun  2 18:54:36] NOTICE[1] res_smdi.c: No SMDI interfaces are available to listen on, not starting SMDI listener.
[Jun  2 18:54:36] WARNING[1] res_phoneprov.c: Unable to find a valid server address or name.
[Jun  2 18:54:37] NOTICE[1] confbridge/conf_config_parser.c: Adding default_menu menu to app_confbridge
[Jun  2 18:54:37] WARNING[1] cel_pgsql.c: CEL pgsql config file missing global section.
[Jun  2 18:54:37] NOTICE[1] cdr_pgsql.c: cdr_pgsql configuration contains no global section, skipping module load.
[Jun  2 18:54:37] NOTICE[1] cdrel_custom/config.c: cdr_custom.conf: Loaded 0 configs
[Jun  2 18:54:37] WARNING[1] config.c: parse error: No category context for line 64 of /etc/asterisk/cel_sqlite3_custom.conf
[Jun  2 18:54:37] ERROR[1] cdrel_custom/config.c: Unable to load cel_sqlite3_custom.conf. Not logging CELs to custom database
[Jun  2 18:54:37] NOTICE[1] cdrel_custom/config.c: cel_custom.conf: Loaded 0 configs
[Jun  2 18:54:37] NOTICE[1] cdrel_custom/config.c: cdr_sqlite3_custom.conf: Loaded 0 configs
[Jun  2 18:54:37] WARNING[1] ael/pval.c: Warning: file /etc/asterisk/extensions.ael, line 196-196: macro call to ael-dundi-e164 cannot be found in the AEL code!
[Jun  2 18:54:37] WARNING[1] ael/pval.c: Warning: file /etc/asterisk/extensions.ael, line 209-209: macro call to ael-dundi-e164 cannot be found in the AEL code!
[Jun  2 18:54:37] WARNING[1] ael/pval.c: Warning: file /etc/asterisk/extensions.ael, line 328-328: macro call to ael-std-exten-ael cannot be found in the AEL code!
[Jun  2 18:54:37] WARNING[1] loader.c: Some non-required modules failed to load.
[Jun  2 18:54:37] WARNING[1] loader.c: Module 'res_adsi' has been loaded but may be removed in a future release.
[Jun  2 18:54:37] WARNING[1] loader.c: Module 'app_getcpeid' has been loaded but may be removed in a future release.
[Jun  2 18:54:37] WARNING[1] loader.c: Module 'app_adsiprog' has been loaded but may be removed in a future release.
[Jun  2 18:54:37] ERROR[1] loader.c: Error loading module 'format_ogg_vorbis.so': libvorbisenc.so.2: cannot open shared object file: No such file or directory
[Jun  2 18:54:37] ERROR[1] loader.c: cdr_pgsql declined to load.
[Jun  2 18:54:37] ERROR[1] loader.c: cdr_custom declined to load.
[Jun  2 18:54:37] ERROR[1] loader.c: cel_sqlite3_custom declined to load.
[Jun  2 18:54:37] ERROR[1] loader.c: cel_custom declined to load.
[Jun  2 18:54:37] ERROR[1] loader.c: cdr_sqlite3_custom declined to load.
[Jun  2 18:54:37] WARNING[24] pbx_config.c: users.conf is deprecated and will be removed in a future version of Asterisk
[Jun  2 18:58:29] ERROR[44] cdr_csv.c: Unable to open file /var/log/asterisk//cdr-csv//Master.csv : No such file or directory
[Jun  2 18:58:29] WARNING[44] cdr_csv.c: Unable to write CSV record to master '/var/log/asterisk//cdr-csv//Master.csv' : No such file or directory
[Jun  2 19:00:37] WARNING[175] res_http_websocket.c: Web socket closed abruptly
[Jun  2 19:00:37] WARNING[175] ari/ari_websockets.c: WebSocket read error: Success
[Jun  2 19:00:54] WARNING[133] res_http_websocket.c: Web socket closed abruptly
[Jun  2 19:00:54] WARNING[133] ari/ari_websockets.c: WebSocket read error: Success
[Jun  2 19:00:56] ERROR[44] cdr_csv.c: Unable to open file /var/log/asterisk//cdr-csv//Master.csv : No such file or directory
[Jun  2 19:00:56] WARNING[44] cdr_csv.c: Unable to write CSV record to master '/var/log/asterisk//cdr-csv//Master.csv' : No such file or directory
[Jun  3 14:40:39] Asterisk 22.9.0 built by root @ buildkitsandbox on a x86_64 running Linux on 2026-05-20 09:05:33 UTC
[Jun  3 14:40:39] NOTICE[1] loader.c: 339 modules will be loaded.
[Jun  3 14:40:40] NOTICE[1] res_config_ldap.c: No directory user found, anonymous binding as default.
[Jun  3 14:40:40] ERROR[1] res_config_ldap.c: No directory URL or host found.
[Jun  3 14:40:40] ERROR[1] res_config_ldap.c: Cannot load LDAP RealTime driver.
[Jun  3 14:40:40] WARNING[1] res_config_pgsql.c: PostgreSQL RealTime: No database user found, using 'asterisk' as default.
[Jun  3 14:40:40] WARNING[1] res_config_pgsql.c: PostgreSQL RealTime: No database password found, using 'asterisk' as default.
[Jun  3 14:40:40] WARNING[1] res_config_pgsql.c: PostgreSQL RealTime: No database host found, using localhost via socket.
[Jun  3 14:40:40] WARNING[1] res_config_pgsql.c: PostgreSQL RealTime: No database name found, using 'asterisk' as default.
[Jun  3 14:40:40] WARNING[1] res_config_pgsql.c: PostgreSQL RealTime: No database port found, using 5432 as default.
[Jun  3 14:40:40] WARNING[1] res_config_pgsql.c: PostgreSQL RealTime: No database socket found, using '/tmp/.s.PGSQL.5432' as default.
[Jun  3 14:40:40] ERROR[1] res_config_pgsql.c: PostgreSQL RealTime: Failed to connect database asterisk on : 
[Jun  3 14:40:40] WARNING[1] res_config_pgsql.c: PostgreSQL RealTime: Couldn't establish connection. Check debug.
[Jun  3 14:40:40] NOTICE[1] cdr.c: CDR simple logging enabled.
[Jun  3 14:40:40] NOTICE[1] indications.c: Default country for indication tones: us
[Jun  3 14:40:40] NOTICE[1] indications.c: Setting default indication country to 'us'
[Jun  3 14:40:40] WARNING[1] res_musiconhold.c: No music on hold classes configured, disabling music on hold.
[Jun  3 14:40:40] NOTICE[1] res_smdi.c: No SMDI interfaces are available to listen on, not starting SMDI listener.
[Jun  3 14:40:40] WARNING[1] res_phoneprov.c: Unable to find a valid server address or name.
[Jun  3 14:40:41] NOTICE[1] confbridge/conf_config_parser.c: Adding default_menu menu to app_confbridge
[Jun  3 14:40:41] WARNING[1] cel_pgsql.c: CEL pgsql config file missing global section.
[Jun  3 14:40:41] NOTICE[1] cdr_pgsql.c: cdr_pgsql configuration contains no global section, skipping module load.
[Jun  3 14:40:41] NOTICE[1] cdrel_custom/config.c: cdr_custom.conf: Loaded 0 configs
[Jun  3 14:40:41] WARNING[1] config.c: parse error: No category context for line 64 of /etc/asterisk/cel_sqlite3_custom.conf
[Jun  3 14:40:41] ERROR[1] cdrel_custom/config.c: Unable to load cel_sqlite3_custom.conf. Not logging CELs to custom database
[Jun  3 14:40:41] NOTICE[1] cdrel_custom/config.c: cel_custom.conf: Loaded 0 configs
[Jun  3 14:40:41] NOTICE[1] cdrel_custom/config.c: cdr_sqlite3_custom.conf: Loaded 0 configs
[Jun  3 14:40:41] WARNING[1] ael/pval.c: Warning: file /etc/asterisk/extensions.ael, line 196-196: macro call to ael-dundi-e164 cannot be found in the AEL code!
[Jun  3 14:40:41] WARNING[1] ael/pval.c: Warning: file /etc/asterisk/extensions.ael, line 209-209: macro call to ael-dundi-e164 cannot be found in the AEL code!
[Jun  3 14:40:41] WARNING[1] ael/pval.c: Warning: file /etc/asterisk/extensions.ael, line 328-328: macro call to ael-std-exten-ael cannot be found in the AEL code!
[Jun  3 14:40:41] WARNING[1] loader.c: Some non-required modules failed to load.
[Jun  3 14:40:41] WARNING[1] loader.c: Module 'res_adsi' has been loaded but may be removed in a future release.
[Jun  3 14:40:41] WARNING[1] loader.c: Module 'app_getcpeid' has been loaded but may be removed in a future release.
[Jun  3 14:40:41] WARNING[1] loader.c: Module 'app_adsiprog' has been loaded but may be removed in a future release.
[Jun  3 14:40:41] ERROR[1] loader.c: Error loading module 'format_ogg_vorbis.so': libvorbisenc.so.2: cannot open shared object file: No such file or directory
[Jun  3 14:40:41] ERROR[1] loader.c: cdr_pgsql declined to load.
[Jun  3 14:40:41] ERROR[1] loader.c: cdr_custom declined to load.
[Jun  3 14:40:41] ERROR[1] loader.c: cel_sqlite3_custom declined to load.
[Jun  3 14:40:41] ERROR[1] loader.c: cel_custom declined to load.
[Jun  3 14:40:41] ERROR[1] loader.c: cdr_sqlite3_custom declined to load.
[Jun  3 14:40:41] WARNING[24] pbx_config.c: users.conf is deprecated and will be removed in a future version of Asterisk
[Jun  3 14:42:35] Asterisk 22.9.0 built by root @ buildkitsandbox on a x86_64 running Linux on 2026-05-20 09:05:33 UTC
[Jun  3 14:42:36] NOTICE[1] loader.c: 339 modules will be loaded.
[Jun  3 14:42:36] NOTICE[1] res_config_ldap.c: No directory user found, anonymous binding as default.
[Jun  3 14:42:36] ERROR[1] res_config_ldap.c: No directory URL or host found.
[Jun  3 14:42:36] ERROR[1] res_config_ldap.c: Cannot load LDAP RealTime driver.
[Jun  3 14:42:36] WARNING[1] res_config_pgsql.c: PostgreSQL RealTime: No database user found, using 'asterisk' as default.
[Jun  3 14:42:36] WARNING[1] res_config_pgsql.c: PostgreSQL RealTime: No database password found, using 'asterisk' as default.
[Jun  3 14:42:36] WARNING[1] res_config_pgsql.c: PostgreSQL RealTime: No database host found, using localhost via socket.
[Jun  3 14:42:36] WARNING[1] res_config_pgsql.c: PostgreSQL RealTime: No database name found, using 'asterisk' as default.
[Jun  3 14:42:36] WARNING[1] res_config_pgsql.c: PostgreSQL RealTime: No database port found, using 5432 as default.
[Jun  3 14:42:36] WARNING[1] res_config_pgsql.c: PostgreSQL RealTime: No database socket found, using '/tmp/.s.PGSQL.5432' as default.
[Jun  3 14:42:36] ERROR[1] res_config_pgsql.c: PostgreSQL RealTime: Failed to connect database asterisk on : 
[Jun  3 14:42:36] WARNING[1] res_config_pgsql.c: PostgreSQL RealTime: Couldn't establish connection. Check debug.
[Jun  3 14:42:36] NOTICE[1] cdr.c: CDR simple logging enabled.
[Jun  3 14:42:36] NOTICE[1] indications.c: Default country for indication tones: us
[Jun  3 14:42:36] NOTICE[1] indications.c: Setting default indication country to 'us'
[Jun  3 14:42:36] WARNING[1] res_musiconhold.c: No music on hold classes configured, disabling music on hold.
[Jun  3 14:42:36] NOTICE[1] res_smdi.c: No SMDI interfaces are available to listen on, not starting SMDI listener.
[Jun  3 14:42:36] WARNING[1] res_phoneprov.c: Unable to find a valid server address or name.
[Jun  3 14:42:37] NOTICE[1] confbridge/conf_config_parser.c: Adding default_menu menu to app_confbridge
[Jun  3 14:42:37] WARNING[1] cel_pgsql.c: CEL pgsql config file missing global section.
[Jun  3 14:42:37] NOTICE[1] cdr_pgsql.c: cdr_pgsql configuration contains no global section, skipping module load.
[Jun  3 14:42:37] NOTICE[1] cdrel_custom/config.c: cdr_custom.conf: Loaded 0 configs
[Jun  3 14:42:37] WARNING[1] config.c: parse error: No category context for line 64 of /etc/asterisk/cel_sqlite3_custom.conf
[Jun  3 14:42:37] ERROR[1] cdrel_custom/config.c: Unable to load cel_sqlite3_custom.conf. Not logging CELs to custom database
[Jun  3 14:42:37] NOTICE[1] cdrel_custom/config.c: cel_custom.conf: Loaded 0 configs
[Jun  3 14:42:37] NOTICE[1] cdrel_custom/config.c: cdr_sqlite3_custom.conf: Loaded 0 configs
[Jun  3 14:42:37] WARNING[1] ael/pval.c: Warning: file /etc/asterisk/extensions.ael, line 196-196: macro call to ael-dundi-e164 cannot be found in the AEL code!
[Jun  3 14:42:37] WARNING[1] ael/pval.c: Warning: file /etc/asterisk/extensions.ael, line 209-209: macro call to ael-dundi-e164 cannot be found in the AEL code!
[Jun  3 14:42:37] WARNING[1] ael/pval.c: Warning: file /etc/asterisk/extensions.ael, line 328-328: macro call to ael-std-exten-ael cannot be found in the AEL code!
[Jun  3 14:42:37] WARNING[1] loader.c: Some non-required modules failed to load.
[Jun  3 14:42:37] WARNING[1] loader.c: Module 'res_adsi' has been loaded but may be removed in a future release.
[Jun  3 14:42:37] WARNING[1] loader.c: Module 'app_getcpeid' has been loaded but may be removed in a future release.
[Jun  3 14:42:37] WARNING[1] loader.c: Module 'app_adsiprog' has been loaded but may be removed in a future release.
[Jun  3 14:42:37] ERROR[1] loader.c: Error loading module 'format_ogg_vorbis.so': libvorbisenc.so.2: cannot open shared object file: No such file or directory
[Jun  3 14:42:37] ERROR[1] loader.c: cdr_pgsql declined to load.
[Jun  3 14:42:37] ERROR[1] loader.c: cdr_custom declined to load.
[Jun  3 14:42:37] ERROR[1] loader.c: cel_sqlite3_custom declined to load.
[Jun  3 14:42:37] ERROR[1] loader.c: cel_custom declined to load.
[Jun  3 14:42:37] ERROR[1] loader.c: cdr_sqlite3_custom declined to load.
[Jun  3 14:42:37] WARNING[26] pbx_config.c: users.conf is deprecated and will be removed in a future version of Asterisk
[Jun  3 15:02:39] Asterisk 22.9.0 built by root @ buildkitsandbox on a x86_64 running Linux on 2026-05-20 09:05:33 UTC
[Jun  3 15:02:39] NOTICE[1] loader.c: 339 modules will be loaded.
[Jun  3 15:02:41] NOTICE[1] res_config_ldap.c: No directory user found, anonymous binding as default.
[Jun  3 15:02:41] ERROR[1] res_config_ldap.c: No directory URL or host found.
[Jun  3 15:02:41] ERROR[1] res_config_ldap.c: Cannot load LDAP RealTime driver.
[Jun  3 15:02:41] WARNING[1] res_config_pgsql.c: PostgreSQL RealTime: No database user found, using 'asterisk' as default.
[Jun  3 15:02:41] WARNING[1] res_config_pgsql.c: PostgreSQL RealTime: No database password found, using 'asterisk' as default.
[Jun  3 15:02:41] WARNING[1] res_config_pgsql.c: PostgreSQL RealTime: No database host found, using localhost via socket.
[Jun  3 15:02:41] WARNING[1] res_config_pgsql.c: PostgreSQL RealTime: No database name found, using 'asterisk' as default.
[Jun  3 15:02:41] WARNING[1] res_config_pgsql.c: PostgreSQL RealTime: No database port found, using 5432 as default.
[Jun  3 15:02:41] WARNING[1] res_config_pgsql.c: PostgreSQL RealTime: No database socket found, using '/tmp/.s.PGSQL.5432' as default.
[Jun  3 15:02:41] ERROR[1] res_config_pgsql.c: PostgreSQL RealTime: Failed to connect database asterisk on : 
[Jun  3 15:02:41] WARNING[1] res_config_pgsql.c: PostgreSQL RealTime: Couldn't establish connection. Check debug.
[Jun  3 15:02:41] NOTICE[1] cdr.c: CDR simple logging enabled.
[Jun  3 15:02:41] NOTICE[1] indications.c: Default country for indication tones: us
[Jun  3 15:02:41] NOTICE[1] indications.c: Setting default indication country to 'us'
[Jun  3 15:02:41] WARNING[1] res_musiconhold.c: No music on hold classes configured, disabling music on hold.
[Jun  3 15:02:42] NOTICE[1] res_smdi.c: No SMDI interfaces are available to listen on, not starting SMDI listener.
[Jun  3 15:02:42] WARNING[1] res_phoneprov.c: Unable to find a valid server address or name.
[Jun  3 15:02:42] NOTICE[1] confbridge/conf_config_parser.c: Adding default_menu menu to app_confbridge
[Jun  3 15:02:42] WARNING[1] cel_pgsql.c: CEL pgsql config file missing global section.
[Jun  3 15:02:42] NOTICE[1] cdr_pgsql.c: cdr_pgsql configuration contains no global section, skipping module load.
[Jun  3 15:02:42] NOTICE[1] cdrel_custom/config.c: cdr_custom.conf: Loaded 0 configs
[Jun  3 15:02:42] WARNING[1] config.c: parse error: No category context for line 64 of /etc/asterisk/cel_sqlite3_custom.conf
[Jun  3 15:02:42] ERROR[1] cdrel_custom/config.c: Unable to load cel_sqlite3_custom.conf. Not logging CELs to custom database
[Jun  3 15:02:42] NOTICE[1] cdrel_custom/config.c: cel_custom.conf: Loaded 0 configs
[Jun  3 15:02:42] NOTICE[1] cdrel_custom/config.c: cdr_sqlite3_custom.conf: Loaded 0 configs
[Jun  3 15:02:42] WARNING[1] ael/pval.c: Warning: file /etc/asterisk/extensions.ael, line 196-196: macro call to ael-dundi-e164 cannot be found in the AEL code!
[Jun  3 15:02:42] WARNING[1] ael/pval.c: Warning: file /etc/asterisk/extensions.ael, line 209-209: macro call to ael-dundi-e164 cannot be found in the AEL code!
[Jun  3 15:02:42] WARNING[1] ael/pval.c: Warning: file /etc/asterisk/extensions.ael, line 328-328: macro call to ael-std-exten-ael cannot be found in the AEL code!
[Jun  3 15:02:43] WARNING[1] loader.c: Some non-required modules failed to load.
[Jun  3 15:02:43] WARNING[1] loader.c: Module 'res_adsi' has been loaded but may be removed in a future release.
[Jun  3 15:02:43] WARNING[1] loader.c: Module 'app_getcpeid' has been loaded but may be removed in a future release.
[Jun  3 15:02:43] WARNING[1] loader.c: Module 'app_adsiprog' has been loaded but may be removed in a future release.
[Jun  3 15:02:43] ERROR[1] loader.c: Error loading module 'format_ogg_vorbis.so': libvorbisenc.so.2: cannot open shared object file: No such file or directory
[Jun  3 15:02:43] ERROR[1] loader.c: cdr_pgsql declined to load.
[Jun  3 15:02:43] ERROR[1] loader.c: cdr_custom declined to load.
[Jun  3 15:02:43] ERROR[1] loader.c: cel_sqlite3_custom declined to load.
[Jun  3 15:02:43] ERROR[1] loader.c: cel_custom declined to load.
[Jun  3 15:02:43] ERROR[1] loader.c: cdr_sqlite3_custom declined to load.
[Jun  3 15:02:43] WARNING[24] pbx_config.c: users.conf is deprecated and will be removed in a future version of Asterisk
[Jun  3 15:22:57] Asterisk 22.9.0 built by root @ buildkitsandbox on a x86_64 running Linux on 2026-05-20 09:05:33 UTC
[Jun  3 15:22:57] NOTICE[1] loader.c: 339 modules will be loaded.
[Jun  3 15:22:58] NOTICE[1] res_config_ldap.c: No directory user found, anonymous binding as default.
[Jun  3 15:22:58] ERROR[1] res_config_ldap.c: No directory URL or host found.
[Jun  3 15:22:58] ERROR[1] res_config_ldap.c: Cannot load LDAP RealTime driver.
[Jun  3 15:22:58] WARNING[1] res_config_pgsql.c: PostgreSQL RealTime: No database user found, using 'asterisk' as default.
[Jun  3 15:22:58] WARNING[1] res_config_pgsql.c: PostgreSQL RealTime: No database password found, using 'asterisk' as default.
[Jun  3 15:22:58] WARNING[1] res_config_pgsql.c: PostgreSQL RealTime: No database host found, using localhost via socket.
[Jun  3 15:22:58] WARNING[1] res_config_pgsql.c: PostgreSQL RealTime: No database name found, using 'asterisk' as default.
[Jun  3 15:22:58] WARNING[1] res_config_pgsql.c: PostgreSQL RealTime: No database port found, using 5432 as default.
[Jun  3 15:22:58] WARNING[1] res_config_pgsql.c: PostgreSQL RealTime: No database socket found, using '/tmp/.s.PGSQL.5432' as default.
[Jun  3 15:22:58] ERROR[1] res_config_pgsql.c: PostgreSQL RealTime: Failed to connect database asterisk on : 
[Jun  3 15:22:58] WARNING[1] res_config_pgsql.c: PostgreSQL RealTime: Couldn't establish connection. Check debug.
[Jun  3 15:22:58] NOTICE[1] cdr.c: CDR simple logging enabled.
[Jun  3 15:22:58] NOTICE[1] indications.c: Default country for indication tones: us
[Jun  3 15:22:58] NOTICE[1] indications.c: Setting default indication country to 'us'
[Jun  3 15:22:58] WARNING[1] res_musiconhold.c: No music on hold classes configured, disabling music on hold.
[Jun  3 15:22:58] NOTICE[1] res_smdi.c: No SMDI interfaces are available to listen on, not starting SMDI listener.
[Jun  3 15:22:58] WARNING[1] res_phoneprov.c: Unable to find a valid server address or name.
[Jun  3 15:22:59] NOTICE[1] confbridge/conf_config_parser.c: Adding default_menu menu to app_confbridge
[Jun  3 15:22:59] WARNING[1] cel_pgsql.c: CEL pgsql config file missing global section.
[Jun  3 15:22:59] NOTICE[1] cdr_pgsql.c: cdr_pgsql configuration contains no global section, skipping module load.
[Jun  3 15:22:59] NOTICE[1] cdrel_custom/config.c: cdr_custom.conf: Loaded 0 configs
[Jun  3 15:22:59] WARNING[1] config.c: parse error: No category context for line 64 of /etc/asterisk/cel_sqlite3_custom.conf
[Jun  3 15:22:59] ERROR[1] cdrel_custom/config.c: Unable to load cel_sqlite3_custom.conf. Not logging CELs to custom database
[Jun  3 15:22:59] NOTICE[1] cdrel_custom/config.c: cel_custom.conf: Loaded 0 configs
[Jun  3 15:22:59] NOTICE[1] cdrel_custom/config.c: cdr_sqlite3_custom.conf: Loaded 0 configs
[Jun  3 15:22:59] WARNING[1] ael/pval.c: Warning: file /etc/asterisk/extensions.ael, line 196-196: macro call to ael-dundi-e164 cannot be found in the AEL code!
[Jun  3 15:22:59] WARNING[1] ael/pval.c: Warning: file /etc/asterisk/extensions.ael, line 209-209: macro call to ael-dundi-e164 cannot be found in the AEL code!
[Jun  3 15:22:59] WARNING[1] ael/pval.c: Warning: file /etc/asterisk/extensions.ael, line 328-328: macro call to ael-std-exten-ael cannot be found in the AEL code!
[Jun  3 15:22:59] WARNING[1] loader.c: Some non-required modules failed to load.
[Jun  3 15:22:59] WARNING[1] loader.c: Module 'res_adsi' has been loaded but may be removed in a future release.
[Jun  3 15:22:59] WARNING[1] loader.c: Module 'app_getcpeid' has been loaded but may be removed in a future release.
[Jun  3 15:22:59] WARNING[1] loader.c: Module 'app_adsiprog' has been loaded but may be removed in a future release.
[Jun  3 15:22:59] ERROR[1] loader.c: Error loading module 'format_ogg_vorbis.so': libvorbisenc.so.2: cannot open shared object file: No such file or directory
[Jun  3 15:22:59] ERROR[1] loader.c: cdr_pgsql declined to load.
[Jun  3 15:22:59] ERROR[1] loader.c: cdr_custom declined to load.
[Jun  3 15:22:59] ERROR[1] loader.c: cel_sqlite3_custom declined to load.
[Jun  3 15:22:59] ERROR[1] loader.c: cel_custom declined to load.
[Jun  3 15:22:59] ERROR[1] loader.c: cdr_sqlite3_custom declined to load.
[Jun  3 15:22:59] WARNING[26] pbx_config.c: users.conf is deprecated and will be removed in a future version of Asterisk
[Jun  3 15:23:22] WARNING[133] res_http_websocket.c: Web socket closed abruptly
[Jun  3 15:23:22] WARNING[133] ari/ari_websockets.c: WebSocket read error: Success
[Jun  3 15:24:15] Asterisk 22.9.0 built by root @ buildkitsandbox on a x86_64 running Linux on 2026-05-20 09:05:33 UTC
[Jun  3 15:24:16] NOTICE[1] loader.c: 339 modules will be loaded.
[Jun  3 15:24:16] NOTICE[1] res_config_ldap.c: No directory user found, anonymous binding as default.
[Jun  3 15:24:16] ERROR[1] res_config_ldap.c: No directory URL or host found.
[Jun  3 15:24:16] ERROR[1] res_config_ldap.c: Cannot load LDAP RealTime driver.
[Jun  3 15:24:16] WARNING[1] res_config_pgsql.c: PostgreSQL RealTime: No database user found, using 'asterisk' as default.
[Jun  3 15:24:16] WARNING[1] res_config_pgsql.c: PostgreSQL RealTime: No database password found, using 'asterisk' as default.
[Jun  3 15:24:16] WARNING[1] res_config_pgsql.c: PostgreSQL RealTime: No database host found, using localhost via socket.
[Jun  3 15:24:16] WARNING[1] res_config_pgsql.c: PostgreSQL RealTime: No database name found, using 'asterisk' as default.
[Jun  3 15:24:16] WARNING[1] res_config_pgsql.c: PostgreSQL RealTime: No database port found, using 5432 as default.
[Jun  3 15:24:16] WARNING[1] res_config_pgsql.c: PostgreSQL RealTime: No database socket found, using '/tmp/.s.PGSQL.5432' as default.
[Jun  3 15:24:16] ERROR[1] res_config_pgsql.c: PostgreSQL RealTime: Failed to connect database asterisk on : 
[Jun  3 15:24:16] WARNING[1] res_config_pgsql.c: PostgreSQL RealTime: Couldn't establish connection. Check debug.
[Jun  3 15:24:16] NOTICE[1] cdr.c: CDR simple logging enabled.
[Jun  3 15:24:16] NOTICE[1] indications.c: Default country for indication tones: us
[Jun  3 15:24:16] NOTICE[1] indications.c: Setting default indication country to 'us'
[Jun  3 15:24:17] WARNING[1] res_musiconhold.c: No music on hold classes configured, disabling music on hold.
[Jun  3 15:24:17] NOTICE[1] res_smdi.c: No SMDI interfaces are available to listen on, not starting SMDI listener.
[Jun  3 15:24:17] WARNING[1] res_phoneprov.c: Unable to find a valid server address or name.
[Jun  3 15:24:17] NOTICE[1] confbridge/conf_config_parser.c: Adding default_menu menu to app_confbridge
[Jun  3 15:24:17] WARNING[1] cel_pgsql.c: CEL pgsql config file missing global section.
[Jun  3 15:24:17] NOTICE[1] cdr_pgsql.c: cdr_pgsql configuration contains no global section, skipping module load.
[Jun  3 15:24:17] NOTICE[1] cdrel_custom/config.c: cdr_custom.conf: Loaded 0 configs
[Jun  3 15:24:17] WARNING[1] config.c: parse error: No category context for line 64 of /etc/asterisk/cel_sqlite3_custom.conf
[Jun  3 15:24:17] ERROR[1] cdrel_custom/config.c: Unable to load cel_sqlite3_custom.conf. Not logging CELs to custom database
[Jun  3 15:24:17] NOTICE[1] cdrel_custom/config.c: cel_custom.conf: Loaded 0 configs
[Jun  3 15:24:17] NOTICE[1] cdrel_custom/config.c: cdr_sqlite3_custom.conf: Loaded 0 configs
[Jun  3 15:24:17] WARNING[1] ael/pval.c: Warning: file /etc/asterisk/extensions.ael, line 196-196: macro call to ael-dundi-e164 cannot be found in the AEL code!
[Jun  3 15:24:17] WARNING[1] ael/pval.c: Warning: file /etc/asterisk/extensions.ael, line 209-209: macro call to ael-dundi-e164 cannot be found in the AEL code!
[Jun  3 15:24:17] WARNING[1] ael/pval.c: Warning: file /etc/asterisk/extensions.ael, line 328-328: macro call to ael-std-exten-ael cannot be found in the AEL code!
[Jun  3 15:24:18] WARNING[1] loader.c: Some non-required modules failed to load.
[Jun  3 15:24:18] WARNING[1] loader.c: Module 'res_adsi' has been loaded but may be removed in a future release.
[Jun  3 15:24:18] WARNING[1] loader.c: Module 'app_getcpeid' has been loaded but may be removed in a future release.
[Jun  3 15:24:18] WARNING[1] loader.c: Module 'app_adsiprog' has been loaded but may be removed in a future release.
[Jun  3 15:24:18] ERROR[1] loader.c: Error loading module 'format_ogg_vorbis.so': libvorbisenc.so.2: cannot open shared object file: No such file or directory
[Jun  3 15:24:18] ERROR[1] loader.c: cdr_pgsql declined to load.
[Jun  3 15:24:18] ERROR[1] loader.c: cdr_custom declined to load.
[Jun  3 15:24:18] ERROR[1] loader.c: cel_sqlite3_custom declined to load.
[Jun  3 15:24:18] ERROR[1] loader.c: cel_custom declined to load.
[Jun  3 15:24:18] ERROR[1] loader.c: cdr_sqlite3_custom declined to load.
[Jun  3 15:24:18] WARNING[24] pbx_config.c: users.conf is deprecated and will be removed in a future version of Asterisk
[Jun  3 15:29:10] WARNING[134] res_http_websocket.c: Web socket closed abruptly
[Jun  3 15:29:10] WARNING[134] ari/ari_websockets.c: WebSocket read error: Success
[Jun  3 15:30:13] Asterisk 22.9.0 built by root @ buildkitsandbox on a x86_64 running Linux on 2026-05-20 09:05:33 UTC
[Jun  3 15:30:13] NOTICE[1] loader.c: 339 modules will be loaded.
[Jun  3 15:30:14] NOTICE[1] res_config_ldap.c: No directory user found, anonymous binding as default.
[Jun  3 15:30:14] ERROR[1] res_config_ldap.c: No directory URL or host found.
[Jun  3 15:30:14] ERROR[1] res_config_ldap.c: Cannot load LDAP RealTime driver.
[Jun  3 15:30:14] WARNING[1] res_config_pgsql.c: PostgreSQL RealTime: No database user found, using 'asterisk' as default.
[Jun  3 15:30:14] WARNING[1] res_config_pgsql.c: PostgreSQL RealTime: No database password found, using 'asterisk' as default.
[Jun  3 15:30:14] WARNING[1] res_config_pgsql.c: PostgreSQL RealTime: No database host found, using localhost via socket.
[Jun  3 15:30:14] WARNING[1] res_config_pgsql.c: PostgreSQL RealTime: No database name found, using 'asterisk' as default.
[Jun  3 15:30:14] WARNING[1] res_config_pgsql.c: PostgreSQL RealTime: No database port found, using 5432 as default.
[Jun  3 15:30:14] WARNING[1] res_config_pgsql.c: PostgreSQL RealTime: No database socket found, using '/tmp/.s.PGSQL.5432' as default.
[Jun  3 15:30:14] ERROR[1] res_config_pgsql.c: PostgreSQL RealTime: Failed to connect database asterisk on : 
[Jun  3 15:30:14] WARNING[1] res_config_pgsql.c: PostgreSQL RealTime: Couldn't establish connection. Check debug.
[Jun  3 15:30:14] NOTICE[1] cdr.c: CDR simple logging enabled.
[Jun  3 15:30:14] NOTICE[1] indications.c: Default country for indication tones: us
[Jun  3 15:30:14] NOTICE[1] indications.c: Setting default indication country to 'us'
[Jun  3 15:30:14] WARNING[1] res_musiconhold.c: No music on hold classes configured, disabling music on hold.
[Jun  3 15:30:14] NOTICE[1] res_smdi.c: No SMDI interfaces are available to listen on, not starting SMDI listener.
[Jun  3 15:30:14] WARNING[1] res_phoneprov.c: Unable to find a valid server address or name.
[Jun  3 15:30:15] NOTICE[1] confbridge/conf_config_parser.c: Adding default_menu menu to app_confbridge
[Jun  3 15:30:15] WARNING[1] cel_pgsql.c: CEL pgsql config file missing global section.
[Jun  3 15:30:15] NOTICE[1] cdr_pgsql.c: cdr_pgsql configuration contains no global section, skipping module load.
[Jun  3 15:30:15] NOTICE[1] cdrel_custom/config.c: cdr_custom.conf: Loaded 0 configs
[Jun  3 15:30:15] WARNING[1] config.c: parse error: No category context for line 64 of /etc/asterisk/cel_sqlite3_custom.conf
[Jun  3 15:30:15] ERROR[1] cdrel_custom/config.c: Unable to load cel_sqlite3_custom.conf. Not logging CELs to custom database
[Jun  3 15:30:15] NOTICE[1] cdrel_custom/config.c: cel_custom.conf: Loaded 0 configs
[Jun  3 15:30:15] NOTICE[1] cdrel_custom/config.c: cdr_sqlite3_custom.conf: Loaded 0 configs
[Jun  3 15:30:15] WARNING[1] ael/pval.c: Warning: file /etc/asterisk/extensions.ael, line 196-196: macro call to ael-dundi-e164 cannot be found in the AEL code!
[Jun  3 15:30:15] WARNING[1] ael/pval.c: Warning: file /etc/asterisk/extensions.ael, line 209-209: macro call to ael-dundi-e164 cannot be found in the AEL code!
[Jun  3 15:30:15] WARNING[1] ael/pval.c: Warning: file /etc/asterisk/extensions.ael, line 328-328: macro call to ael-std-exten-ael cannot be found in the AEL code!
[Jun  3 15:30:15] WARNING[1] loader.c: Some non-required modules failed to load.
[Jun  3 15:30:15] WARNING[1] loader.c: Module 'res_adsi' has been loaded but may be removed in a future release.
[Jun  3 15:30:15] WARNING[1] loader.c: Module 'app_getcpeid' has been loaded but may be removed in a future release.
[Jun  3 15:30:16] WARNING[1] loader.c: Module 'app_adsiprog' has been loaded but may be removed in a future release.
[Jun  3 15:30:16] ERROR[1] loader.c: Error loading module 'format_ogg_vorbis.so': libvorbisenc.so.2: cannot open shared object file: No such file or directory
[Jun  3 15:30:16] ERROR[1] loader.c: cdr_pgsql declined to load.
[Jun  3 15:30:16] ERROR[1] loader.c: cdr_custom declined to load.
[Jun  3 15:30:16] ERROR[1] loader.c: cel_sqlite3_custom declined to load.
[Jun  3 15:30:16] ERROR[1] loader.c: cel_custom declined to load.
[Jun  3 15:30:16] ERROR[1] loader.c: cdr_sqlite3_custom declined to load.
[Jun  3 15:30:16] WARNING[26] pbx_config.c: users.conf is deprecated and will be removed in a future version of Asterisk
[Jun  3 15:31:12] Asterisk 22.9.0 built by root @ buildkitsandbox on a x86_64 running Linux on 2026-05-20 09:05:33 UTC
[Jun  3 15:31:12] NOTICE[1] loader.c: 339 modules will be loaded.
[Jun  3 15:31:13] NOTICE[1] res_config_ldap.c: No directory user found, anonymous binding as default.
[Jun  3 15:31:13] ERROR[1] res_config_ldap.c: No directory URL or host found.
[Jun  3 15:31:13] ERROR[1] res_config_ldap.c: Cannot load LDAP RealTime driver.
[Jun  3 15:31:13] WARNING[1] res_config_pgsql.c: PostgreSQL RealTime: No database user found, using 'asterisk' as default.
[Jun  3 15:31:13] WARNING[1] res_config_pgsql.c: PostgreSQL RealTime: No database password found, using 'asterisk' as default.
[Jun  3 15:31:13] WARNING[1] res_config_pgsql.c: PostgreSQL RealTime: No database host found, using localhost via socket.
[Jun  3 15:31:13] WARNING[1] res_config_pgsql.c: PostgreSQL RealTime: No database name found, using 'asterisk' as default.
[Jun  3 15:31:13] WARNING[1] res_config_pgsql.c: PostgreSQL RealTime: No database port found, using 5432 as default.
[Jun  3 15:31:13] WARNING[1] res_config_pgsql.c: PostgreSQL RealTime: No database socket found, using '/tmp/.s.PGSQL.5432' as default.
[Jun  3 15:31:13] ERROR[1] res_config_pgsql.c: PostgreSQL RealTime: Failed to connect database asterisk on : 
[Jun  3 15:31:13] WARNING[1] res_config_pgsql.c: PostgreSQL RealTime: Couldn't establish connection. Check debug.
[Jun  3 15:31:13] NOTICE[1] cdr.c: CDR simple logging enabled.
[Jun  3 15:31:13] NOTICE[1] indications.c: Default country for indication tones: us
[Jun  3 15:31:13] NOTICE[1] indications.c: Setting default indication country to 'us'
[Jun  3 15:31:13] WARNING[1] res_musiconhold.c: No music on hold classes configured, disabling music on hold.
[Jun  3 15:31:13] NOTICE[1] res_smdi.c: No SMDI interfaces are available to listen on, not starting SMDI listener.
[Jun  3 15:31:13] WARNING[1] res_phoneprov.c: Unable to find a valid server address or name.
[Jun  3 15:31:14] NOTICE[1] confbridge/conf_config_parser.c: Adding default_menu menu to app_confbridge
[Jun  3 15:31:14] WARNING[1] cel_pgsql.c: CEL pgsql config file missing global section.
[Jun  3 15:31:14] NOTICE[1] cdr_pgsql.c: cdr_pgsql configuration contains no global section, skipping module load.
[Jun  3 15:31:14] NOTICE[1] cdrel_custom/config.c: cdr_custom.conf: Loaded 0 configs
[Jun  3 15:31:14] WARNING[1] config.c: parse error: No category context for line 64 of /etc/asterisk/cel_sqlite3_custom.conf
[Jun  3 15:31:14] ERROR[1] cdrel_custom/config.c: Unable to load cel_sqlite3_custom.conf. Not logging CELs to custom database
[Jun  3 15:31:14] NOTICE[1] cdrel_custom/config.c: cel_custom.conf: Loaded 0 configs
[Jun  3 15:31:14] NOTICE[1] cdrel_custom/config.c: cdr_sqlite3_custom.conf: Loaded 0 configs
[Jun  3 15:31:14] WARNING[1] ael/pval.c: Warning: file /etc/asterisk/extensions.ael, line 196-196: macro call to ael-dundi-e164 cannot be found in the AEL code!
[Jun  3 15:31:14] WARNING[1] ael/pval.c: Warning: file /etc/asterisk/extensions.ael, line 209-209: macro call to ael-dundi-e164 cannot be found in the AEL code!
[Jun  3 15:31:14] WARNING[1] ael/pval.c: Warning: file /etc/asterisk/extensions.ael, line 328-328: macro call to ael-std-exten-ael cannot be found in the AEL code!
[Jun  3 15:31:14] WARNING[1] loader.c: Some non-required modules failed to load.
[Jun  3 15:31:14] WARNING[1] loader.c: Module 'res_adsi' has been loaded but may be removed in a future release.
[Jun  3 15:31:14] WARNING[1] loader.c: Module 'app_getcpeid' has been loaded but may be removed in a future release.
[Jun  3 15:31:14] WARNING[1] loader.c: Module 'app_adsiprog' has been loaded but may be removed in a future release.
[Jun  3 15:31:14] ERROR[1] loader.c: Error loading module 'format_ogg_vorbis.so': libvorbisenc.so.2: cannot open shared object file: No such file or directory
[Jun  3 15:31:14] ERROR[1] loader.c: cdr_pgsql declined to load.
[Jun  3 15:31:14] ERROR[1] loader.c: cdr_custom declined to load.
[Jun  3 15:31:14] ERROR[1] loader.c: cel_sqlite3_custom declined to load.
[Jun  3 15:31:14] ERROR[1] loader.c: cel_custom declined to load.
[Jun  3 15:31:14] ERROR[1] loader.c: cdr_sqlite3_custom declined to load.
[Jun  3 15:31:14] WARNING[24] pbx_config.c: users.conf is deprecated and will be removed in a future version of Asterisk
[Jun  3 15:33:10] WARNING[133] res_http_websocket.c: Web socket closed abruptly
[Jun  3 15:33:10] WARNING[133] ari/ari_websockets.c: WebSocket read error: Success
[Jun  3 15:34:04] Asterisk 22.9.0 built by root @ buildkitsandbox on a x86_64 running Linux on 2026-05-20 09:05:33 UTC
[Jun  3 15:34:04] NOTICE[1] loader.c: 339 modules will be loaded.
[Jun  3 15:34:05] NOTICE[1] res_config_ldap.c: No directory user found, anonymous binding as default.
[Jun  3 15:34:05] ERROR[1] res_config_ldap.c: No directory URL or host found.
[Jun  3 15:34:05] ERROR[1] res_config_ldap.c: Cannot load LDAP RealTime driver.
[Jun  3 15:34:05] WARNING[1] res_config_pgsql.c: PostgreSQL RealTime: No database user found, using 'asterisk' as default.
[Jun  3 15:34:05] WARNING[1] res_config_pgsql.c: PostgreSQL RealTime: No database password found, using 'asterisk' as default.
[Jun  3 15:34:05] WARNING[1] res_config_pgsql.c: PostgreSQL RealTime: No database host found, using localhost via socket.
[Jun  3 15:34:05] WARNING[1] res_config_pgsql.c: PostgreSQL RealTime: No database name found, using 'asterisk' as default.
[Jun  3 15:34:05] WARNING[1] res_config_pgsql.c: PostgreSQL RealTime: No database port found, using 5432 as default.
[Jun  3 15:34:05] WARNING[1] res_config_pgsql.c: PostgreSQL RealTime: No database socket found, using '/tmp/.s.PGSQL.5432' as default.
[Jun  3 15:34:05] ERROR[1] res_config_pgsql.c: PostgreSQL RealTime: Failed to connect database asterisk on : 
[Jun  3 15:34:05] WARNING[1] res_config_pgsql.c: PostgreSQL RealTime: Couldn't establish connection. Check debug.
[Jun  3 15:34:05] NOTICE[1] cdr.c: CDR simple logging enabled.
[Jun  3 15:34:05] NOTICE[1] indications.c: Default country for indication tones: us
[Jun  3 15:34:05] NOTICE[1] indications.c: Setting default indication country to 'us'
[Jun  3 15:34:05] WARNING[1] res_musiconhold.c: No music on hold classes configured, disabling music on hold.
[Jun  3 15:34:05] NOTICE[1] res_smdi.c: No SMDI interfaces are available to listen on, not starting SMDI listener.
[Jun  3 15:34:05] WARNING[1] res_phoneprov.c: Unable to find a valid server address or name.
[Jun  3 15:34:06] NOTICE[1] confbridge/conf_config_parser.c: Adding default_menu menu to app_confbridge
[Jun  3 15:34:06] WARNING[1] cel_pgsql.c: CEL pgsql config file missing global section.
[Jun  3 15:34:06] NOTICE[1] cdr_pgsql.c: cdr_pgsql configuration contains no global section, skipping module load.
[Jun  3 15:34:06] NOTICE[1] cdrel_custom/config.c: cdr_custom.conf: Loaded 0 configs
[Jun  3 15:34:06] WARNING[1] config.c: parse error: No category context for line 64 of /etc/asterisk/cel_sqlite3_custom.conf
[Jun  3 15:34:06] ERROR[1] cdrel_custom/config.c: Unable to load cel_sqlite3_custom.conf. Not logging CELs to custom database
[Jun  3 15:34:06] NOTICE[1] cdrel_custom/config.c: cel_custom.conf: Loaded 0 configs
[Jun  3 15:34:06] NOTICE[1] cdrel_custom/config.c: cdr_sqlite3_custom.conf: Loaded 0 configs
[Jun  3 15:34:06] WARNING[1] ael/pval.c: Warning: file /etc/asterisk/extensions.ael, line 196-196: macro call to ael-dundi-e164 cannot be found in the AEL code!
[Jun  3 15:34:06] WARNING[1] ael/pval.c: Warning: file /etc/asterisk/extensions.ael, line 209-209: macro call to ael-dundi-e164 cannot be found in the AEL code!
[Jun  3 15:34:06] WARNING[1] ael/pval.c: Warning: file /etc/asterisk/extensions.ael, line 328-328: macro call to ael-std-exten-ael cannot be found in the AEL code!
[Jun  3 15:34:06] WARNING[1] loader.c: Some non-required modules failed to load.
[Jun  3 15:34:06] WARNING[1] loader.c: Module 'res_adsi' has been loaded but may be removed in a future release.
[Jun  3 15:34:06] WARNING[1] loader.c: Module 'app_getcpeid' has been loaded but may be removed in a future release.
[Jun  3 15:34:06] WARNING[1] loader.c: Module 'app_adsiprog' has been loaded but may be removed in a future release.
[Jun  3 15:34:06] ERROR[1] loader.c: Error loading module 'format_ogg_vorbis.so': libvorbisenc.so.2: cannot open shared object file: No such file or directory
[Jun  3 15:34:06] ERROR[1] loader.c: cdr_pgsql declined to load.
[Jun  3 15:34:06] ERROR[1] loader.c: cdr_custom declined to load.
[Jun  3 15:34:06] ERROR[1] loader.c: cel_sqlite3_custom declined to load.
[Jun  3 15:34:06] ERROR[1] loader.c: cel_custom declined to load.
[Jun  3 15:34:06] ERROR[1] loader.c: cdr_sqlite3_custom declined to load.
[Jun  3 15:34:06] WARNING[25] pbx_config.c: users.conf is deprecated and will be removed in a future version of Asterisk
[Jun  3 15:35:47] ERROR[47] res_pjsip.c: Endpoint '100': Could not create dialog to invalid URI '100'.  Is endpoint registered and reachable?
[Jun  3 15:35:47] ERROR[47] chan_pjsip.c: Failed to create outgoing session to endpoint '100'
[Jun  3 15:36:18] WARNING[133] res_http_websocket.c: Web socket closed abruptly
[Jun  3 15:36:18] WARNING[133] ari/ari_websockets.c: WebSocket read error: Success
[Jun  3 15:37:13] Asterisk 22.9.0 built by root @ buildkitsandbox on a x86_64 running Linux on 2026-05-20 09:05:33 UTC
[Jun  3 15:37:14] NOTICE[1] loader.c: 339 modules will be loaded.
[Jun  3 15:37:14] NOTICE[1] res_config_ldap.c: No directory user found, anonymous binding as default.
[Jun  3 15:37:14] ERROR[1] res_config_ldap.c: No directory URL or host found.
[Jun  3 15:37:14] ERROR[1] res_config_ldap.c: Cannot load LDAP RealTime driver.
[Jun  3 15:37:14] WARNING[1] res_config_pgsql.c: PostgreSQL RealTime: No database user found, using 'asterisk' as default.
[Jun  3 15:37:14] WARNING[1] res_config_pgsql.c: PostgreSQL RealTime: No database password found, using 'asterisk' as default.
[Jun  3 15:37:14] WARNING[1] res_config_pgsql.c: PostgreSQL RealTime: No database host found, using localhost via socket.
[Jun  3 15:37:14] WARNING[1] res_config_pgsql.c: PostgreSQL RealTime: No database name found, using 'asterisk' as default.
[Jun  3 15:37:14] WARNING[1] res_config_pgsql.c: PostgreSQL RealTime: No database port found, using 5432 as default.
[Jun  3 15:37:14] WARNING[1] res_config_pgsql.c: PostgreSQL RealTime: No database socket found, using '/tmp/.s.PGSQL.5432' as default.
[Jun  3 15:37:14] ERROR[1] res_config_pgsql.c: PostgreSQL RealTime: Failed to connect database asterisk on : 
[Jun  3 15:37:14] WARNING[1] res_config_pgsql.c: PostgreSQL RealTime: Couldn't establish connection. Check debug.
[Jun  3 15:37:14] NOTICE[1] cdr.c: CDR simple logging enabled.
[Jun  3 15:37:14] NOTICE[1] indications.c: Default country for indication tones: us
[Jun  3 15:37:14] NOTICE[1] indications.c: Setting default indication country to 'us'
[Jun  3 15:37:15] WARNING[1] res_musiconhold.c: No music on hold classes configured, disabling music on hold.
[Jun  3 15:37:15] NOTICE[1] res_smdi.c: No SMDI interfaces are available to listen on, not starting SMDI listener.
[Jun  3 15:37:15] WARNING[1] res_phoneprov.c: Unable to find a valid server address or name.
[Jun  3 15:37:15] NOTICE[1] confbridge/conf_config_parser.c: Adding default_menu menu to app_confbridge
[Jun  3 15:37:15] WARNING[1] cel_pgsql.c: CEL pgsql config file missing global section.
[Jun  3 15:37:15] NOTICE[1] cdr_pgsql.c: cdr_pgsql configuration contains no global section, skipping module load.
[Jun  3 15:37:15] NOTICE[1] cdrel_custom/config.c: cdr_custom.conf: Loaded 0 configs
[Jun  3 15:37:15] WARNING[1] config.c: parse error: No category context for line 64 of /etc/asterisk/cel_sqlite3_custom.conf
[Jun  3 15:37:15] ERROR[1] cdrel_custom/config.c: Unable to load cel_sqlite3_custom.conf. Not logging CELs to custom database
[Jun  3 15:37:15] NOTICE[1] cdrel_custom/config.c: cel_custom.conf: Loaded 0 configs
[Jun  3 15:37:15] NOTICE[1] cdrel_custom/config.c: cdr_sqlite3_custom.conf: Loaded 0 configs
[Jun  3 15:37:15] WARNING[1] ael/pval.c: Warning: file /etc/asterisk/extensions.ael, line 196-196: macro call to ael-dundi-e164 cannot be found in the AEL code!
[Jun  3 15:37:15] WARNING[1] ael/pval.c: Warning: file /etc/asterisk/extensions.ael, line 209-209: macro call to ael-dundi-e164 cannot be found in the AEL code!
[Jun  3 15:37:15] WARNING[1] ael/pval.c: Warning: file /etc/asterisk/extensions.ael, line 328-328: macro call to ael-std-exten-ael cannot be found in the AEL code!
[Jun  3 15:37:15] WARNING[1] loader.c: Some non-required modules failed to load.
[Jun  3 15:37:15] WARNING[1] loader.c: Module 'res_adsi' has been loaded but may be removed in a future release.
[Jun  3 15:37:15] WARNING[1] loader.c: Module 'app_getcpeid' has been loaded but may be removed in a future release.
[Jun  3 15:37:15] WARNING[1] loader.c: Module 'app_adsiprog' has been loaded but may be removed in a future release.
[Jun  3 15:37:15] ERROR[1] loader.c: Error loading module 'format_ogg_vorbis.so': libvorbisenc.so.2: cannot open shared object file: No such file or directory
[Jun  3 15:37:15] ERROR[1] loader.c: cdr_pgsql declined to load.
[Jun  3 15:37:15] ERROR[1] loader.c: cdr_custom declined to load.
[Jun  3 15:37:15] ERROR[1] loader.c: cel_sqlite3_custom declined to load.
[Jun  3 15:37:15] ERROR[1] loader.c: cel_custom declined to load.
[Jun  3 15:37:15] ERROR[1] loader.c: cdr_sqlite3_custom declined to load.
[Jun  3 15:37:15] WARNING[24] pbx_config.c: users.conf is deprecated and will be removed in a future version of Asterisk
[Jun  3 15:44:37] ERROR[44] cdr_csv.c: Unable to open file /var/log/asterisk//cdr-csv//Master.csv : No such file or directory
[Jun  3 15:44:37] WARNING[44] cdr_csv.c: Unable to write CSV record to master '/var/log/asterisk//cdr-csv//Master.csv' : No such file or directory
[Jun  3 15:56:32] WARNING[1552] stasis/app.c: Not creating context 'stasis-python' for Stasis application 'python' because it already exists
[Jun  3 17:15:59] WARNING[133] res_http_websocket.c: Web socket closed abruptly
[Jun  3 17:15:59] WARNING[133] ari/ari_websockets.c: WebSocket read error: Success
[Jun  3 17:16:03] ERROR[44] cdr_csv.c: Unable to open file /var/log/asterisk//cdr-csv//Master.csv : No such file or directory
[Jun  3 17:16:03] WARNING[44] cdr_csv.c: Unable to write CSV record to master '/var/log/asterisk//cdr-csv//Master.csv' : No such file or directory
